recording_id,person_id,name_en,name_zh,source,source_artist_id,release_group_id,title,first_release_date,primary_type,secondary_types,url,disambiguation
RC00001,FM001,Johann Joachim Quantz,約翰・約阿希姆・匡茲,MusicBrainz release-group API,b5f059a4-579a-44f2-ab49-d4008ba27930,00a9fc21-120b-479e-8e1f-4b6262118555,Flute Sonatas,2002-12,Album,,https://musicbrainz.org/release-group/00a9fc21-120b-479e-8e1f-4b6262118555,
RC00002,FM001,Johann Joachim Quantz,約翰・約阿希姆・匡茲,MusicBrainz release-group API,b5f059a4-579a-44f2-ab49-d4008ba27930,0cd86dac-70d6-4f6e-9991-c7609c0cb94f,Musik am Berliner Hof,1992,Album,,https://musicbrainz.org/release-group/0cd86dac-70d6-4f6e-9991-c7609c0cb94f,
RC00003,FM001,Johann Joachim Quantz,約翰・約阿希姆・匡茲,MusicBrainz release-group API,b5f059a4-579a-44f2-ab49-d4008ba27930,153a57da-1089-43d7-87cf-8b79e906ec84,"Meditation, Volume 4",1992,Album,Compilation,https://musicbrainz.org/release-group/153a57da-1089-43d7-87cf-8b79e906ec84,
RC00004,FM001,Johann Joachim Quantz,約翰・約阿希姆・匡茲,MusicBrainz release-group API,b5f059a4-579a-44f2-ab49-d4008ba27930,185b37b2-b6f5-43d1-a326-95c64bc6ce21,Baroque Flute Sonatas on Historical Instruments,,Album,,https://musicbrainz.org/release-group/185b37b2-b6f5-43d1-a326-95c64bc6ce21,
RC00005,FM001,Johann Joachim Quantz,約翰・約阿希姆・匡茲,MusicBrainz release-group API,b5f059a4-579a-44f2-ab49-d4008ba27930,1a15dc91-3a80-4329-9d82-a7e867298fd1,The Solists of the Virtuosi Saxoniae,2002-01-15,Album,,https://musicbrainz.org/release-group/1a15dc91-3a80-4329-9d82-a7e867298fd1,
RC00006,FM001,Johann Joachim Quantz,約翰・約阿希姆・匡茲,MusicBrainz release-group API,b5f059a4-579a-44f2-ab49-d4008ba27930,1fbb00a1-d23e-4f6c-be5c-79683efa997d,Trio Sonatas,2022-07-15,Album,,https://musicbrainz.org/release-group/1fbb00a1-d23e-4f6c-be5c-79683efa997d,
RC00007,FM001,Johann Joachim Quantz,約翰・約阿希姆・匡茲,MusicBrainz release-group API,b5f059a4-579a-44f2-ab49-d4008ba27930,22263d94-0cd4-4274-b3f9-cb46896806e6,Flute Sonatas,1997,Album,,https://musicbrainz.org/release-group/22263d94-0cd4-4274-b3f9-cb46896806e6,
RC00008,FM001,Johann Joachim Quantz,約翰・約阿希姆・匡茲,MusicBrainz release-group API,b5f059a4-579a-44f2-ab49-d4008ba27930,299d3be7-0d6e-4d8a-ac35-b4ca9f90955a,"Music by C.P.E. Bach, Quantz, Telemann & Vivaldi",,Album,Compilation,https://musicbrainz.org/release-group/299d3be7-0d6e-4d8a-ac35-b4ca9f90955a,
RC00009,FM001,Johann Joachim Quantz,約翰・約阿希姆・匡茲,MusicBrainz release-group API,b5f059a4-579a-44f2-ab49-d4008ba27930,3cc5ed18-7322-4896-9116-c92a6b84c064,Heifetz Plays Baroque,,Album,,https://musicbrainz.org/release-group/3cc5ed18-7322-4896-9116-c92a6b84c064,
RC00010,FM001,Johann Joachim Quantz,約翰・約阿希姆・匡茲,MusicBrainz release-group API,b5f059a4-579a-44f2-ab49-d4008ba27930,4d752b15-6cb5-3b07-a68d-b0d7348196d4,"7 Sonatas for Flute and Basso Continuo (baroque flute: Benedek Csalog, harpsichord: Rita Papp)",2002,Album,,https://musicbrainz.org/release-group/4d752b15-6cb5-3b07-a68d-b0d7348196d4,
RC00011,FM001,Johann Joachim Quantz,約翰・約阿希姆・匡茲,MusicBrainz release-group API,b5f059a4-579a-44f2-ab49-d4008ba27930,65ced967-d95a-438e-b68d-cfb9d904e8e6,Musik in Sanssouci,,Album,,https://musicbrainz.org/release-group/65ced967-d95a-438e-b68d-cfb9d904e8e6,
RC00012,FM001,Johann Joachim Quantz,約翰・約阿希姆・匡茲,MusicBrainz release-group API,b5f059a4-579a-44f2-ab49-d4008ba27930,730c4553-fd5c-403a-949f-9614c38e08db,Flute Sonatas nos. 272-277,2009-07,Album,,https://musicbrainz.org/release-group/730c4553-fd5c-403a-949f-9614c38e08db,
RC00013,FM001,Johann Joachim Quantz,約翰・約阿希姆・匡茲,MusicBrainz release-group API,b5f059a4-579a-44f2-ab49-d4008ba27930,81771512-fe6b-470d-8995-80389d819ea5,Four Concertos for Flute,2000,Album,,https://musicbrainz.org/release-group/81771512-fe6b-470d-8995-80389d819ea5,
RC00014,FM001,Johann Joachim Quantz,約翰・約阿希姆・匡茲,MusicBrainz release-group API,b5f059a4-579a-44f2-ab49-d4008ba27930,91ea7f2a-4182-4585-85b8-78e28f3e1d9a,Dresden,2017-09,Album,,https://musicbrainz.org/release-group/91ea7f2a-4182-4585-85b8-78e28f3e1d9a,
RC00015,FM001,Johann Joachim Quantz,約翰・約阿希姆・匡茲,MusicBrainz release-group API,b5f059a4-579a-44f2-ab49-d4008ba27930,ab621207-f134-3d44-87b6-1b464056665a,Baroque Highlights,1990-08-15,Album,Compilation,https://musicbrainz.org/release-group/ab621207-f134-3d44-87b6-1b464056665a,"Baroque Treasuries, Vol. 10"
RC00016,FM001,Johann Joachim Quantz,約翰・約阿希姆・匡茲,MusicBrainz release-group API,b5f059a4-579a-44f2-ab49-d4008ba27930,acec6c4b-b4f6-4b74-bdb9-5b1d0c3c93f6,"Syrinx Plays Bach, Mozart, Quantz",1985,Album,,https://musicbrainz.org/release-group/acec6c4b-b4f6-4b74-bdb9-5b1d0c3c93f6,
RC00017,FM001,Johann Joachim Quantz,約翰・約阿希姆・匡茲,MusicBrainz release-group API,b5f059a4-579a-44f2-ab49-d4008ba27930,ae6f5075-8727-489a-a927-93f3fd135e2f,"Heinichen: CONCERTI ""per l'orchestra di Dresda"" / Veracini / Pisendel / Quantz / Fasch / Dieupart",1995-10-02,Album,,https://musicbrainz.org/release-group/ae6f5075-8727-489a-a927-93f3fd135e2f,
RC00018,FM001,Johann Joachim Quantz,約翰・約阿希姆・匡茲,MusicBrainz release-group API,b5f059a4-579a-44f2-ab49-d4008ba27930,d210e3dc-38b2-4b17-aa53-5669ae737add,Flute Concertos,1998-08-26,Album,,https://musicbrainz.org/release-group/d210e3dc-38b2-4b17-aa53-5669ae737add,
RC00019,FM001,Johann Joachim Quantz,約翰・約阿希姆・匡茲,MusicBrainz release-group API,b5f059a4-579a-44f2-ab49-d4008ba27930,da6efd09-6aa8-346e-8f5a-d35b6a27f3ac,4 Concertos,1991-03,Album,,https://musicbrainz.org/release-group/da6efd09-6aa8-346e-8f5a-d35b6a27f3ac,
RC00020,FM001,Johann Joachim Quantz,約翰・約阿希姆・匡茲,MusicBrainz release-group API,b5f059a4-579a-44f2-ab49-d4008ba27930,da7a0b82-a01a-4b5e-bd81-b80a889999bb,Musik von den Königshöfen,1992,Album,Compilation,https://musicbrainz.org/release-group/da7a0b82-a01a-4b5e-bd81-b80a889999bb,
RC00021,FM001,Johann Joachim Quantz,約翰・約阿希姆・匡茲,MusicBrainz release-group API,b5f059a4-579a-44f2-ab49-d4008ba27930,e34dce28-6b51-481f-a043-f34164e5d1bf,Florilegium Musicale,1991,Album,,https://musicbrainz.org/release-group/e34dce28-6b51-481f-a043-f34164e5d1bf,
RC00022,FM001,Johann Joachim Quantz,約翰・約阿希姆・匡茲,MusicBrainz release-group API,b5f059a4-579a-44f2-ab49-d4008ba27930,e953d502-22a5-48e0-ab50-6eedf7b2c4bd,Six Flute Quartets,2004,Album,,https://musicbrainz.org/release-group/e953d502-22a5-48e0-ab50-6eedf7b2c4bd,
RC00023,FM001,Johann Joachim Quantz,約翰・約阿希姆・匡茲,MusicBrainz release-group API,b5f059a4-579a-44f2-ab49-d4008ba27930,f8a6fb0f-574c-49eb-bf2e-49d0b8bcc078,Flute Concertos,2013-07,Album,,https://musicbrainz.org/release-group/f8a6fb0f-574c-49eb-bf2e-49d0b8bcc078,
RC00024,FM007,Paul Taffanel,保羅・塔法奈爾,MusicBrainz release-group API,b81c7ece-a099-44a7-95d1-0d4a14cd9e06,06bd4b62-dbf9-47f8-97ef-95b8104d576e,Fantasies,2016-06-03,Album,,https://musicbrainz.org/release-group/06bd4b62-dbf9-47f8-97ef-95b8104d576e,
RC00025,FM007,Paul Taffanel,保羅・塔法奈爾,MusicBrainz release-group API,b81c7ece-a099-44a7-95d1-0d4a14cd9e06,1652658c-0e03-450b-a858-4e59fae26397,Danses et Divertissements,2009-05-26,Album,,https://musicbrainz.org/release-group/1652658c-0e03-450b-a858-4e59fae26397,
RC00026,FM007,Paul Taffanel,保羅・塔法奈爾,MusicBrainz release-group API,b81c7ece-a099-44a7-95d1-0d4a14cd9e06,f9b99571-7f7e-48d3-9c12-065fb4d2b103,A Program of French Woodwind Music,,Other,Live,https://musicbrainz.org/release-group/f9b99571-7f7e-48d3-9c12-065fb4d2b103,
RC00027,FM008,Philippe Gaubert,菲利普・高貝爾,MusicBrainz release-group API,cf802e2a-085c-4a83-ad19-5443900804a7,1cb1c7f0-25e9-4079-a4a6-9f83fd72d2ea,Au pays Basque / Concerto pour violon / Poème romanesque / Le Cortege d'Amphitrite,2011-06,Album,,https://musicbrainz.org/release-group/1cb1c7f0-25e9-4079-a4a6-9f83fd72d2ea,
RC00028,FM008,Philippe Gaubert,菲利普・高貝爾,MusicBrainz release-group API,cf802e2a-085c-4a83-ad19-5443900804a7,1df7034e-0f4b-4c30-9f67-d9adc173b00b,Works for Flute • 2,2004,Album,,https://musicbrainz.org/release-group/1df7034e-0f4b-4c30-9f67-d9adc173b00b,
RC00029,FM008,Philippe Gaubert,菲利普・高貝爾,MusicBrainz release-group API,cf802e2a-085c-4a83-ad19-5443900804a7,22645968-a546-4fa7-8535-bd20357f4043,Mélodies,2013-03-01,Album,,https://musicbrainz.org/release-group/22645968-a546-4fa7-8535-bd20357f4043,
RC00030,FM008,Philippe Gaubert,菲利普・高貝爾,MusicBrainz release-group API,cf802e2a-085c-4a83-ad19-5443900804a7,30dddfb8-8ca0-403f-9ea3-1b73a685a342,Musique de chambre avec flûte et piano,2014-06-09,Album,,https://musicbrainz.org/release-group/30dddfb8-8ca0-403f-9ea3-1b73a685a342,
RC00031,FM008,Philippe Gaubert,菲利普・高貝爾,MusicBrainz release-group API,cf802e2a-085c-4a83-ad19-5443900804a7,3a2a048d-f6bd-4cbf-9f48-c74978aea009,Romance de guerre,2018-02-23,Album,,https://musicbrainz.org/release-group/3a2a048d-f6bd-4cbf-9f48-c74978aea009,
RC00032,FM008,Philippe Gaubert,菲利普・高貝爾,MusicBrainz release-group API,cf802e2a-085c-4a83-ad19-5443900804a7,3e04ea8a-18a4-4a26-8d22-1fa366d97652,French Flute Sonatas,1999,Album,,https://musicbrainz.org/release-group/3e04ea8a-18a4-4a26-8d22-1fa366d97652,
RC00033,FM008,Philippe Gaubert,菲利普・高貝爾,MusicBrainz release-group API,cf802e2a-085c-4a83-ad19-5443900804a7,54796b9e-a0ed-4831-91b1-aff08dc5b572,Symphonie - Les Chants De La Mer - Concert En Fa,2008,Album,,https://musicbrainz.org/release-group/54796b9e-a0ed-4831-91b1-aff08dc5b572,
RC00034,FM008,Philippe Gaubert,菲利普・高貝爾,MusicBrainz release-group API,cf802e2a-085c-4a83-ad19-5443900804a7,7a80139a-680f-4ec8-898d-ba5085a58da3,Chamber Music,2009,Album,,https://musicbrainz.org/release-group/7a80139a-680f-4ec8-898d-ba5085a58da3,
RC00035,FM008,Philippe Gaubert,菲利普・高貝爾,MusicBrainz release-group API,cf802e2a-085c-4a83-ad19-5443900804a7,7d18f662-91af-4876-a5e8-46efca3a15c1,Chamber Music,2022-11-25,Album,,https://musicbrainz.org/release-group/7d18f662-91af-4876-a5e8-46efca3a15c1,
RC00036,FM008,Philippe Gaubert,菲利普・高貝爾,MusicBrainz release-group API,cf802e2a-085c-4a83-ad19-5443900804a7,9675f92d-1ad5-4545-b64b-010fd11ad346,Complete Works for Flute 1,2004-01-20,Album,,https://musicbrainz.org/release-group/9675f92d-1ad5-4545-b64b-010fd11ad346,
RC00037,FM008,Philippe Gaubert,菲利普・高貝爾,MusicBrainz release-group API,cf802e2a-085c-4a83-ad19-5443900804a7,abe1b9e8-2399-4684-b5a1-c2b96835abfb,Œuvres pour flûte,1990,Album,,https://musicbrainz.org/release-group/abe1b9e8-2399-4684-b5a1-c2b96835abfb,
RC00038,FM008,Philippe Gaubert,菲利普・高貝爾,MusicBrainz release-group API,cf802e2a-085c-4a83-ad19-5443900804a7,b950b47b-ba4b-49d7-848f-f66d686de0e6,Le temps retrouvé,2012-08-25,Album,,https://musicbrainz.org/release-group/b950b47b-ba4b-49d7-848f-f66d686de0e6,
RC00039,FM008,Philippe Gaubert,菲利普・高貝爾,MusicBrainz release-group API,cf802e2a-085c-4a83-ad19-5443900804a7,d17a98c6-43fc-4890-a9e0-265ca15021b2,Le Chevalier et la Damoiselle,2010,Album,,https://musicbrainz.org/release-group/d17a98c6-43fc-4890-a9e0-265ca15021b2,
RC00040,FM008,Philippe Gaubert,菲利普・高貝爾,MusicBrainz release-group API,cf802e2a-085c-4a83-ad19-5443900804a7,d9f2a69c-308b-4a3a-aeb3-d53c99f066be,Flûte à la française,1996,Album,Compilation,https://musicbrainz.org/release-group/d9f2a69c-308b-4a3a-aeb3-d53c99f066be,
RC00041,FM008,Philippe Gaubert,菲利普・高貝爾,MusicBrainz release-group API,cf802e2a-085c-4a83-ad19-5443900804a7,e162aa8b-fa3e-46c8-a686-473032995690,Daphnis et Chloé symphonic suite,1930,Album,,https://musicbrainz.org/release-group/e162aa8b-fa3e-46c8-a686-473032995690,
RC00042,FM008,Philippe Gaubert,菲利普・高貝爾,MusicBrainz release-group API,cf802e2a-085c-4a83-ad19-5443900804a7,e6963ae1-a66c-4d17-80a6-24abba29cf38,"Violon, Violoncelle & Piano",2014,Album,,https://musicbrainz.org/release-group/e6963ae1-a66c-4d17-80a6-24abba29cf38,
RC00043,FM008,Philippe Gaubert,菲利普・高貝爾,MusicBrainz release-group API,cf802e2a-085c-4a83-ad19-5443900804a7,fd2cc5d4-25ea-4b5d-8ae8-aa4354e0f6fb,Complete Works for Flute • 3,2006-03-21,Album,,https://musicbrainz.org/release-group/fd2cc5d4-25ea-4b5d-8ae8-aa4354e0f6fb,
RC00044,FM012,Marcel Moyse,馬塞爾・莫伊茲,MusicBrainz release-group API,fb617449-fbd2-453e-a7ba-736aed4f2acb,2c33ad80-7025-4968-97ef-cb7c3ecf8cc8,Instrumental Music: The Three Late Sonatas / Dances for Harp / Saxophone Rhapsody,1989,Album,Compilation,https://musicbrainz.org/release-group/2c33ad80-7025-4968-97ef-cb7c3ecf8cc8,
RC00045,FM012,Marcel Moyse,馬塞爾・莫伊茲,MusicBrainz release-group API,fb617449-fbd2-453e-a7ba-736aed4f2acb,444767bc-0e19-40cf-b753-43df2dcc0201,Serenade no. 10 K. 361 (Grand Partita) in B-flat for 13 Winds,1982,Album,,https://musicbrainz.org/release-group/444767bc-0e19-40cf-b753-43df2dcc0201,
RC00046,FM012,Marcel Moyse,馬塞爾・莫伊茲,MusicBrainz release-group API,fb617449-fbd2-453e-a7ba-736aed4f2acb,6e07e34e-96c5-4e39-8596-87c7b3ddf948,Concertos pour flûte,,Album,,https://musicbrainz.org/release-group/6e07e34e-96c5-4e39-8596-87c7b3ddf948,
RC00047,FM012,Marcel Moyse,馬塞爾・莫伊茲,MusicBrainz release-group API,fb617449-fbd2-453e-a7ba-736aed4f2acb,d85d3d94-bc98-4b48-bbd4-f38967c17fa6,"Serenade no. 10, K. 361 / Sonata for Bassoon & Cello, K. 292",1991-01-07,Album,,https://musicbrainz.org/release-group/d85d3d94-bc98-4b48-bbd4-f38967c17fa6,
RC00048,FM019,Julius Baker,朱利葉斯・貝克,MusicBrainz release-group API,f9096958-9149-43cb-a051-f54b59b46ee7,08f9309d-38b8-3ee2-b7c8-d3b4124af9ed,"The Virtuoso Flute, Vol. 1",2003,Album,,https://musicbrainz.org/release-group/08f9309d-38b8-3ee2-b7c8-d3b4124af9ed,
RC00049,FM019,Julius Baker,朱利葉斯・貝克,MusicBrainz release-group API,f9096958-9149-43cb-a051-f54b59b46ee7,3a6fd8fb-ac35-4d24-9f31-e23c28e3459c,Suites for Flute & Orchestra,,Album,,https://musicbrainz.org/release-group/3a6fd8fb-ac35-4d24-9f31-e23c28e3459c,
RC00050,FM019,Julius Baker,朱利葉斯・貝克,MusicBrainz release-group API,f9096958-9149-43cb-a051-f54b59b46ee7,53448b22-4a81-40cb-8aac-6fc51d18f213,"Franchetti: Three Italian Masques / Johnson: Trio for Flute, Oboe and Piano",2025-06-17,Album,,https://musicbrainz.org/release-group/53448b22-4a81-40cb-8aac-6fc51d18f213,
RC00051,FM019,Julius Baker,朱利葉斯・貝克,MusicBrainz release-group API,f9096958-9149-43cb-a051-f54b59b46ee7,7c298d5e-d79c-451c-94fb-779a3b990a4a,Concertos For Diverse Instruments,1992,Album,,https://musicbrainz.org/release-group/7c298d5e-d79c-451c-94fb-779a3b990a4a,
RC00052,FM019,Julius Baker,朱利葉斯・貝克,MusicBrainz release-group API,f9096958-9149-43cb-a051-f54b59b46ee7,8f8debaa-ce1c-43e8-9f75-a0fed27338b8,"Julius Baker in Recital, Volume 2",1995-05-18,Album,,https://musicbrainz.org/release-group/8f8debaa-ce1c-43e8-9f75-a0fed27338b8,
RC00053,FM019,Julius Baker,朱利葉斯・貝克,MusicBrainz release-group API,f9096958-9149-43cb-a051-f54b59b46ee7,fd010639-edb1-4f38-9302-d7ad8d14e4f7,"Debussy: Sonata for Flute, Viola and Harp / Syrinx for Unaccompanied Flute / Roussel: Trio for Flute, Viola and Cello, op. 40",1955,Album,,https://musicbrainz.org/release-group/fd010639-edb1-4f38-9302-d7ad8d14e4f7,
RC00054,FM019,Julius Baker,朱利葉斯・貝克,MusicBrainz release-group API,f9096958-9149-43cb-a051-f54b59b46ee7,fea92060-2d22-48f2-b8d7-8948f605bb92,Sonatas,,Album,,https://musicbrainz.org/release-group/fea92060-2d22-48f2-b8d7-8948f605bb92,
RC00055,FM020,Jean-Pierre Rampal,讓-皮耶・朗帕爾,MusicBrainz release-group API,4deb8a6c-38f1-47d6-9e75-ada1add9dd65,00d7dbf0-e7d9-4dfb-99d7-bd5788a36e51,矢代秋雄: ピアノ協奏曲 / 尾高尚忠:フルート協奏曲 / 吉松隆:ファゴット協奏曲,2012-06-20,Album,,https://musicbrainz.org/release-group/00d7dbf0-e7d9-4dfb-99d7-bd5788a36e51,
RC00056,FM020,Jean-Pierre Rampal,讓-皮耶・朗帕爾,MusicBrainz release-group API,4deb8a6c-38f1-47d6-9e75-ada1add9dd65,015a9761-4036-4d7b-8539-622411a9c414,Flute Concertos,2002-09-16,Album,,https://musicbrainz.org/release-group/015a9761-4036-4d7b-8539-622411a9c414,
RC00057,FM020,Jean-Pierre Rampal,讓-皮耶・朗帕爾,MusicBrainz release-group API,4deb8a6c-38f1-47d6-9e75-ada1add9dd65,048827bc-1fe9-412c-a8a8-3f2f0172e81d,Clarinet Concertos / Sinfonia Concertante,1994-09-27,Album,,https://musicbrainz.org/release-group/048827bc-1fe9-412c-a8a8-3f2f0172e81d,
RC00058,FM020,Jean-Pierre Rampal,讓-皮耶・朗帕爾,MusicBrainz release-group API,4deb8a6c-38f1-47d6-9e75-ada1add9dd65,05f642d8-69f0-4393-99a7-2cd1cab09421,Barocke Pracht Festliche Konzerte von Johann Sebastian Bach,1997,Album,,https://musicbrainz.org/release-group/05f642d8-69f0-4393-99a7-2cd1cab09421,
RC00059,FM020,Jean-Pierre Rampal,讓-皮耶・朗帕爾,MusicBrainz release-group API,4deb8a6c-38f1-47d6-9e75-ada1add9dd65,087d000f-3337-3e45-b50b-2aed2ccd2fbf,"Symphonie Concertante, K. 297B / Concerto for Flute & Harp, K. 299",1988,Album,,https://musicbrainz.org/release-group/087d000f-3337-3e45-b50b-2aed2ccd2fbf,
RC00060,FM020,Jean-Pierre Rampal,讓-皮耶・朗帕爾,MusicBrainz release-group API,4deb8a6c-38f1-47d6-9e75-ada1add9dd65,0a4b0c3d-e0bd-4a30-a565-17f2b295581a,Barocke Konzerte,2007-03-16,Album,,https://musicbrainz.org/release-group/0a4b0c3d-e0bd-4a30-a565-17f2b295581a,
RC00061,FM020,Jean-Pierre Rampal,讓-皮耶・朗帕爾,MusicBrainz release-group API,4deb8a6c-38f1-47d6-9e75-ada1add9dd65,0b3ba798-810c-47d7-943f-4159b7c01c47,Pleyel: Clarinet Concertos / Danzi: Sinfonia Concertante,1994,Album,,https://musicbrainz.org/release-group/0b3ba798-810c-47d7-943f-4159b7c01c47,
RC00062,FM020,Jean-Pierre Rampal,讓-皮耶・朗帕爾,MusicBrainz release-group API,4deb8a6c-38f1-47d6-9e75-ada1add9dd65,0c8d81b7-4184-3a49-85b0-2132acf6acf4,"Japanese Melodies, Volume 3",1984,Album,,https://musicbrainz.org/release-group/0c8d81b7-4184-3a49-85b0-2132acf6acf4,
RC00063,FM020,Jean-Pierre Rampal,讓-皮耶・朗帕爾,MusicBrainz release-group API,4deb8a6c-38f1-47d6-9e75-ada1add9dd65,0fa3f9f9-fdac-440b-877d-13f387d02eaf,Flute Concertos / Suite in E minor,1987,Album,,https://musicbrainz.org/release-group/0fa3f9f9-fdac-440b-877d-13f387d02eaf,
RC00064,FM020,Jean-Pierre Rampal,讓-皮耶・朗帕爾,MusicBrainz release-group API,4deb8a6c-38f1-47d6-9e75-ada1add9dd65,101ee76b-e617-43fb-9b88-e9f9f3f881bd,"Romantic Harp Concertos : Boieldieu, Parish Alvars, Viotti",1995,Album,,https://musicbrainz.org/release-group/101ee76b-e617-43fb-9b88-e9f9f3f881bd,
RC00065,FM020,Jean-Pierre Rampal,讓-皮耶・朗帕爾,MusicBrainz release-group API,4deb8a6c-38f1-47d6-9e75-ada1add9dd65,135e20bc-bb3f-3fd2-8a66-0a8b17925ff1,Jean-Pierre Rampal plays Vivaldi’s The Four Seasons and more,1993,Album,,https://musicbrainz.org/release-group/135e20bc-bb3f-3fd2-8a66-0a8b17925ff1,
RC00066,FM020,Jean-Pierre Rampal,讓-皮耶・朗帕爾,MusicBrainz release-group API,4deb8a6c-38f1-47d6-9e75-ada1add9dd65,146a79be-eafc-4983-aa17-dc3f96f32ee6,The Romantic Flute,1993-11-30,Album,,https://musicbrainz.org/release-group/146a79be-eafc-4983-aa17-dc3f96f32ee6,
RC00067,FM020,Jean-Pierre Rampal,讓-皮耶・朗帕爾,MusicBrainz release-group API,4deb8a6c-38f1-47d6-9e75-ada1add9dd65,16f4e0a9-5b0c-49a6-a744-1b7149fcfd53,Guitar Concerto No.4 In F / Guitar Concerto In A,1982,Album,,https://musicbrainz.org/release-group/16f4e0a9-5b0c-49a6-a744-1b7149fcfd53,
RC00068,FM020,Jean-Pierre Rampal,讓-皮耶・朗帕爾,MusicBrainz release-group API,4deb8a6c-38f1-47d6-9e75-ada1add9dd65,18e7ce21-0487-480d-b9af-b5865f36a2d5,Bach: Flute Concertos,,Album,,https://musicbrainz.org/release-group/18e7ce21-0487-480d-b9af-b5865f36a2d5,
RC00069,FM020,Jean-Pierre Rampal,讓-皮耶・朗帕爾,MusicBrainz release-group API,4deb8a6c-38f1-47d6-9e75-ada1add9dd65,191b004b-fd5e-3aec-8cc6-e506ff86fe66,"Concerto for Flute and Harp in C major, K. 299 / Concerto for Clarinet in A major, K. 622",,Album,,https://musicbrainz.org/release-group/191b004b-fd5e-3aec-8cc6-e506ff86fe66,
RC00070,FM020,Jean-Pierre Rampal,讓-皮耶・朗帕爾,MusicBrainz release-group API,4deb8a6c-38f1-47d6-9e75-ada1add9dd65,1daa9880-3312-42fa-b1b9-e9a66fa2136a,Les Concertos Pour Flûte-Piccolo,,Album,,https://musicbrainz.org/release-group/1daa9880-3312-42fa-b1b9-e9a66fa2136a,
RC00071,FM020,Jean-Pierre Rampal,讓-皮耶・朗帕爾,MusicBrainz release-group API,4deb8a6c-38f1-47d6-9e75-ada1add9dd65,1f100760-41c2-46da-9735-2b87fa845a8a,"Pergolesi Flute Concerti Ns 1&2, Concerti Armonici Nos 5&6",,Album,,https://musicbrainz.org/release-group/1f100760-41c2-46da-9735-2b87fa845a8a,
RC00072,FM020,Jean-Pierre Rampal,讓-皮耶・朗帕爾,MusicBrainz release-group API,4deb8a6c-38f1-47d6-9e75-ada1add9dd65,237ac16b-dcae-4b83-a68d-afd9cc225f5a,Flute Concertos,,Album,,https://musicbrainz.org/release-group/237ac16b-dcae-4b83-a68d-afd9cc225f5a,
RC00073,FM020,Jean-Pierre Rampal,讓-皮耶・朗帕爾,MusicBrainz release-group API,4deb8a6c-38f1-47d6-9e75-ada1add9dd65,24028ef1-0c06-4b72-8729-063303124426,6 Double Concertos,1990,Album,,https://musicbrainz.org/release-group/24028ef1-0c06-4b72-8729-063303124426,
RC00074,FM020,Jean-Pierre Rampal,讓-皮耶・朗帕爾,MusicBrainz release-group API,4deb8a6c-38f1-47d6-9e75-ada1add9dd65,2569e2dd-39bb-4e75-b5fe-1c592c1b45db,An Isaac Stern Vivaldi Gala,1983,Album,,https://musicbrainz.org/release-group/2569e2dd-39bb-4e75-b5fe-1c592c1b45db,
RC00075,FM020,Jean-Pierre Rampal,讓-皮耶・朗帕爾,MusicBrainz release-group API,4deb8a6c-38f1-47d6-9e75-ada1add9dd65,26237a53-eb3a-4c4f-8db1-f885ec9caec5,"Brandenburg Concertos 4-6, BWV 1049-1051 / Orchestral Suite no. 2, BWV 1067",2004-08-23,Album,,https://musicbrainz.org/release-group/26237a53-eb3a-4c4f-8db1-f885ec9caec5,
RC00076,FM020,Jean-Pierre Rampal,讓-皮耶・朗帕爾,MusicBrainz release-group API,4deb8a6c-38f1-47d6-9e75-ada1add9dd65,26a59a25-7591-4492-8275-b5e476d8725c,Flute et Harpe,1958,Album,,https://musicbrainz.org/release-group/26a59a25-7591-4492-8275-b5e476d8725c,
RC00077,FM020,Jean-Pierre Rampal,讓-皮耶・朗帕爾,MusicBrainz release-group API,4deb8a6c-38f1-47d6-9e75-ada1add9dd65,2de1f02b-b55a-45e5-9c46-73ec390d6169,Fantasie Pastorale Hongroise: Flute Master Pieces,2005-06-22,Album,,https://musicbrainz.org/release-group/2de1f02b-b55a-45e5-9c46-73ec390d6169,
RC00078,FM020,Jean-Pierre Rampal,讓-皮耶・朗帕爾,MusicBrainz release-group API,4deb8a6c-38f1-47d6-9e75-ada1add9dd65,33d0ee86-0cb7-40b6-90f9-5ee21ade1676,The Flute Quartets,1987,Album,,https://musicbrainz.org/release-group/33d0ee86-0cb7-40b6-90f9-5ee21ade1676,
RC00079,FM020,Jean-Pierre Rampal,讓-皮耶・朗帕爾,MusicBrainz release-group API,4deb8a6c-38f1-47d6-9e75-ada1add9dd65,39cfc5c3-dd1d-4c72-a5ed-3322fb5490bf,20th Century Flute Master Pieces,1992,Album,,https://musicbrainz.org/release-group/39cfc5c3-dd1d-4c72-a5ed-3322fb5490bf,
RC00080,FM020,Jean-Pierre Rampal,讓-皮耶・朗帕爾,MusicBrainz release-group API,4deb8a6c-38f1-47d6-9e75-ada1add9dd65,40866e93-b06e-31ba-b8a1-65af0b94c0be,Flute Quartets,,Album,,https://musicbrainz.org/release-group/40866e93-b06e-31ba-b8a1-65af0b94c0be,
RC00081,FM020,Jean-Pierre Rampal,讓-皮耶・朗帕爾,MusicBrainz release-group API,4deb8a6c-38f1-47d6-9e75-ada1add9dd65,42af385a-5771-4cf8-9992-3829fbafe9a1,Three Concertos for Flute,1990,Album,,https://musicbrainz.org/release-group/42af385a-5771-4cf8-9992-3829fbafe9a1,
RC00082,FM020,Jean-Pierre Rampal,讓-皮耶・朗帕爾,MusicBrainz release-group API,4deb8a6c-38f1-47d6-9e75-ada1add9dd65,448c7cc3-a5f6-4c66-ab7b-2186e5b73800,Pièces de clavecin en concerts avec flûte et violon,1990,Album,,https://musicbrainz.org/release-group/448c7cc3-a5f6-4c66-ab7b-2186e5b73800,
RC00083,FM020,Jean-Pierre Rampal,讓-皮耶・朗帕爾,MusicBrainz release-group API,4deb8a6c-38f1-47d6-9e75-ada1add9dd65,45ef4bda-e2e7-375a-b90c-3bad3a9ce30a,Suite for Chamber Orchestra and Jazz Piano Trio,1983,Album,,https://musicbrainz.org/release-group/45ef4bda-e2e7-375a-b90c-3bad3a9ce30a,
RC00084,FM020,Jean-Pierre Rampal,讓-皮耶・朗帕爾,MusicBrainz release-group API,4deb8a6c-38f1-47d6-9e75-ada1add9dd65,4690686c-c7f1-42d0-9891-c1c01a0f7b24,"Divertimento in D / Quintet in D Major / Andante for Mechanical Organ / Adagio & Rondo, K.617",1991,Album,,https://musicbrainz.org/release-group/4690686c-c7f1-42d0-9891-c1c01a0f7b24,
RC00085,FM020,Jean-Pierre Rampal,讓-皮耶・朗帕爾,MusicBrainz release-group API,4deb8a6c-38f1-47d6-9e75-ada1add9dd65,4b394ef0-8212-4d3c-b59c-a0373718101e,Concertos pour flûte et harpe,1999,Album,,https://musicbrainz.org/release-group/4b394ef0-8212-4d3c-b59c-a0373718101e,
RC00086,FM020,Jean-Pierre Rampal,讓-皮耶・朗帕爾,MusicBrainz release-group API,4deb8a6c-38f1-47d6-9e75-ada1add9dd65,4fa6f210-ccae-4d02-bffb-d6f03d833d34,Magic Flutes,1998-10-25,Album,,https://musicbrainz.org/release-group/4fa6f210-ccae-4d02-bffb-d6f03d833d34,
RC00087,FM020,Jean-Pierre Rampal,讓-皮耶・朗帕爾,MusicBrainz release-group API,4deb8a6c-38f1-47d6-9e75-ada1add9dd65,50891554-1818-4cf7-b7b3-0c1b1499f17e,"Concerti per flauto, opus X",1986,Album,,https://musicbrainz.org/release-group/50891554-1818-4cf7-b7b3-0c1b1499f17e,
RC00088,FM020,Jean-Pierre Rampal,讓-皮耶・朗帕爾,MusicBrainz release-group API,4deb8a6c-38f1-47d6-9e75-ada1add9dd65,50eac4cc-7eab-3eb2-91ea-a73392f19035,The Art of the Flute,1995,Album,,https://musicbrainz.org/release-group/50eac4cc-7eab-3eb2-91ea-a73392f19035,
RC00089,FM020,Jean-Pierre Rampal,讓-皮耶・朗帕爾,MusicBrainz release-group API,4deb8a6c-38f1-47d6-9e75-ada1add9dd65,514df92c-73d4-3d73-96cd-56c15021bd13,Flauto - Le più belle pagine,2001,Album,,https://musicbrainz.org/release-group/514df92c-73d4-3d73-96cd-56c15021bd13,
RC00090,FM020,Jean-Pierre Rampal,讓-皮耶・朗帕爾,MusicBrainz release-group API,4deb8a6c-38f1-47d6-9e75-ada1add9dd65,529ca74c-367e-43b7-b167-2b4ae240fdf9,La Flûte à Versailles,2001,Album,,https://musicbrainz.org/release-group/529ca74c-367e-43b7-b167-2b4ae240fdf9,
RC00091,FM020,Jean-Pierre Rampal,讓-皮耶・朗帕爾,MusicBrainz release-group API,4deb8a6c-38f1-47d6-9e75-ada1add9dd65,53cb69e8-4fcf-4afa-b571-d686badae835,Trois concertos,1967,Album,,https://musicbrainz.org/release-group/53cb69e8-4fcf-4afa-b571-d686badae835,
RC00092,FM020,Jean-Pierre Rampal,讓-皮耶・朗帕爾,MusicBrainz release-group API,4deb8a6c-38f1-47d6-9e75-ada1add9dd65,545b7060-88e9-34c4-9cae-de0619fdcc3f,"Deux concertos pour flûte et orchestre, KV. 313, 314 / Andante pour Flute et Orchestra, KV. 315",,Album,,https://musicbrainz.org/release-group/545b7060-88e9-34c4-9cae-de0619fdcc3f,
RC00093,FM020,Jean-Pierre Rampal,讓-皮耶・朗帕爾,MusicBrainz release-group API,4deb8a6c-38f1-47d6-9e75-ada1add9dd65,5750474f-92d8-455b-bb9b-b23bf72952d0,3 concertos pour flûte,,Album,,https://musicbrainz.org/release-group/5750474f-92d8-455b-bb9b-b23bf72952d0,
RC00094,FM020,Jean-Pierre Rampal,讓-皮耶・朗帕爾,MusicBrainz release-group API,4deb8a6c-38f1-47d6-9e75-ada1add9dd65,579f8787-3735-4953-8e61-9fccd33b5568,Overture / Flute Concertos,1990-10-25,Album,,https://musicbrainz.org/release-group/579f8787-3735-4953-8e61-9fccd33b5568,
RC00095,FM020,Jean-Pierre Rampal,讓-皮耶・朗帕爾,MusicBrainz release-group API,4deb8a6c-38f1-47d6-9e75-ada1add9dd65,5a8fa711-aa5b-44c9-9bf0-c5fca8cd0313,Concertos for Flute and Orchestra,1992,Album,,https://musicbrainz.org/release-group/5a8fa711-aa5b-44c9-9bf0-c5fca8cd0313,
RC00096,FM020,Jean-Pierre Rampal,讓-皮耶・朗帕爾,MusicBrainz release-group API,4deb8a6c-38f1-47d6-9e75-ada1add9dd65,6087cbb7-f618-4ffb-9f08-9a3952eb5adb,Brandenburg Concertos: Complete,1975,Album,,https://musicbrainz.org/release-group/6087cbb7-f618-4ffb-9f08-9a3952eb5adb,
RC00097,FM020,Jean-Pierre Rampal,讓-皮耶・朗帕爾,MusicBrainz release-group API,4deb8a6c-38f1-47d6-9e75-ada1add9dd65,64fddb1d-422e-41e9-a5ad-5f81d1bce399,Sonatas & Variations,1986,Album,,https://musicbrainz.org/release-group/64fddb1d-422e-41e9-a5ad-5f81d1bce399,
RC00098,FM020,Jean-Pierre Rampal,讓-皮耶・朗帕爾,MusicBrainz release-group API,4deb8a6c-38f1-47d6-9e75-ada1add9dd65,67bfe684-c349-4f54-b166-31f436836ea4,"Intégrale des 5 concerti pour flûte, hautbois et orchestre - Volume 2 - Concerti 2, 3, 4",,Album,,https://musicbrainz.org/release-group/67bfe684-c349-4f54-b166-31f436836ea4,
RC00099,FM020,Jean-Pierre Rampal,讓-皮耶・朗帕爾,MusicBrainz release-group API,4deb8a6c-38f1-47d6-9e75-ada1add9dd65,6b196324-b995-306d-b65e-16681c3cc41b,Un Concert à Venise,2002,Album,,https://musicbrainz.org/release-group/6b196324-b995-306d-b65e-16681c3cc41b,
RC00100,FM020,Jean-Pierre Rampal,讓-皮耶・朗帕爾,MusicBrainz release-group API,4deb8a6c-38f1-47d6-9e75-ada1add9dd65,6d23f1e1-4cb0-420c-9d14-338be6dc7f60,Japanese Melodies for Flute and Harp,1978,Album,,https://musicbrainz.org/release-group/6d23f1e1-4cb0-420c-9d14-338be6dc7f60,
RC00101,FM020,Jean-Pierre Rampal,讓-皮耶・朗帕爾,MusicBrainz release-group API,4deb8a6c-38f1-47d6-9e75-ada1add9dd65,72b43ec0-8889-44e3-95a4-193478099030,Vivaldi: The Four Seasons / Pergolesi: Flute Concertos,2001-04-25,Album,,https://musicbrainz.org/release-group/72b43ec0-8889-44e3-95a4-193478099030,
RC00102,FM020,Jean-Pierre Rampal,讓-皮耶・朗帕爾,MusicBrainz release-group API,4deb8a6c-38f1-47d6-9e75-ada1add9dd65,76818ea0-1b91-4f9e-b8ac-8adff02ff2f3,An Evening With Jean-Pierre Rampal,,Album,,https://musicbrainz.org/release-group/76818ea0-1b91-4f9e-b8ac-8adff02ff2f3,
RC00103,FM020,Jean-Pierre Rampal,讓-皮耶・朗帕爾,MusicBrainz release-group API,4deb8a6c-38f1-47d6-9e75-ada1add9dd65,777029a0-e963-336f-a869-30f45b56e84d,Partitas and Sonatas for Flute,1985,Album,,https://musicbrainz.org/release-group/777029a0-e963-336f-a869-30f45b56e84d,
RC00104,FM020,Jean-Pierre Rampal,讓-皮耶・朗帕爾,MusicBrainz release-group API,4deb8a6c-38f1-47d6-9e75-ada1add9dd65,788a403d-f154-4f40-9ec5-6db9c8e5af87,Improvisations,1976,Album,,https://musicbrainz.org/release-group/788a403d-f154-4f40-9ec5-6db9c8e5af87,
RC00105,FM020,Jean-Pierre Rampal,讓-皮耶・朗帕爾,MusicBrainz release-group API,4deb8a6c-38f1-47d6-9e75-ada1add9dd65,7c79bb04-2084-4c88-8f54-d639c6399685,Romantic Music for Two Flutes and Piano,1997,Album,,https://musicbrainz.org/release-group/7c79bb04-2084-4c88-8f54-d639c6399685,
RC00106,FM020,Jean-Pierre Rampal,讓-皮耶・朗帕爾,MusicBrainz release-group API,4deb8a6c-38f1-47d6-9e75-ada1add9dd65,7ea832a1-472a-303e-a7a2-b60114172bd1,Concerto pour Flûte / Concerto pour Violoncelle,1994,Album,,https://musicbrainz.org/release-group/7ea832a1-472a-303e-a7a2-b60114172bd1,
RC00107,FM020,Jean-Pierre Rampal,讓-皮耶・朗帕爾,MusicBrainz release-group API,4deb8a6c-38f1-47d6-9e75-ada1add9dd65,80799db0-9049-414a-9a22-e0975a86092a,"Bernstein conducts Bernstein: Divertimento / Halil / On the Town / Three Meditations From ""Mass""",1982,Album,,https://musicbrainz.org/release-group/80799db0-9049-414a-9a22-e0975a86092a,
RC00108,FM020,Jean-Pierre Rampal,讓-皮耶・朗帕爾,MusicBrainz release-group API,4deb8a6c-38f1-47d6-9e75-ada1add9dd65,818f2782-38c8-4887-bd53-f4e28551f589,"Flute, Flute, Violin & Viola",1975,Album,,https://musicbrainz.org/release-group/818f2782-38c8-4887-bd53-f4e28551f589,
RC00109,FM020,Jean-Pierre Rampal,讓-皮耶・朗帕爾,MusicBrainz release-group API,4deb8a6c-38f1-47d6-9e75-ada1add9dd65,82424b85-ff72-4644-b728-1c766cfc6b81,Haffner Serenade,1995,Album,,https://musicbrainz.org/release-group/82424b85-ff72-4644-b728-1c766cfc6b81,
RC00110,FM020,Jean-Pierre Rampal,讓-皮耶・朗帕爾,MusicBrainz release-group API,4deb8a6c-38f1-47d6-9e75-ada1add9dd65,8dfe26ec-676a-4b6d-b91f-5bcc5e8adef9,Haydn: Concertos for Flute & Oboe,1985,Album,,https://musicbrainz.org/release-group/8dfe26ec-676a-4b6d-b91f-5bcc5e8adef9,
RC00111,FM020,Jean-Pierre Rampal,讓-皮耶・朗帕爾,MusicBrainz release-group API,4deb8a6c-38f1-47d6-9e75-ada1add9dd65,90c6d5f1-ccfe-3381-89d8-b3a341c079c1,Trio Sonatas,1983,Album,,https://musicbrainz.org/release-group/90c6d5f1-ccfe-3381-89d8-b3a341c079c1,
RC00112,FM020,Jean-Pierre Rampal,讓-皮耶・朗帕爾,MusicBrainz release-group API,4deb8a6c-38f1-47d6-9e75-ada1add9dd65,915c9178-4c97-395d-8377-d6caaf5984b6,Italian Flute Concertos,1991,Album,,https://musicbrainz.org/release-group/915c9178-4c97-395d-8377-d6caaf5984b6,
RC00113,FM020,Jean-Pierre Rampal,讓-皮耶・朗帕爾,MusicBrainz release-group API,4deb8a6c-38f1-47d6-9e75-ada1add9dd65,93c2846b-5e03-3b74-b31d-2a0a4080c374,Favorite Encores,,Album,,https://musicbrainz.org/release-group/93c2846b-5e03-3b74-b31d-2a0a4080c374,
RC00114,FM020,Jean-Pierre Rampal,讓-皮耶・朗帕爾,MusicBrainz release-group API,4deb8a6c-38f1-47d6-9e75-ada1add9dd65,949ee183-ba5c-4491-9a76-fabf965a3ea4,"Sonata in F minor, Sonata in B minor, Trio Sonata in B-flat major, Concerto no. 1 in D major",,Album,,https://musicbrainz.org/release-group/949ee183-ba5c-4491-9a76-fabf965a3ea4,
RC00115,FM020,Jean-Pierre Rampal,讓-皮耶・朗帕爾,MusicBrainz release-group API,4deb8a6c-38f1-47d6-9e75-ada1add9dd65,970ca83f-ed74-475c-81ce-1ffba8698ea2,Flute and Harp: Greensleeves...,1993,Album,,https://musicbrainz.org/release-group/970ca83f-ed74-475c-81ce-1ffba8698ea2,
RC00116,FM020,Jean-Pierre Rampal,讓-皮耶・朗帕爾,MusicBrainz release-group API,4deb8a6c-38f1-47d6-9e75-ada1add9dd65,997268b9-b901-391f-9ba7-4ee6f74dc20d,Penderecki Gala,1995-04-18,Album,,https://musicbrainz.org/release-group/997268b9-b901-391f-9ba7-4ee6f74dc20d,
RC00117,FM020,Jean-Pierre Rampal,讓-皮耶・朗帕爾,MusicBrainz release-group API,4deb8a6c-38f1-47d6-9e75-ada1add9dd65,9ea3a5a4-08c7-4f3f-9992-24aea148e6bd,"The Flute Quartets KV 285, 285a, 285b, 298",1998,Album,,https://musicbrainz.org/release-group/9ea3a5a4-08c7-4f3f-9992-24aea148e6bd,
RC00118,FM020,Jean-Pierre Rampal,讓-皮耶・朗帕爾,MusicBrainz release-group API,4deb8a6c-38f1-47d6-9e75-ada1add9dd65,9fb3bbc8-0ee0-4f5e-ab4c-fb4137ef8cb2,Concertos for 2 Flutes,1992,Album,,https://musicbrainz.org/release-group/9fb3bbc8-0ee0-4f5e-ab4c-fb4137ef8cb2,
RC00119,FM020,Jean-Pierre Rampal,讓-皮耶・朗帕爾,MusicBrainz release-group API,4deb8a6c-38f1-47d6-9e75-ada1add9dd65,a3eae6a8-6031-48c6-b5d3-25fbe256fff5,Concertos baroques italiens pour flûte,,Album,,https://musicbrainz.org/release-group/a3eae6a8-6031-48c6-b5d3-25fbe256fff5,
RC00120,FM020,Jean-Pierre Rampal,讓-皮耶・朗帕爾,MusicBrainz release-group API,4deb8a6c-38f1-47d6-9e75-ada1add9dd65,a771a448-7d3e-3e80-aae3-0b9b0402c2ea,"Boieldieu: Concerto pour harpe / Pierné: Concertstück, op. 39 / Mozart: Concerto pour flûte et harpe, KV 299",1985,Album,,https://musicbrainz.org/release-group/a771a448-7d3e-3e80-aae3-0b9b0402c2ea,
RC00121,FM020,Jean-Pierre Rampal,讓-皮耶・朗帕爾,MusicBrainz release-group API,4deb8a6c-38f1-47d6-9e75-ada1add9dd65,abbbdb2c-bec3-4b20-83cb-5fc9dc37dc76,Flute and Guitare,1993,Album,,https://musicbrainz.org/release-group/abbbdb2c-bec3-4b20-83cb-5fc9dc37dc76,
RC00122,FM020,Jean-Pierre Rampal,讓-皮耶・朗帕爾,MusicBrainz release-group API,4deb8a6c-38f1-47d6-9e75-ada1add9dd65,ac0394b9-a154-4332-bffa-31da17d43b1c,Fascinatin' Rampal Plays Gershwin,1985,Album,,https://musicbrainz.org/release-group/ac0394b9-a154-4332-bffa-31da17d43b1c,
RC00123,FM020,Jean-Pierre Rampal,讓-皮耶・朗帕爾,MusicBrainz release-group API,4deb8a6c-38f1-47d6-9e75-ada1add9dd65,acc78edb-8da4-4ec0-9528-d28419d0304c,German Baroque Flute Concertos,1983,Album,,https://musicbrainz.org/release-group/acc78edb-8da4-4ec0-9528-d28419d0304c,
RC00124,FM020,Jean-Pierre Rampal,讓-皮耶・朗帕爾,MusicBrainz release-group API,4deb8a6c-38f1-47d6-9e75-ada1add9dd65,aeb65c94-659f-333e-880d-de65afc27129,Picnic Suite,1980,Album,,https://musicbrainz.org/release-group/aeb65c94-659f-333e-880d-de65afc27129,
RC00125,FM020,Jean-Pierre Rampal,讓-皮耶・朗帕爾,MusicBrainz release-group API,4deb8a6c-38f1-47d6-9e75-ada1add9dd65,af99d6cf-46eb-4791-915f-885cff0fa501,Concertos pour flûte,,Album,,https://musicbrainz.org/release-group/af99d6cf-46eb-4791-915f-885cff0fa501,
RC00126,FM020,Jean-Pierre Rampal,讓-皮耶・朗帕爾,MusicBrainz release-group API,4deb8a6c-38f1-47d6-9e75-ada1add9dd65,b54d362e-0a3d-4d21-a5d5-252aedd654d9,"Intégrale des 5 Concerti pour flûte, hautbois et orchestre - Volume 1 - Concerti 1 et 5",,Album,,https://musicbrainz.org/release-group/b54d362e-0a3d-4d21-a5d5-252aedd654d9,
RC00127,FM020,Jean-Pierre Rampal,讓-皮耶・朗帕爾,MusicBrainz release-group API,4deb8a6c-38f1-47d6-9e75-ada1add9dd65,b62adde5-0a57-481b-a1d8-5d8353e81d88,6 Sonates pour Flûte et Clavecin,1963,Album,,https://musicbrainz.org/release-group/b62adde5-0a57-481b-a1d8-5d8353e81d88,
RC00128,FM020,Jean-Pierre Rampal,讓-皮耶・朗帕爾,MusicBrainz release-group API,4deb8a6c-38f1-47d6-9e75-ada1add9dd65,b692b759-b642-4eb6-a973-d056dd078872,Sonates pour flûte et basse continue,,Album,,https://musicbrainz.org/release-group/b692b759-b642-4eb6-a973-d056dd078872,
RC00129,FM020,Jean-Pierre Rampal,讓-皮耶・朗帕爾,MusicBrainz release-group API,4deb8a6c-38f1-47d6-9e75-ada1add9dd65,b6d8abdf-033d-4905-8bc8-543beee32a80,3 Flute Concertos / Sinfonia on Themes from Rossini's Stabat Mater,2004,Album,,https://musicbrainz.org/release-group/b6d8abdf-033d-4905-8bc8-543beee32a80,
RC00130,FM020,Jean-Pierre Rampal,讓-皮耶・朗帕爾,MusicBrainz release-group API,4deb8a6c-38f1-47d6-9e75-ada1add9dd65,b9ba64a4-0c27-3f8e-878e-5b9f1618cc3f,Flute Concertos,1981,Album,,https://musicbrainz.org/release-group/b9ba64a4-0c27-3f8e-878e-5b9f1618cc3f,
RC00131,FM020,Jean-Pierre Rampal,讓-皮耶・朗帕爾,MusicBrainz release-group API,4deb8a6c-38f1-47d6-9e75-ada1add9dd65,b9c30b47-c591-4825-88e2-0567dc6e7e32,Twelve Fantasias for Flute Solo,1987,Album,,https://musicbrainz.org/release-group/b9c30b47-c591-4825-88e2-0567dc6e7e32,
RC00132,FM020,Jean-Pierre Rampal,讓-皮耶・朗帕爾,MusicBrainz release-group API,4deb8a6c-38f1-47d6-9e75-ada1add9dd65,c63be4b2-e980-4a4b-91fb-727be193df53,Flute Sonatas,1992,Album,,https://musicbrainz.org/release-group/c63be4b2-e980-4a4b-91fb-727be193df53,
RC00133,FM020,Jean-Pierre Rampal,讓-皮耶・朗帕爾,MusicBrainz release-group API,4deb8a6c-38f1-47d6-9e75-ada1add9dd65,ca16a2dc-fa7f-4e66-b1ec-a5fe6db8dc1e,The Essential Jean-Pierre Rampal,2001-09-11,Album,,https://musicbrainz.org/release-group/ca16a2dc-fa7f-4e66-b1ec-a5fe6db8dc1e,
RC00134,FM020,Jean-Pierre Rampal,讓-皮耶・朗帕爾,MusicBrainz release-group API,4deb8a6c-38f1-47d6-9e75-ada1add9dd65,cb5b0355-fc1b-3b3c-9cf7-bd5083841cdb,"Flute Concertos no. 1, no. 2 / Andante in C major / Rondo in D major",,Album,,https://musicbrainz.org/release-group/cb5b0355-fc1b-3b3c-9cf7-bd5083841cdb,
RC00135,FM020,Jean-Pierre Rampal,讓-皮耶・朗帕爾,MusicBrainz release-group API,4deb8a6c-38f1-47d6-9e75-ada1add9dd65,d25c4343-d905-3e1d-b5bf-31be9f62bc4f,Concertos baroques français pour flûte,1992-09-04,Album,,https://musicbrainz.org/release-group/d25c4343-d905-3e1d-b5bf-31be9f62bc4f,
RC00136,FM020,Jean-Pierre Rampal,讓-皮耶・朗帕爾,MusicBrainz release-group API,4deb8a6c-38f1-47d6-9e75-ada1add9dd65,d3090e27-83aa-392d-9c61-dc37cb70081c,Suite For Flute & Jazz Piano Trio No. 2,1986,Album,,https://musicbrainz.org/release-group/d3090e27-83aa-392d-9c61-dc37cb70081c,
RC00137,FM020,Jean-Pierre Rampal,讓-皮耶・朗帕爾,MusicBrainz release-group API,4deb8a6c-38f1-47d6-9e75-ada1add9dd65,d468d59a-c1aa-4846-9ec7-4e7590decc9a,"Bach; Flute Concertos in G Minor and A Minor, Telemann; Flute Concertos in C Major and D Major",1974,Album,,https://musicbrainz.org/release-group/d468d59a-c1aa-4846-9ec7-4e7590decc9a,
RC00138,FM020,Jean-Pierre Rampal,讓-皮耶・朗帕爾,MusicBrainz release-group API,4deb8a6c-38f1-47d6-9e75-ada1add9dd65,d70db4a9-064b-4a0b-bc91-027b10447bbf,Rampal Plays and Conducts Mozart,1987,Album,,https://musicbrainz.org/release-group/d70db4a9-064b-4a0b-bc91-027b10447bbf,
RC00139,FM020,Jean-Pierre Rampal,讓-皮耶・朗帕爾,MusicBrainz release-group API,4deb8a6c-38f1-47d6-9e75-ada1add9dd65,dad7a479-3976-4b11-95f2-440eabf42132,8 sonates pour flûte et clavecin,1988,Album,,https://musicbrainz.org/release-group/dad7a479-3976-4b11-95f2-440eabf42132,
RC00140,FM020,Jean-Pierre Rampal,讓-皮耶・朗帕爾,MusicBrainz release-group API,4deb8a6c-38f1-47d6-9e75-ada1add9dd65,dc5765f8-1666-39fc-aadf-c83c6d2ec220,Complete Works for Flute,1998-08,Album,,https://musicbrainz.org/release-group/dc5765f8-1666-39fc-aadf-c83c6d2ec220,
RC00141,FM020,Jean-Pierre Rampal,讓-皮耶・朗帕爾,MusicBrainz release-group API,4deb8a6c-38f1-47d6-9e75-ada1add9dd65,dd00dc83-c2f0-409a-be85-b20cbb98786f,Music for Flute & Harp,1990-07-03,Album,,https://musicbrainz.org/release-group/dd00dc83-c2f0-409a-be85-b20cbb98786f,
RC00142,FM020,Jean-Pierre Rampal,讓-皮耶・朗帕爾,MusicBrainz release-group API,4deb8a6c-38f1-47d6-9e75-ada1add9dd65,ddea1ada-6a30-4a8d-a472-83f1dc1d2073,"Six Flute Concerti, op. 10",1991,Album,,https://musicbrainz.org/release-group/ddea1ada-6a30-4a8d-a472-83f1dc1d2073,
RC00143,FM020,Jean-Pierre Rampal,讓-皮耶・朗帕爾,MusicBrainz release-group API,4deb8a6c-38f1-47d6-9e75-ada1add9dd65,debad6ae-6d6d-3f9e-a103-87019ea89ad6,Flute Quintets op. 51 nos. 1-3,1988,Album,,https://musicbrainz.org/release-group/debad6ae-6d6d-3f9e-a103-87019ea89ad6,
RC00144,FM020,Jean-Pierre Rampal,讓-皮耶・朗帕爾,MusicBrainz release-group API,4deb8a6c-38f1-47d6-9e75-ada1add9dd65,e14547cc-f02a-3f9b-87e2-fc518148ebfd,Jean-Pierre Rampal Plays Scott Joplin,,Album,,https://musicbrainz.org/release-group/e14547cc-f02a-3f9b-87e2-fc518148ebfd,
RC00145,FM020,Jean-Pierre Rampal,讓-皮耶・朗帕爾,MusicBrainz release-group API,4deb8a6c-38f1-47d6-9e75-ada1add9dd65,e51526cd-32c9-4fc9-8164-6283b90bc53d,"Concertos pour clarinette, hautbois et basson",1987,Album,,https://musicbrainz.org/release-group/e51526cd-32c9-4fc9-8164-6283b90bc53d,
RC00146,FM020,Jean-Pierre Rampal,讓-皮耶・朗帕爾,MusicBrainz release-group API,4deb8a6c-38f1-47d6-9e75-ada1add9dd65,e5fa9951-aeda-45d7-aafe-d158f23dd7a5,Flute Concertos & Sonatas,1992-11-03,Album,,https://musicbrainz.org/release-group/e5fa9951-aeda-45d7-aafe-d158f23dd7a5,
RC00147,FM020,Jean-Pierre Rampal,讓-皮耶・朗帕爾,MusicBrainz release-group API,4deb8a6c-38f1-47d6-9e75-ada1add9dd65,e7ac7424-0f04-4862-94e9-776e2f72efb4,The Man With The Golden Flute,2008-04-15,Album,,https://musicbrainz.org/release-group/e7ac7424-0f04-4862-94e9-776e2f72efb4,
RC00148,FM020,Jean-Pierre Rampal,讓-皮耶・朗帕爾,MusicBrainz release-group API,4deb8a6c-38f1-47d6-9e75-ada1add9dd65,eb89cca3-e0cf-4580-bbaa-2b73d5ddf1da,"""London"" Trios, nos. 1-4 / Divertissement, op. 100, nos. 2 & 6",1983,Album,,https://musicbrainz.org/release-group/eb89cca3-e0cf-4580-bbaa-2b73d5ddf1da,
RC00149,FM020,Jean-Pierre Rampal,讓-皮耶・朗帕爾,MusicBrainz release-group API,4deb8a6c-38f1-47d6-9e75-ada1add9dd65,ee7594f4-7c83-3c6e-be01-47c66f76c4e7,Flute Quintets,1997-02-18,Album,,https://musicbrainz.org/release-group/ee7594f4-7c83-3c6e-be01-47c66f76c4e7,
RC00150,FM020,Jean-Pierre Rampal,讓-皮耶・朗帕爾,MusicBrainz release-group API,4deb8a6c-38f1-47d6-9e75-ada1add9dd65,f6d52223-bc36-4607-be0a-a05110462745,Four Centuries of the Flute,,Album,,https://musicbrainz.org/release-group/f6d52223-bc36-4607-be0a-a05110462745,
RC00151,FM020,Jean-Pierre Rampal,讓-皮耶・朗帕爾,MusicBrainz release-group API,4deb8a6c-38f1-47d6-9e75-ada1add9dd65,f83a0fd1-3fb0-3085-9d3f-c02eba1b6ae4,Suite for Flute and Jazz Piano Trio,1975,Album,,https://musicbrainz.org/release-group/f83a0fd1-3fb0-3085-9d3f-c02eba1b6ae4,
RC00152,FM020,Jean-Pierre Rampal,讓-皮耶・朗帕爾,MusicBrainz release-group API,4deb8a6c-38f1-47d6-9e75-ada1add9dd65,f91c7e7c-4285-3dee-bfdc-98e5f55865e7,Mozart / Telemann / J.C. Bach / Reicha,1990,Album,,https://musicbrainz.org/release-group/f91c7e7c-4285-3dee-bfdc-98e5f55865e7,
RC00153,FM020,Jean-Pierre Rampal,讓-皮耶・朗帕爾,MusicBrainz release-group API,4deb8a6c-38f1-47d6-9e75-ada1add9dd65,fc324588-c3d8-3fa2-9724-ac1b7a7f5b5d,Music for Flute and Guitar,1988,Album,,https://musicbrainz.org/release-group/fc324588-c3d8-3fa2-9724-ac1b7a7f5b5d,
RC00154,FM020,Jean-Pierre Rampal,讓-皮耶・朗帕爾,MusicBrainz release-group API,4deb8a6c-38f1-47d6-9e75-ada1add9dd65,ff0a258d-685f-42ef-8b20-e68267feae6b,"Flute Concerto, Op. 283 / Harp Concerto, Op. 182 / Sonata 'Undine', Op. 167",2005-10-10,Album,,https://musicbrainz.org/release-group/ff0a258d-685f-42ef-8b20-e68267feae6b,
RC00155,FM021,Alain Marion,阿蘭・馬里翁,MusicBrainz release-group API,2fdb589e-7eba-44cc-87fa-f1d201ab77a8,1431cae3-6c06-446b-8f40-c29aa398876f,8 sonates pour flûte et piano,1999,Album,,https://musicbrainz.org/release-group/1431cae3-6c06-446b-8f40-c29aa398876f,
RC00156,FM021,Alain Marion,阿蘭・馬里翁,MusicBrainz release-group API,2fdb589e-7eba-44cc-87fa-f1d201ab77a8,158179a8-5435-4f32-b9e8-ad19802d2d4a,"Introduction And Variations On A Theme ""Trockne Blumen"" Op.160, D802 / Flute Sonata In B-Flat Major / Grande Sonate Concertante In A Minor, Op.85",1986-07-28,Album,Compilation,https://musicbrainz.org/release-group/158179a8-5435-4f32-b9e8-ad19802d2d4a,
RC00157,FM021,Alain Marion,阿蘭・馬里翁,MusicBrainz release-group API,2fdb589e-7eba-44cc-87fa-f1d201ab77a8,303d0786-0300-4cfe-b2ee-2467914d1e9c,Favourite Flute Pieces,2000-03-18,Album,,https://musicbrainz.org/release-group/303d0786-0300-4cfe-b2ee-2467914d1e9c,
RC00158,FM021,Alain Marion,阿蘭・馬里翁,MusicBrainz release-group API,2fdb589e-7eba-44cc-87fa-f1d201ab77a8,339152ce-c1f5-4d6a-90b4-ac161daed7b4,Golden Flute Club,1989,Album,,https://musicbrainz.org/release-group/339152ce-c1f5-4d6a-90b4-ac161daed7b4,
RC00159,FM021,Alain Marion,阿蘭・馬里翁,MusicBrainz release-group API,2fdb589e-7eba-44cc-87fa-f1d201ab77a8,3a9eec17-fe26-465f-8bc1-5459321aa7ae,Carl Philipp Emanuel Bach,2018-01-01,Album,,https://musicbrainz.org/release-group/3a9eec17-fe26-465f-8bc1-5459321aa7ae,
RC00160,FM021,Alain Marion,阿蘭・馬里翁,MusicBrainz release-group API,2fdb589e-7eba-44cc-87fa-f1d201ab77a8,42d3651e-8411-4279-983f-3dd34b3f3d95,Concertos italiens pour flûte,1973,Album,,https://musicbrainz.org/release-group/42d3651e-8411-4279-983f-3dd34b3f3d95,
RC00161,FM021,Alain Marion,阿蘭・馬里翁,MusicBrainz release-group API,2fdb589e-7eba-44cc-87fa-f1d201ab77a8,5938f27d-52f7-4539-96a7-34acd78a4e23,"3 concerti pour flûte, violon, cordes et clavecin",,Album,,https://musicbrainz.org/release-group/5938f27d-52f7-4539-96a7-34acd78a4e23,
RC00162,FM021,Alain Marion,阿蘭・馬里翁,MusicBrainz release-group API,2fdb589e-7eba-44cc-87fa-f1d201ab77a8,5ba2eee3-4738-44c1-9d2a-b9a24e222d81,"6 Concerti for Flute, op. 10",1993-08-25,Album,,https://musicbrainz.org/release-group/5ba2eee3-4738-44c1-9d2a-b9a24e222d81,
RC00163,FM021,Alain Marion,阿蘭・馬里翁,MusicBrainz release-group API,2fdb589e-7eba-44cc-87fa-f1d201ab77a8,6fa161ea-2b46-4626-b786-148fd1173040,Orchestral Works,,Album,,https://musicbrainz.org/release-group/6fa161ea-2b46-4626-b786-148fd1173040,
RC00164,FM021,Alain Marion,阿蘭・馬里翁,MusicBrainz release-group API,2fdb589e-7eba-44cc-87fa-f1d201ab77a8,980606ba-5f7d-454c-ba77-4d51e8a4269a,Opera for Two - Late 18th‐Century Transcriptions,2006-03-28,Album,,https://musicbrainz.org/release-group/980606ba-5f7d-454c-ba77-4d51e8a4269a,
RC00165,FM021,Alain Marion,阿蘭・馬里翁,MusicBrainz release-group API,2fdb589e-7eba-44cc-87fa-f1d201ab77a8,b2ec4120-1f4d-4cbd-a0b4-8786a089fc54,"Les Six Sonatines / Sonate pour clarinette, flûte et piano",2004,Album,,https://musicbrainz.org/release-group/b2ec4120-1f4d-4cbd-a0b4-8786a089fc54,
RC00166,FM021,Alain Marion,阿蘭・馬里翁,MusicBrainz release-group API,2fdb589e-7eba-44cc-87fa-f1d201ab77a8,c63be4b2-e980-4a4b-91fb-727be193df53,Flute Sonatas,1992,Album,,https://musicbrainz.org/release-group/c63be4b2-e980-4a4b-91fb-727be193df53,
RC00167,FM021,Alain Marion,阿蘭・馬里翁,MusicBrainz release-group API,2fdb589e-7eba-44cc-87fa-f1d201ab77a8,ce021198-385a-49b4-bd5f-573a988e2061,Six duos pour deux flûtes,1985,Album,,https://musicbrainz.org/release-group/ce021198-385a-49b4-bd5f-573a988e2061,
RC00168,FM021,Alain Marion,阿蘭・馬里翁,MusicBrainz release-group API,2fdb589e-7eba-44cc-87fa-f1d201ab77a8,dc34d335-0dab-4050-b40c-1b64c7ba634f,Concertos for Flute and Orchestra / Andante for Flute and Orchestra,1967,Album,,https://musicbrainz.org/release-group/dc34d335-0dab-4050-b40c-1b64c7ba634f,
RC00169,FM021,Alain Marion,阿蘭・馬里翁,MusicBrainz release-group API,2fdb589e-7eba-44cc-87fa-f1d201ab77a8,e21ab658-b3cb-4a52-922d-4df1f2396280,Sonatas / Promenades / Madrigal Stanzas,1993-01-01,Album,,https://musicbrainz.org/release-group/e21ab658-b3cb-4a52-922d-4df1f2396280,
RC00170,FM022,Maxence Larrieu,馬克桑斯・拉里厄,MusicBrainz release-group API,c5656f24-24ce-4842-a1b2-f7b569207626,14caacc1-bc5c-4b90-9619-452a0f030fb5,Œuvres pour flûte et clavecin,1962,,,https://musicbrainz.org/release-group/14caacc1-bc5c-4b90-9619-452a0f030fb5,
RC00171,FM022,Maxence Larrieu,馬克桑斯・拉里厄,MusicBrainz release-group API,c5656f24-24ce-4842-a1b2-f7b569207626,303d0786-0300-4cfe-b2ee-2467914d1e9c,Favourite Flute Pieces,2000-03-18,Album,,https://musicbrainz.org/release-group/303d0786-0300-4cfe-b2ee-2467914d1e9c,
RC00172,FM022,Maxence Larrieu,馬克桑斯・拉里厄,MusicBrainz release-group API,c5656f24-24ce-4842-a1b2-f7b569207626,3253b484-a3fd-4de6-872b-44f7163365d1,Complete Music for Flute,1996,Album,Compilation,https://musicbrainz.org/release-group/3253b484-a3fd-4de6-872b-44f7163365d1,
RC00173,FM022,Maxence Larrieu,馬克桑斯・拉里厄,MusicBrainz release-group API,c5656f24-24ce-4842-a1b2-f7b569207626,37c177f1-bfd8-43d0-929f-1878ab5c8b53,Il Pastor Fido,1985,Album,,https://musicbrainz.org/release-group/37c177f1-bfd8-43d0-929f-1878ab5c8b53,
RC00174,FM022,Maxence Larrieu,馬克桑斯・拉里厄,MusicBrainz release-group API,c5656f24-24ce-4842-a1b2-f7b569207626,3cfac0e3-4552-4d1d-bfcf-d2f083701264,Flute Sonatas / Viola da Gamba Sonatas,1993,Album,Compilation,https://musicbrainz.org/release-group/3cfac0e3-4552-4d1d-bfcf-d2f083701264,
RC00175,FM022,Maxence Larrieu,馬克桑斯・拉里厄,MusicBrainz release-group API,c5656f24-24ce-4842-a1b2-f7b569207626,6a893d87-154d-49f4-8abb-2b4bdb686878,Serenades Op. 8 • Op. 25,1968,Album,,https://musicbrainz.org/release-group/6a893d87-154d-49f4-8abb-2b4bdb686878,
RC00176,FM022,Maxence Larrieu,馬克桑斯・拉里厄,MusicBrainz release-group API,c5656f24-24ce-4842-a1b2-f7b569207626,b5feaa6f-37c1-46a9-a8c2-13236fd92b97,Musiques sur le grand canal,1964,Album,,https://musicbrainz.org/release-group/b5feaa6f-37c1-46a9-a8c2-13236fd92b97,
RC00177,FM022,Maxence Larrieu,馬克桑斯・拉里厄,MusicBrainz release-group API,c5656f24-24ce-4842-a1b2-f7b569207626,daad5777-3b90-4a6f-af5a-1dfdeed80e0d,Concert Royal,1983-10,Album,,https://musicbrainz.org/release-group/daad5777-3b90-4a6f-af5a-1dfdeed80e0d,
RC00178,FM022,Maxence Larrieu,馬克桑斯・拉里厄,MusicBrainz release-group API,c5656f24-24ce-4842-a1b2-f7b569207626,e8ce6d46-84c3-3ff7-8cdd-9a0b6ec5ad27,The Masters Pieces for Flute,1993,Album,,https://musicbrainz.org/release-group/e8ce6d46-84c3-3ff7-8cdd-9a0b6ec5ad27,
RC00179,FM022,Maxence Larrieu,馬克桑斯・拉里厄,MusicBrainz release-group API,c5656f24-24ce-4842-a1b2-f7b569207626,ebf09b75-6ee6-4010-8104-6551ff43c550,Favorite Flute Pieces,1990-11-21,Album,Compilation,https://musicbrainz.org/release-group/ebf09b75-6ee6-4010-8104-6551ff43c550,
RC00180,FM022,Maxence Larrieu,馬克桑斯・拉里厄,MusicBrainz release-group API,c5656f24-24ce-4842-a1b2-f7b569207626,ec3a538a-2f19-433b-a53e-6163ad1331e3,Intégrale des 14 Concerti pour Clavecin et Orchestre - Volume II,,Album,,https://musicbrainz.org/release-group/ec3a538a-2f19-433b-a53e-6163ad1331e3,
RC00181,FM022,Maxence Larrieu,馬克桑斯・拉里厄,MusicBrainz release-group API,c5656f24-24ce-4842-a1b2-f7b569207626,f71303cb-1c34-4efd-b913-24107ee7c620,Les 3 concertos pour piccolo / 3 concertos pour flûte op. 10,2001-03-01,Album,,https://musicbrainz.org/release-group/f71303cb-1c34-4efd-b913-24107ee7c620,
RC00182,FM022,Maxence Larrieu,馬克桑斯・拉里厄,MusicBrainz release-group API,c5656f24-24ce-4842-a1b2-f7b569207626,fd17720e-981f-4177-a514-5d7f63a82bc8,Intégrale des Sonates pour Flûte et Clavecin,1988,Album,,https://musicbrainz.org/release-group/fd17720e-981f-4177-a514-5d7f63a82bc8,
RC00183,FM023,Aurèle Nicolet,奧雷勒・尼科萊,MusicBrainz release-group API,98b40321-a346-4a73-ba89-7ce868743371,05280e9b-ca95-4f0c-a1fc-e62ae7ab7b18,6 Sonatas for Flute & Continuo,1984-05-13,Album,,https://musicbrainz.org/release-group/05280e9b-ca95-4f0c-a1fc-e62ae7ab7b18,
RC00184,FM023,Aurèle Nicolet,奧雷勒・尼科萊,MusicBrainz release-group API,98b40321-a346-4a73-ba89-7ce868743371,0abd0cd4-e367-44c4-b966-50c0aae4c6b1,Flötenkonzerte,,Album,Compilation,https://musicbrainz.org/release-group/0abd0cd4-e367-44c4-b966-50c0aae4c6b1,
RC00185,FM023,Aurèle Nicolet,奧雷勒・尼科萊,MusicBrainz release-group API,98b40321-a346-4a73-ba89-7ce868743371,30f7a179-c943-483c-8a4e-f8861be1830f,Flöten-Sonaten,1988-12-01,Album,,https://musicbrainz.org/release-group/30f7a179-c943-483c-8a4e-f8861be1830f,
RC00186,FM023,Aurèle Nicolet,奧雷勒・尼科萊,MusicBrainz release-group API,98b40321-a346-4a73-ba89-7ce868743371,313f425e-d5e0-40f9-ba6e-1d74a1a79338,"Mozart: Concertos for Flute and Orchestra nos. 1 & 2 / Andante in C major / Concerto for Flute, Harp and Orchestra / Haydn: Concerto for Flute / Gluck: Reigen seliger geister",1995,Album,,https://musicbrainz.org/release-group/313f425e-d5e0-40f9-ba6e-1d74a1a79338,
RC00187,FM023,Aurèle Nicolet,奧雷勒・尼科萊,MusicBrainz release-group API,98b40321-a346-4a73-ba89-7ce868743371,32294c79-49c8-4fbc-b8b7-62c4fa697854,"The Complete Quintets, Vol. 2",1997,Album,Compilation,https://musicbrainz.org/release-group/32294c79-49c8-4fbc-b8b7-62c4fa697854,
RC00188,FM023,Aurèle Nicolet,奧雷勒・尼科萊,MusicBrainz release-group API,98b40321-a346-4a73-ba89-7ce868743371,32eb85d5-a36d-4a42-a1b4-c4204b478dca,Trio Sonatas,,Album,,https://musicbrainz.org/release-group/32eb85d5-a36d-4a42-a1b4-c4204b478dca,
RC00189,FM023,Aurèle Nicolet,奧雷勒・尼科萊,MusicBrainz release-group API,98b40321-a346-4a73-ba89-7ce868743371,3bfc03fe-b5d9-4aba-bec5-50f6fb47f4ca,Flötenkonzerte des Barock,1998,Album,Compilation,https://musicbrainz.org/release-group/3bfc03fe-b5d9-4aba-bec5-50f6fb47f4ca,
RC00190,FM023,Aurèle Nicolet,奧雷勒・尼科萊,MusicBrainz release-group API,98b40321-a346-4a73-ba89-7ce868743371,3d0b53ac-1a59-4268-b824-fcbe5126c712,Klassik zum Fest: Ein weihnachtliches Instrumentalkonzert,2004-10-12,Album,Compilation,https://musicbrainz.org/release-group/3d0b53ac-1a59-4268-b824-fcbe5126c712,
RC00191,FM023,Aurèle Nicolet,奧雷勒・尼科萊,MusicBrainz release-group API,98b40321-a346-4a73-ba89-7ce868743371,48fb3a86-a786-418a-b3c2-fd6fdb426076,The Works for Flute,1994,Album,Compilation,https://musicbrainz.org/release-group/48fb3a86-a786-418a-b3c2-fd6fdb426076,
RC00192,FM023,Aurèle Nicolet,奧雷勒・尼科萊,MusicBrainz release-group API,98b40321-a346-4a73-ba89-7ce868743371,53395277-a334-456a-a9f9-620f75af6506,Flute Quartets,2017,Album,,https://musicbrainz.org/release-group/53395277-a334-456a-a9f9-620f75af6506,
RC00193,FM023,Aurèle Nicolet,奧雷勒・尼科萊,MusicBrainz release-group API,98b40321-a346-4a73-ba89-7ce868743371,56512c8a-6565-3ecf-9ab5-4ec07535b43c,Konzert in Sanssouci: Musik am preußischen Königshof,2000,Album,,https://musicbrainz.org/release-group/56512c8a-6565-3ecf-9ab5-4ec07535b43c,
RC00194,FM023,Aurèle Nicolet,奧雷勒・尼科萊,MusicBrainz release-group API,98b40321-a346-4a73-ba89-7ce868743371,6ff65e0a-f40d-4f14-bc54-02a17396396b,Le charme de la Flûte,1994-05,Album,Compilation,https://musicbrainz.org/release-group/6ff65e0a-f40d-4f14-bc54-02a17396396b,
RC00195,FM023,Aurèle Nicolet,奧雷勒・尼科萊,MusicBrainz release-group API,98b40321-a346-4a73-ba89-7ce868743371,735cae7b-b49f-4f33-9002-9eafc0fa0112,Overtures nos. 1 & 2,,Album,,https://musicbrainz.org/release-group/735cae7b-b49f-4f33-9002-9eafc0fa0112,
RC00196,FM023,Aurèle Nicolet,奧雷勒・尼科萊,MusicBrainz release-group API,98b40321-a346-4a73-ba89-7ce868743371,771be4b8-9099-4d82-a1c3-9c8222a5592f,Concerts Royaux,1988,Album,,https://musicbrainz.org/release-group/771be4b8-9099-4d82-a1c3-9c8222a5592f,
RC00197,FM023,Aurèle Nicolet,奧雷勒・尼科萊,MusicBrainz release-group API,98b40321-a346-4a73-ba89-7ce868743371,7871fbac-565c-4ceb-ae78-8f25bcc6355f,"Serenade KV 320 ""Posthorn"" / 2 Marches KV 335",1990,Album,,https://musicbrainz.org/release-group/7871fbac-565c-4ceb-ae78-8f25bcc6355f,
RC00198,FM023,Aurèle Nicolet,奧雷勒・尼科萊,MusicBrainz release-group API,98b40321-a346-4a73-ba89-7ce868743371,7c1ddb8e-d8cd-447e-8f16-9ef0a71709d5,Overtures Nos. 2 & 3,2021-12-01,Album,Compilation,https://musicbrainz.org/release-group/7c1ddb8e-d8cd-447e-8f16-9ef0a71709d5,
RC00199,FM023,Aurèle Nicolet,奧雷勒・尼科萊,MusicBrainz release-group API,98b40321-a346-4a73-ba89-7ce868743371,7d0379c3-9794-4e6a-aa8f-0de3173e02d4,Suites for Violoncello Solo Arranged for Flute Solo,1985,Album,,https://musicbrainz.org/release-group/7d0379c3-9794-4e6a-aa8f-0de3173e02d4,
RC00200,FM023,Aurèle Nicolet,奧雷勒・尼科萊,MusicBrainz release-group API,98b40321-a346-4a73-ba89-7ce868743371,83e6d74a-5ed5-4be6-8bcc-131c38f3f961,4 Flute Quartets,1984-06,Album,,https://musicbrainz.org/release-group/83e6d74a-5ed5-4be6-8bcc-131c38f3f961,
RC00201,FM023,Aurèle Nicolet,奧雷勒・尼科萊,MusicBrainz release-group API,98b40321-a346-4a73-ba89-7ce868743371,8d67e29b-b165-48c8-a146-bf8fb8126c07,Works for Oboe and Flute,2004,Album,Compilation,https://musicbrainz.org/release-group/8d67e29b-b165-48c8-a146-bf8fb8126c07,
RC00202,FM023,Aurèle Nicolet,奧雷勒・尼科萊,MusicBrainz release-group API,98b40321-a346-4a73-ba89-7ce868743371,9bd9a271-3840-4a83-aa3b-8c3c249ae523,"Ouvertüre Nr. 2 In H-moll, BWV 1067 / Ouvertüre Nr. 3 In D-dur, BWV 1068",1961,Album,,https://musicbrainz.org/release-group/9bd9a271-3840-4a83-aa3b-8c3c249ae523,
RC00203,FM023,Aurèle Nicolet,奧雷勒・尼科萊,MusicBrainz release-group API,98b40321-a346-4a73-ba89-7ce868743371,a4eb80ca-55cd-3688-a3ec-5c4df0527cee,The Complete Sonatas for Flute,,Album,,https://musicbrainz.org/release-group/a4eb80ca-55cd-3688-a3ec-5c4df0527cee,
RC00204,FM023,Aurèle Nicolet,奧雷勒・尼科萊,MusicBrainz release-group API,98b40321-a346-4a73-ba89-7ce868743371,a5711335-34e7-4dca-8894-a1e53e942fab,Harfenkonzerte,1988,Album,,https://musicbrainz.org/release-group/a5711335-34e7-4dca-8894-a1e53e942fab,
RC00205,FM023,Aurèle Nicolet,奧雷勒・尼科萊,MusicBrainz release-group API,98b40321-a346-4a73-ba89-7ce868743371,b7dfac2f-593d-4013-b2cc-78615364fb0a,Melodien / Double Concerto / Chamber Concerto,1990,Album,,https://musicbrainz.org/release-group/b7dfac2f-593d-4013-b2cc-78615364fb0a,
RC00206,FM023,Aurèle Nicolet,奧雷勒・尼科萊,MusicBrainz release-group API,98b40321-a346-4a73-ba89-7ce868743371,b8b37e5c-7b8f-4d68-9026-7e5ef2d499dc,Concertos pour vents,2021-02,Album,Compilation,https://musicbrainz.org/release-group/b8b37e5c-7b8f-4d68-9026-7e5ef2d499dc,
RC00207,FM023,Aurèle Nicolet,奧雷勒・尼科萊,MusicBrainz release-group API,98b40321-a346-4a73-ba89-7ce868743371,b8ea53e9-b3d1-4040-acc8-7ea58dc808f5,Stradivari: Soundtrack From the Film,1988,Album,,https://musicbrainz.org/release-group/b8ea53e9-b3d1-4040-acc8-7ea58dc808f5,
RC00208,FM023,Aurèle Nicolet,奧雷勒・尼科萊,MusicBrainz release-group API,98b40321-a346-4a73-ba89-7ce868743371,bfc2282c-d2de-4744-96c7-8778d108ac74,Les Goûts-Réunis Ou Nouveaux Concerts,1989-11-27,Album,,https://musicbrainz.org/release-group/bfc2282c-d2de-4744-96c7-8778d108ac74,
RC00209,FM023,Aurèle Nicolet,奧雷勒・尼科萊,MusicBrainz release-group API,98b40321-a346-4a73-ba89-7ce868743371,d32af004-1739-3673-a399-7378a0e88fd7,Flute Concertos,1989,Album,,https://musicbrainz.org/release-group/d32af004-1739-3673-a399-7378a0e88fd7,
RC00210,FM023,Aurèle Nicolet,奧雷勒・尼科萊,MusicBrainz release-group API,98b40321-a346-4a73-ba89-7ce868743371,d468b52d-f37d-41de-9f84-bdfef23b119b,Concertos for Flute and Oboe,1986,Album,,https://musicbrainz.org/release-group/d468b52d-f37d-41de-9f84-bdfef23b119b,
RC00211,FM023,Aurèle Nicolet,奧雷勒・尼科萊,MusicBrainz release-group API,98b40321-a346-4a73-ba89-7ce868743371,d6ba4558-588d-3ace-9d6f-bb51f8dd0690,"6 Flute Concertos, op. 10",1987,Album,,https://musicbrainz.org/release-group/d6ba4558-588d-3ace-9d6f-bb51f8dd0690,
RC00212,FM023,Aurèle Nicolet,奧雷勒・尼科萊,MusicBrainz release-group API,98b40321-a346-4a73-ba89-7ce868743371,dc440437-f1e8-4a0c-a6ae-54977d6936e3,Musikalisches Opfer / Sinfonias,1997,Album,Compilation,https://musicbrainz.org/release-group/dc440437-f1e8-4a0c-a6ae-54977d6936e3,
RC00213,FM023,Aurèle Nicolet,奧雷勒・尼科萊,MusicBrainz release-group API,98b40321-a346-4a73-ba89-7ce868743371,df4516ef-33f8-49ff-ab02-d173a66fd851,"Oktett / Variationen ""Trockne Blumen""",1997-02-17,Album,,https://musicbrainz.org/release-group/df4516ef-33f8-49ff-ab02-d173a66fd851,
RC00214,FM023,Aurèle Nicolet,奧雷勒・尼科萊,MusicBrainz release-group API,98b40321-a346-4a73-ba89-7ce868743371,e7cba312-9cd2-3e1f-84b2-fc2ac1d8dfae,Flute Concertos,1985,Album,,https://musicbrainz.org/release-group/e7cba312-9cd2-3e1f-84b2-fc2ac1d8dfae,
RC00215,FM023,Aurèle Nicolet,奧雷勒・尼科萊,MusicBrainz release-group API,98b40321-a346-4a73-ba89-7ce868743371,eb957983-2d31-41dc-a068-347f8898feb4,Air & Badinerie / Orchester-Suiten,1998-08-17,Album,Compilation,https://musicbrainz.org/release-group/eb957983-2d31-41dc-a068-347f8898feb4,
RC00216,FM023,Aurèle Nicolet,奧雷勒・尼科萊,MusicBrainz release-group API,98b40321-a346-4a73-ba89-7ce868743371,f32aaf65-5eb1-4638-acc5-f3b480358010,4 Flute Concertos / 2 Oboe Concertos / 1 Solo for Harp,1994-09-13,Album,Compilation,https://musicbrainz.org/release-group/f32aaf65-5eb1-4638-acc5-f3b480358010,
RC00217,FM023,Aurèle Nicolet,奧雷勒・尼科萊,MusicBrainz release-group API,98b40321-a346-4a73-ba89-7ce868743371,fa3edc55-043e-44cf-b7d8-7871f2ea6319,Flötenkonzerte des Barock,1994,Album,,https://musicbrainz.org/release-group/fa3edc55-043e-44cf-b7d8-7871f2ea6319,
RC00218,FM023,Aurèle Nicolet,奧雷勒・尼科萊,MusicBrainz release-group API,98b40321-a346-4a73-ba89-7ce868743371,fa9713ca-fbd7-3113-8188-d8d29ff2e8ab,"Flötenkonzerte / Konzert für Flöte, Oboe und Orchester",1989,Album,Compilation,https://musicbrainz.org/release-group/fa9713ca-fbd7-3113-8188-d8d29ff2e8ab,
RC00219,FM023,Aurèle Nicolet,奧雷勒・尼科萊,MusicBrainz release-group API,98b40321-a346-4a73-ba89-7ce868743371,fb183f8b-0dae-47a4-815e-772910220910,"J. S. Bach, Sonatas For Flute And Harpsichord Obligato",1983-06,Album,,https://musicbrainz.org/release-group/fb183f8b-0dae-47a4-815e-772910220910,
RC00220,FM024,Peter-Lukas Graf,彼得-盧卡斯・格拉夫,MusicBrainz release-group API,fdc0c5bb-9755-439f-bef8-9516e0c15536,0edc947a-b4d3-30b7-b981-df57930085e3,Joueurs de Flûte,1994,Album,,https://musicbrainz.org/release-group/0edc947a-b4d3-30b7-b981-df57930085e3,
RC00221,FM024,Peter-Lukas Graf,彼得-盧卡斯・格拉夫,MusicBrainz release-group API,fdc0c5bb-9755-439f-bef8-9516e0c15536,1d2b9f97-d7b9-426d-824d-96eb3ba19159,"Concerti for Flute - Cimarosa,Gluck,Boccherini",1986,Album,,https://musicbrainz.org/release-group/1d2b9f97-d7b9-426d-824d-96eb3ba19159,
RC00222,FM024,Peter-Lukas Graf,彼得-盧卡斯・格拉夫,MusicBrainz release-group API,fdc0c5bb-9755-439f-bef8-9516e0c15536,36dbad92-7897-4e1c-a82c-ae77259ae9bf,Scott Joplin: Ragtimes,2008-07-22,Album,Compilation,https://musicbrainz.org/release-group/36dbad92-7897-4e1c-a82c-ae77259ae9bf,
RC00223,FM024,Peter-Lukas Graf,彼得-盧卡斯・格拉夫,MusicBrainz release-group API,fdc0c5bb-9755-439f-bef8-9516e0c15536,690ee39d-efda-4718-848c-b0d10e037355,"Quantz, Stamitz, Stalder: Flute Concertos",1978,,,https://musicbrainz.org/release-group/690ee39d-efda-4718-848c-b0d10e037355,
RC00224,FM024,Peter-Lukas Graf,彼得-盧卡斯・格拉夫,MusicBrainz release-group API,fdc0c5bb-9755-439f-bef8-9516e0c15536,842232f4-ac68-4282-a3ea-447ee0ad30ee,Werke für Flöte Solo,1989,Album,,https://musicbrainz.org/release-group/842232f4-ac68-4282-a3ea-447ee0ad30ee,
RC00225,FM024,Peter-Lukas Graf,彼得-盧卡斯・格拉夫,MusicBrainz release-group API,fdc0c5bb-9755-439f-bef8-9516e0c15536,a5fcbe18-148f-4e4b-9bf1-5961c1393341,Sechs Flötenkonzerte,1988-07,Album,,https://musicbrainz.org/release-group/a5fcbe18-148f-4e4b-9bf1-5961c1393341,
RC00226,FM024,Peter-Lukas Graf,彼得-盧卡斯・格拉夫,MusicBrainz release-group API,fdc0c5bb-9755-439f-bef8-9516e0c15536,bc11d3a8-fac4-3ae0-9dd1-42128f91fadd,"Mozart: Konzert KV 299 für Flöte, Harfe und Orchester / Spohr: Concertante Nr. 1 für Violine, Harfe und Orchester",1987,Album,,https://musicbrainz.org/release-group/bc11d3a8-fac4-3ae0-9dd1-42128f91fadd,
RC00227,FM024,Peter-Lukas Graf,彼得-盧卡斯・格拉夫,MusicBrainz release-group API,fdc0c5bb-9755-439f-bef8-9516e0c15536,d46a9287-1cb6-47e1-a9de-ceecbcbf4cf0,Flötenquartette,1987,Album,,https://musicbrainz.org/release-group/d46a9287-1cb6-47e1-a9de-ceecbcbf4cf0,
RC00228,FM024,Peter-Lukas Graf,彼得-盧卡斯・格拉夫,MusicBrainz release-group API,fdc0c5bb-9755-439f-bef8-9516e0c15536,de2d0fe1-069e-4465-bb15-f2dcc9a8d3a9,Musik für Flöte und Harfe,,Album,,https://musicbrainz.org/release-group/de2d0fe1-069e-4465-bb15-f2dcc9a8d3a9,
RC00229,FM024,Peter-Lukas Graf,彼得-盧卡斯・格拉夫,MusicBrainz release-group API,fdc0c5bb-9755-439f-bef8-9516e0c15536,ee73b161-c656-479d-bc20-83181d2d4903,Flute Concertos,1986,Album,,https://musicbrainz.org/release-group/ee73b161-c656-479d-bc20-83181d2d4903,
RC00230,FM024,Peter-Lukas Graf,彼得-盧卡斯・格拉夫,MusicBrainz release-group API,fdc0c5bb-9755-439f-bef8-9516e0c15536,fb5cc4c5-0033-3e96-9886-f6e97e81a010,Flötenquartette,1987,Album,Compilation,https://musicbrainz.org/release-group/fb5cc4c5-0033-3e96-9886-f6e97e81a010,
RC00231,FM025,Severino Gazzelloni,塞韋里諾・加澤洛尼,MusicBrainz release-group API,5f543587-f1b0-4111-83ce-83b831146ddb,0a176580-e9be-49ef-8424-4f6257a3bfa3,Complete Works for Flute and Piano,1974,Album,,https://musicbrainz.org/release-group/0a176580-e9be-49ef-8424-4f6257a3bfa3,
RC00232,FM025,Severino Gazzelloni,塞韋里諾・加澤洛尼,MusicBrainz release-group API,5f543587-f1b0-4111-83ce-83b831146ddb,14e831d9-f9cb-43dd-927a-919a3ed39e18,Concertos,2010-07-27,Album,,https://musicbrainz.org/release-group/14e831d9-f9cb-43dd-927a-919a3ed39e18,
RC00233,FM025,Severino Gazzelloni,塞韋里諾・加澤洛尼,MusicBrainz release-group API,5f543587-f1b0-4111-83ce-83b831146ddb,18db3388-6bda-4173-bdca-1862971adcac,Vivaldi Marcello Händel Beethoven Varése Petrassi Fukushima,1993,Album,,https://musicbrainz.org/release-group/18db3388-6bda-4173-bdca-1862971adcac,
RC00234,FM025,Severino Gazzelloni,塞韋里諾・加澤洛尼,MusicBrainz release-group API,5f543587-f1b0-4111-83ce-83b831146ddb,1c3b737e-ca74-44d5-806f-09b6de13cb25,Flötenkonzerte,2000,Album,,https://musicbrainz.org/release-group/1c3b737e-ca74-44d5-806f-09b6de13cb25,
RC00235,FM025,Severino Gazzelloni,塞韋里諾・加澤洛尼,MusicBrainz release-group API,5f543587-f1b0-4111-83ce-83b831146ddb,252f71e7-47f7-4d85-bb86-2bbed820cf3b,Il Flauto nel Barocco Italiano e Tedesco,1981,Album,Compilation,https://musicbrainz.org/release-group/252f71e7-47f7-4d85-bb86-2bbed820cf3b,
RC00236,FM025,Severino Gazzelloni,塞韋里諾・加澤洛尼,MusicBrainz release-group API,5f543587-f1b0-4111-83ce-83b831146ddb,2b64a086-8349-40bf-80ed-a582ea1a22ff,"Concerto per flauto e orchestra, K. 314 / Concerto per violino e orchestra, K. 271a / Concerto per pianoforte e orchestra, K. 415",1990,Album,Compilation; Live,https://musicbrainz.org/release-group/2b64a086-8349-40bf-80ed-a582ea1a22ff,
RC00237,FM025,Severino Gazzelloni,塞韋里諾・加澤洛尼,MusicBrainz release-group API,5f543587-f1b0-4111-83ce-83b831146ddb,3253b484-a3fd-4de6-872b-44f7163365d1,Complete Music for Flute,1996,Album,Compilation,https://musicbrainz.org/release-group/3253b484-a3fd-4de6-872b-44f7163365d1,
RC00238,FM025,Severino Gazzelloni,塞韋里諾・加澤洛尼,MusicBrainz release-group API,5f543587-f1b0-4111-83ce-83b831146ddb,3bfc03fe-b5d9-4aba-bec5-50f6fb47f4ca,Flötenkonzerte des Barock,1998,Album,Compilation,https://musicbrainz.org/release-group/3bfc03fe-b5d9-4aba-bec5-50f6fb47f4ca,
RC00239,FM025,Severino Gazzelloni,塞韋里諾・加澤洛尼,MusicBrainz release-group API,5f543587-f1b0-4111-83ce-83b831146ddb,52fd4f81-36a7-4e22-8c53-fe7ca381326d,"La nuova musica, Volume 10",1990,Album,,https://musicbrainz.org/release-group/52fd4f81-36a7-4e22-8c53-fe7ca381326d,
RC00240,FM025,Severino Gazzelloni,塞韋里諾・加澤洛尼,MusicBrainz release-group API,5f543587-f1b0-4111-83ce-83b831146ddb,712a9c43-3978-362e-bac8-0e9882355579,"Vivaldi Edition, Volume 2",1997,Album,Compilation,https://musicbrainz.org/release-group/712a9c43-3978-362e-bac8-0e9882355579,
RC00241,FM025,Severino Gazzelloni,塞韋里諾・加澤洛尼,MusicBrainz release-group API,5f543587-f1b0-4111-83ce-83b831146ddb,b15256d3-c122-421c-b1d4-f05a2ab002d1,La Nuova Musica - Volume 1,1988,Album,,https://musicbrainz.org/release-group/b15256d3-c122-421c-b1d4-f05a2ab002d1,
RC00242,FM025,Severino Gazzelloni,塞韋里諾・加澤洛尼,MusicBrainz release-group API,5f543587-f1b0-4111-83ce-83b831146ddb,b1a8c879-0a56-44ca-ac84-b76ef298abc5,Die vier Jahreszeiten,,Album,,https://musicbrainz.org/release-group/b1a8c879-0a56-44ca-ac84-b76ef298abc5,
RC00243,FM025,Severino Gazzelloni,塞韋里諾・加澤洛尼,MusicBrainz release-group API,5f543587-f1b0-4111-83ce-83b831146ddb,c4caec57-2654-497a-a9f8-178b7263d7d8,"6 Concerti, op. 10 for Flute, Strings and Continuo",1991,Album,,https://musicbrainz.org/release-group/c4caec57-2654-497a-a9f8-178b7263d7d8,
RC00244,FM025,Severino Gazzelloni,塞韋里諾・加澤洛尼,MusicBrainz release-group API,5f543587-f1b0-4111-83ce-83b831146ddb,da0405c6-dc01-472d-8936-63bff2a1937c,Flute Concertos,1987,Album,,https://musicbrainz.org/release-group/da0405c6-dc01-472d-8936-63bff2a1937c,
RC00245,FM025,Severino Gazzelloni,塞韋里諾・加澤洛尼,MusicBrainz release-group API,5f543587-f1b0-4111-83ce-83b831146ddb,f10381d4-365b-35ee-a32b-4b329df652da,Complete Flute Concertos,1996-09,Album,Compilation,https://musicbrainz.org/release-group/f10381d4-365b-35ee-a32b-4b329df652da,
RC00246,FM025,Severino Gazzelloni,塞韋里諾・加澤洛尼,MusicBrainz release-group API,5f543587-f1b0-4111-83ce-83b831146ddb,f826c820-94aa-4e3f-8ecb-86b5bb312677,Flute Concertos,2004-07-21,Album,,https://musicbrainz.org/release-group/f826c820-94aa-4e3f-8ecb-86b5bb312677,
RC00247,FM025,Severino Gazzelloni,塞韋里諾・加澤洛尼,MusicBrainz release-group API,5f543587-f1b0-4111-83ce-83b831146ddb,fe4fa185-bfc4-3532-8be4-d99aa776a7ad,Il flauto magico,1996,Album,,https://musicbrainz.org/release-group/fe4fa185-bfc4-3532-8be4-d99aa776a7ad,
RC00248,FM026,James Galway,詹姆斯・高威,MusicBrainz release-group API,84045b93-beb0-4bc8-a855-93266ec6bbdc,003749fb-3009-4f2c-8c9a-28750101eae9,Song of the Seashore and Other Melodies of Japan,,Album,,https://musicbrainz.org/release-group/003749fb-3009-4f2c-8c9a-28750101eae9,
RC00249,FM026,James Galway,詹姆斯・高威,MusicBrainz release-group API,84045b93-beb0-4bc8-a855-93266ec6bbdc,03ae93ff-d953-3ef5-98d0-78644f9cff99,Concertos for Flute and Orchestra,1988-04,Album,,https://musicbrainz.org/release-group/03ae93ff-d953-3ef5-98d0-78644f9cff99,
RC00250,FM026,James Galway,詹姆斯・高威,MusicBrainz release-group API,84045b93-beb0-4bc8-a855-93266ec6bbdc,07825f16-d447-42be-9d5c-2fcf1f174327,My Magic Flute,2006,Album,,https://musicbrainz.org/release-group/07825f16-d447-42be-9d5c-2fcf1f174327,
RC00251,FM026,James Galway,詹姆斯・高威,MusicBrainz release-group API,84045b93-beb0-4bc8-a855-93266ec6bbdc,0810fc7e-4850-40b7-a4d2-e084c73e592a,James Galway plays Telemann,1979-10,Album,,https://musicbrainz.org/release-group/0810fc7e-4850-40b7-a4d2-e084c73e592a,
RC00252,FM026,James Galway,詹姆斯・高威,MusicBrainz release-group API,84045b93-beb0-4bc8-a855-93266ec6bbdc,0a300166-e904-3c85-9ca5-d66426a8ca8a,Un-Break My Heart,1999-09,Album,,https://musicbrainz.org/release-group/0a300166-e904-3c85-9ca5-d66426a8ca8a,
RC00253,FM026,James Galway,詹姆斯・高威,MusicBrainz release-group API,84045b93-beb0-4bc8-a855-93266ec6bbdc,161c9da6-5669-454c-bcf4-77e457bb99a1,Flute Concerto in G K. 622G / Andante・Rondo・Allegro,,Album,,https://musicbrainz.org/release-group/161c9da6-5669-454c-bcf4-77e457bb99a1,
RC00254,FM026,James Galway,詹姆斯・高威,MusicBrainz release-group API,84045b93-beb0-4bc8-a855-93266ec6bbdc,1b6a6689-fddc-4a96-92ed-8875d3b33b58,Flute Serenade In D / Flute Sonata In E Major / Trio Sonata In E Minor,2004,Album,,https://musicbrainz.org/release-group/1b6a6689-fddc-4a96-92ed-8875d3b33b58,
RC00255,FM026,James Galway,詹姆斯・高威,MusicBrainz release-group API,84045b93-beb0-4bc8-a855-93266ec6bbdc,1fb07f2b-dfcf-4ff5-860b-83e69d8255a4,The French Recital,1996,Album,,https://musicbrainz.org/release-group/1fb07f2b-dfcf-4ff5-860b-83e69d8255a4,
RC00256,FM026,James Galway,詹姆斯・高威,MusicBrainz release-group API,84045b93-beb0-4bc8-a855-93266ec6bbdc,208f598e-f66a-3f97-be95-9b83ffbf042c,The Enchanted Forest: Melodies of Japan,1990-03,Album,,https://musicbrainz.org/release-group/208f598e-f66a-3f97-be95-9b83ffbf042c,
RC00257,FM026,James Galway,詹姆斯・高威,MusicBrainz release-group API,84045b93-beb0-4bc8-a855-93266ec6bbdc,2414ecd1-744f-4064-a10b-1266c416ba8f,"The Two Flute Concertos / Andante, K 315",1977-03,Album,,https://musicbrainz.org/release-group/2414ecd1-744f-4064-a10b-1266c416ba8f,
RC00258,FM026,James Galway,詹姆斯・高威,MusicBrainz release-group API,84045b93-beb0-4bc8-a855-93266ec6bbdc,2454c787-38f0-436b-b3bf-1c3999446371,Music for My Little Friends,2002-05,Album,,https://musicbrainz.org/release-group/2454c787-38f0-436b-b3bf-1c3999446371,
RC00259,FM026,James Galway,詹姆斯・高威,MusicBrainz release-group API,84045b93-beb0-4bc8-a855-93266ec6bbdc,259064e9-b84a-4700-9dc8-b33ea194ec0c,Copenhagen Concert 11-11-05,2005,Album,,https://musicbrainz.org/release-group/259064e9-b84a-4700-9dc8-b33ea194ec0c,
RC00260,FM026,James Galway,詹姆斯・高威,MusicBrainz release-group API,84045b93-beb0-4bc8-a855-93266ec6bbdc,25c5176f-67c0-3e91-8fb1-eb51f27edd3b,The Four Seasons,1977-05,Album,,https://musicbrainz.org/release-group/25c5176f-67c0-3e91-8fb1-eb51f27edd3b,
RC00261,FM026,James Galway,詹姆斯・高威,MusicBrainz release-group API,84045b93-beb0-4bc8-a855-93266ec6bbdc,295f3041-48a2-471b-a91b-a17e1f9c74a7,A Song of Home: An American Musical Journey,2002-09-24,Album,,https://musicbrainz.org/release-group/295f3041-48a2-471b-a91b-a17e1f9c74a7,
RC00262,FM026,James Galway,詹姆斯・高威,MusicBrainz release-group API,84045b93-beb0-4bc8-a855-93266ec6bbdc,2b413560-55ec-4ece-810b-4cb977732f3f,The Complete Works for Flute,1985-04,Album,,https://musicbrainz.org/release-group/2b413560-55ec-4ece-810b-4cb977732f3f,
RC00263,FM026,James Galway,詹姆斯・高威,MusicBrainz release-group API,84045b93-beb0-4bc8-a855-93266ec6bbdc,2cd16083-2833-46e6-a84f-b8a84091c0c0,Flute & Harp Concerto / Flute Concertos 1 & 2,1999,Album,,https://musicbrainz.org/release-group/2cd16083-2833-46e6-a84f-b8a84091c0c0,
RC00264,FM026,James Galway,詹姆斯・高威,MusicBrainz release-group API,84045b93-beb0-4bc8-a855-93266ec6bbdc,2d3ddc26-6321-32da-83a0-4a8d0a48faf0,Flute Concerto no. 2 / Concertante for Flute and Clarinet / Fantasia for Clarinet and Orchestra,1994-07,Album,,https://musicbrainz.org/release-group/2d3ddc26-6321-32da-83a0-4a8d0a48faf0,
RC00265,FM026,James Galway,詹姆斯・高威,MusicBrainz release-group API,84045b93-beb0-4bc8-a855-93266ec6bbdc,332942e0-6696-3994-a9fc-f97fc07a8286,Serenade,1989,Album,,https://musicbrainz.org/release-group/332942e0-6696-3994-a9fc-f97fc07a8286,
RC00266,FM026,James Galway,詹姆斯・高威,MusicBrainz release-group API,84045b93-beb0-4bc8-a855-93266ec6bbdc,345a0c2a-ecf3-3904-aa20-da719470d545,Flute Quartets,1993,Album,,https://musicbrainz.org/release-group/345a0c2a-ecf3-3904-aa20-da719470d545,
RC00267,FM026,James Galway,詹姆斯・高威,MusicBrainz release-group API,84045b93-beb0-4bc8-a855-93266ec6bbdc,35e24940-3ae9-4b8e-98c3-9822ee3289f8,The Magic Flute of James Galway,1978-03,Album,,https://musicbrainz.org/release-group/35e24940-3ae9-4b8e-98c3-9822ee3289f8,
RC00268,FM026,James Galway,詹姆斯・高威,MusicBrainz release-group API,84045b93-beb0-4bc8-a855-93266ec6bbdc,3d5a028b-7b1f-316c-ac09-f1687eaebb22,Legends,1997-02-25,Album,,https://musicbrainz.org/release-group/3d5a028b-7b1f-316c-ac09-f1687eaebb22,
RC00269,FM026,James Galway,詹姆斯・高威,MusicBrainz release-group API,84045b93-beb0-4bc8-a855-93266ec6bbdc,3e68f8b0-fe86-33c9-a923-b63a56573403,Water Music / Fireworks Music,1993-06-08,Album,,https://musicbrainz.org/release-group/3e68f8b0-fe86-33c9-a923-b63a56573403,
RC00270,FM026,James Galway,詹姆斯・高威,MusicBrainz release-group API,84045b93-beb0-4bc8-a855-93266ec6bbdc,3f00cf0d-7c48-3c25-b180-5154752b9554,In the Pink,1984-08,Album,,https://musicbrainz.org/release-group/3f00cf0d-7c48-3c25-b180-5154752b9554,
RC00271,FM026,James Galway,詹姆斯・高威,MusicBrainz release-group API,84045b93-beb0-4bc8-a855-93266ec6bbdc,4045af84-8c50-4842-967c-beec35b9f26e,Christmas with James Galway,1991-08,Album,,https://musicbrainz.org/release-group/4045af84-8c50-4842-967c-beec35b9f26e,
RC00272,FM026,James Galway,詹姆斯・高威,MusicBrainz release-group API,84045b93-beb0-4bc8-a855-93266ec6bbdc,4049c9bd-d951-4041-a2ff-5cffc3aa398b,Galway plays Mayer: Sri Krishna,1981,Album,,https://musicbrainz.org/release-group/4049c9bd-d951-4041-a2ff-5cffc3aa398b,
RC00273,FM026,James Galway,詹姆斯・高威,MusicBrainz release-group API,84045b93-beb0-4bc8-a855-93266ec6bbdc,447b52dd-a3e4-47b3-9e8b-e0007b75dcc8,The Classical James Galway,1985,Album,,https://musicbrainz.org/release-group/447b52dd-a3e4-47b3-9e8b-e0007b75dcc8,
RC00274,FM026,James Galway,詹姆斯・高威,MusicBrainz release-group API,84045b93-beb0-4bc8-a855-93266ec6bbdc,4642a49b-a758-3070-8f68-0961a5f1ed89,Music for My Friends,1997-12,Album,,https://musicbrainz.org/release-group/4642a49b-a758-3070-8f68-0961a5f1ed89,
RC00275,FM026,James Galway,詹姆斯・高威,MusicBrainz release-group API,84045b93-beb0-4bc8-a855-93266ec6bbdc,47166eb4-f99b-4ea4-a2cd-ba245c360deb,James Galway plays Reinecke,1981-05,Album,,https://musicbrainz.org/release-group/47166eb4-f99b-4ea4-a2cd-ba245c360deb,
RC00276,FM026,James Galway,詹姆斯・高威,MusicBrainz release-group API,84045b93-beb0-4bc8-a855-93266ec6bbdc,478823a3-7073-37c4-ae62-0b4ff02c67d5,The Celtic Minstrel,1996,Album,,https://musicbrainz.org/release-group/478823a3-7073-37c4-ae62-0b4ff02c67d5,
RC00277,FM026,James Galway,詹姆斯・高威,MusicBrainz release-group API,84045b93-beb0-4bc8-a855-93266ec6bbdc,4834a20b-13a3-49f3-9434-04fa045ada25,Sixty Years Sixty Flute Masterpieces (Highlights),1990-01-01,Album,,https://musicbrainz.org/release-group/4834a20b-13a3-49f3-9434-04fa045ada25,
RC00278,FM026,James Galway,詹姆斯・高威,MusicBrainz release-group API,84045b93-beb0-4bc8-a855-93266ec6bbdc,4be931be-d8d8-3e3e-9d0d-cccb6b1b0374,Pachelbel Canon & Other Baroque Favorites,1994,Album,,https://musicbrainz.org/release-group/4be931be-d8d8-3e3e-9d0d-cccb6b1b0374,
RC00279,FM026,James Galway,詹姆斯・高威,MusicBrainz release-group API,84045b93-beb0-4bc8-a855-93266ec6bbdc,4dddc07c-c7b6-4bf3-9fb9-0f1ecc328801,Clair de Lune: Music of Debussy,1986-04,Album,,https://musicbrainz.org/release-group/4dddc07c-c7b6-4bf3-9fb9-0f1ecc328801,
RC00280,FM026,James Galway,詹姆斯・高威,MusicBrainz release-group API,84045b93-beb0-4bc8-a855-93266ec6bbdc,4fc2cc9a-c64d-4829-aa61-7ebf7f963b00,"Bach, Vol. 2: Trio Sonatas",1996-10,Album,,https://musicbrainz.org/release-group/4fc2cc9a-c64d-4829-aa61-7ebf7f963b00,
RC00281,FM026,James Galway,詹姆斯・高威,MusicBrainz release-group API,84045b93-beb0-4bc8-a855-93266ec6bbdc,520543da-98f1-444b-9929-3455dade5fa3,James Galway: Collaborations & Bonus Tracks,2014,Album,,https://musicbrainz.org/release-group/520543da-98f1-444b-9929-3455dade5fa3,
RC00282,FM026,James Galway,詹姆斯・高威,MusicBrainz release-group API,84045b93-beb0-4bc8-a855-93266ec6bbdc,5b5afcbd-7384-35b8-a9ba-5835c28f2050,Song of the Seashore and Other Melodies of Japan,1979-04,Album,,https://musicbrainz.org/release-group/5b5afcbd-7384-35b8-a9ba-5835c28f2050,
RC00283,FM026,James Galway,詹姆斯・高威,MusicBrainz release-group API,84045b93-beb0-4bc8-a855-93266ec6bbdc,5c1c5623-3876-49ad-805f-5cac9b9be41f,Man With the Golden Flute,1976,Album,,https://musicbrainz.org/release-group/5c1c5623-3876-49ad-805f-5cac9b9be41f,
RC00284,FM026,James Galway,詹姆斯・高威,MusicBrainz release-group API,84045b93-beb0-4bc8-a855-93266ec6bbdc,5d56c443-c69f-399a-a9f4-c3ef4ee7b247,Dances For Flute,1993,Album,,https://musicbrainz.org/release-group/5d56c443-c69f-399a-a9f4-c3ef4ee7b247,
RC00285,FM026,James Galway,詹姆斯・高威,MusicBrainz release-group API,84045b93-beb0-4bc8-a855-93266ec6bbdc,5d5e0d7b-6b69-3b24-8cb4-1068248ad5fe,James Galway Plays Songs for Annie,1978,Album,,https://musicbrainz.org/release-group/5d5e0d7b-6b69-3b24-8cb4-1068248ad5fe,
RC00286,FM026,James Galway,詹姆斯・高威,MusicBrainz release-group API,84045b93-beb0-4bc8-a855-93266ec6bbdc,5e1b6307-5695-3ac6-bfa8-857aa6a40199,Winter's Crossing,1998-08,Album,,https://musicbrainz.org/release-group/5e1b6307-5695-3ac6-bfa8-857aa6a40199,
RC00287,FM026,James Galway,詹姆斯・高威,MusicBrainz release-group API,84045b93-beb0-4bc8-a855-93266ec6bbdc,5f2ee69f-e7ab-32ba-a3ad-07722e6f3dee,Konsert för flöjt och harpa / Flöjtkonsert nr. 1,1995,Album,,https://musicbrainz.org/release-group/5f2ee69f-e7ab-32ba-a3ad-07722e6f3dee,
RC00288,FM026,James Galway,詹姆斯・高威,MusicBrainz release-group API,84045b93-beb0-4bc8-a855-93266ec6bbdc,622ea9d0-7657-44fe-bdc4-052302e1f7ae,James Galway Plays the Music of Sir Malcolm Arnold,1997-10,Album,,https://musicbrainz.org/release-group/622ea9d0-7657-44fe-bdc4-052302e1f7ae,
RC00289,FM026,James Galway,詹姆斯・高威,MusicBrainz release-group API,84045b93-beb0-4bc8-a855-93266ec6bbdc,656617d3-f5b3-4cf4-be92-0cad5572bd58,In Dulci Jubilo,1991,Album,,https://musicbrainz.org/release-group/656617d3-f5b3-4cf4-be92-0cad5572bd58,
RC00290,FM026,James Galway,詹姆斯・高威,MusicBrainz release-group API,84045b93-beb0-4bc8-a855-93266ec6bbdc,6889ae11-3ac7-4102-b3af-182a76b3f9d5,"J.S. Bach Suite No. 2 / Concerto for Flute, Violin and Harpsichord",1992-07,Album,,https://musicbrainz.org/release-group/6889ae11-3ac7-4102-b3af-182a76b3f9d5,
RC00291,FM026,James Galway,詹姆斯・高威,MusicBrainz release-group API,84045b93-beb0-4bc8-a855-93266ec6bbdc,6b992ec8-a5c6-37b6-bf5a-8e603815ada0,Over the Sea to Skye: The Celtic Connection,1990-05,Album,,https://musicbrainz.org/release-group/6b992ec8-a5c6-37b6-bf5a-8e603815ada0,
RC00292,FM026,James Galway,詹姆斯・高威,MusicBrainz release-group API,84045b93-beb0-4bc8-a855-93266ec6bbdc,6cff7a73-a02f-4cec-8e5b-610d53a5b346,Hommage a Rampal,1999-10,Album,,https://musicbrainz.org/release-group/6cff7a73-a02f-4cec-8e5b-610d53a5b346,
RC00293,FM026,James Galway,詹姆斯・高威,MusicBrainz release-group API,84045b93-beb0-4bc8-a855-93266ec6bbdc,717bd224-cd7d-4c2b-9c68-2bcea7f7e1cb,Mozart: Flute Concertos Nos. 1 & 2 / Concerto for Flute and Harp,1990-03-21,Album,,https://musicbrainz.org/release-group/717bd224-cd7d-4c2b-9c68-2bcea7f7e1cb,
RC00294,FM026,James Galway,詹姆斯・高威,MusicBrainz release-group API,84045b93-beb0-4bc8-a855-93266ec6bbdc,74e81aad-2d3b-420e-a2b6-ce265646b18a,Flute Dreams,2007,Album,,https://musicbrainz.org/release-group/74e81aad-2d3b-420e-a2b6-ce265646b18a,
RC00295,FM026,James Galway,詹姆斯・高威,MusicBrainz release-group API,84045b93-beb0-4bc8-a855-93266ec6bbdc,781806a3-cea8-4ab6-bab0-2535cadf918c,Play Giuliani,1992-07,Album,,https://musicbrainz.org/release-group/781806a3-cea8-4ab6-bab0-2535cadf918c,
RC00296,FM026,James Galway,詹姆斯・高威,MusicBrainz release-group API,84045b93-beb0-4bc8-a855-93266ec6bbdc,78a255b8-c112-3855-ac78-962f124321dd,The Lark in the Clear Air,1993-07,Album,,https://musicbrainz.org/release-group/78a255b8-c112-3855-ac78-962f124321dd,
RC00297,FM026,James Galway,詹姆斯・高威,MusicBrainz release-group API,84045b93-beb0-4bc8-a855-93266ec6bbdc,81ecfaba-32d8-45b2-b7f3-1aa586314386,James Galway Plays Khachaturian,1985-04,Album,,https://musicbrainz.org/release-group/81ecfaba-32d8-45b2-b7f3-1aa586314386,
RC00298,FM026,James Galway,詹姆斯・高威,MusicBrainz release-group API,84045b93-beb0-4bc8-a855-93266ec6bbdc,92ac7b5a-e904-3c63-bd37-122264d5b911,Sonatas,1988-09,Album,,https://musicbrainz.org/release-group/92ac7b5a-e904-3c63-bd37-122264d5b911,
RC00299,FM026,James Galway,詹姆斯・高威,MusicBrainz release-group API,84045b93-beb0-4bc8-a855-93266ec6bbdc,94f8f53f-8887-3180-8542-76f938583e05,Pied Piper Fantasy,1987-10,Album,,https://musicbrainz.org/release-group/94f8f53f-8887-3180-8542-76f938583e05,
RC00300,FM026,James Galway,詹姆斯・高威,MusicBrainz release-group API,84045b93-beb0-4bc8-a855-93266ec6bbdc,95b8a2c8-e05a-4ac4-8610-788c8a6ecde8,Sakura: Melodies of Japan,,Album,,https://musicbrainz.org/release-group/95b8a2c8-e05a-4ac4-8610-788c8a6ecde8,
RC00301,FM026,James Galway,詹姆斯・高威,MusicBrainz release-group API,84045b93-beb0-4bc8-a855-93266ec6bbdc,96766339-b537-3aaf-b7b8-095f262fe706,Beauty and the Beast: Galway at the Movies,1992-07,Album,,https://musicbrainz.org/release-group/96766339-b537-3aaf-b7b8-095f262fe706,
RC00302,FM026,James Galway,詹姆斯・高威,MusicBrainz release-group API,84045b93-beb0-4bc8-a855-93266ec6bbdc,9841cb7e-02bd-4c01-9767-9d1137ea738f,James Galway Plays Stamitz,1981-01,Album,,https://musicbrainz.org/release-group/9841cb7e-02bd-4c01-9767-9d1137ea738f,
RC00303,FM026,James Galway,詹姆斯・高威,MusicBrainz release-group API,84045b93-beb0-4bc8-a855-93266ec6bbdc,98da55ff-a2af-4d71-a59d-2d6d59b2e44f,Wings of Song,2004-06,Album,,https://musicbrainz.org/release-group/98da55ff-a2af-4d71-a59d-2d6d59b2e44f,
RC00304,FM026,James Galway,詹姆斯・高威,MusicBrainz release-group API,84045b93-beb0-4bc8-a855-93266ec6bbdc,9af70f62-e5fa-34f5-bc0b-82fd7e70c82f,Tango del Fuego,1999-02,Album,,https://musicbrainz.org/release-group/9af70f62-e5fa-34f5-bc0b-82fd7e70c82f,
RC00305,FM026,James Galway,詹姆斯・高威,MusicBrainz release-group API,84045b93-beb0-4bc8-a855-93266ec6bbdc,a13266c1-82d1-4dd7-a05e-4c854c2f7924,James Galway Plays Mozart,1979-05,Album,,https://musicbrainz.org/release-group/a13266c1-82d1-4dd7-a05e-4c854c2f7924,with London Symphony Orchestra
RC00306,FM026,James Galway,詹姆斯・高威,MusicBrainz release-group API,84045b93-beb0-4bc8-a855-93266ec6bbdc,a193a0d1-82e2-4aca-b988-6a9411522a32,Phoenix,1985-04,Album,,https://musicbrainz.org/release-group/a193a0d1-82e2-4aca-b988-6a9411522a32,
RC00307,FM026,James Galway,詹姆斯・高威,MusicBrainz release-group API,84045b93-beb0-4bc8-a855-93266ec6bbdc,a454cbeb-e77a-383a-aed5-44289caac494,Italian Flute Concertos,1993-07,Album,,https://musicbrainz.org/release-group/a454cbeb-e77a-383a-aed5-44289caac494,
RC00308,FM026,James Galway,詹姆斯・高威,MusicBrainz release-group API,84045b93-beb0-4bc8-a855-93266ec6bbdc,a72e9c5e-1d1e-425a-a049-1f94bd5559cb,Belle-île-en-mer : Les plus belles chansons jouées à la flûte,1994,Album,,https://musicbrainz.org/release-group/a72e9c5e-1d1e-425a-a049-1f94bd5559cb,
RC00309,FM026,James Galway,詹姆斯・高威,MusicBrainz release-group API,84045b93-beb0-4bc8-a855-93266ec6bbdc,a843ad58-7866-48ca-945f-148f8ed76879,Italian Serenade,1986-10,Album,,https://musicbrainz.org/release-group/a843ad58-7866-48ca-945f-148f8ed76879,
RC00310,FM026,James Galway,詹姆斯・高威,MusicBrainz release-group API,84045b93-beb0-4bc8-a855-93266ec6bbdc,aa41ffff-a8d1-37af-9da5-4fc474a2fbc5,"6 Concerti, op. 10",1985-04,Album,,https://musicbrainz.org/release-group/aa41ffff-a8d1-37af-9da5-4fc474a2fbc5,
RC00311,FM026,James Galway,詹姆斯・高威,MusicBrainz release-group API,84045b93-beb0-4bc8-a855-93266ec6bbdc,acdbf498-f8ba-4610-a5ac-8f935a4c5e4b,Dudley Moore introduces Concerto! Mozart: Concerto for Flute and Harp,1993,Album,,https://musicbrainz.org/release-group/acdbf498-f8ba-4610-a5ac-8f935a4c5e4b,
RC00312,FM026,James Galway,詹姆斯・高威,MusicBrainz release-group API,84045b93-beb0-4bc8-a855-93266ec6bbdc,aeede3c6-31e2-4508-ad8d-ab9aa66c6b1c,3 Concertos,1990,Album,,https://musicbrainz.org/release-group/aeede3c6-31e2-4508-ad8d-ab9aa66c6b1c,
RC00313,FM026,James Galway,詹姆斯・高威,MusicBrainz release-group API,84045b93-beb0-4bc8-a855-93266ec6bbdc,b1b69409-b7e0-412c-a94c-8b12d5b663a1,Impressions,1995-02-14,Album,,https://musicbrainz.org/release-group/b1b69409-b7e0-412c-a94c-8b12d5b663a1,
RC00314,FM026,James Galway,詹姆斯・高威,MusicBrainz release-group API,84045b93-beb0-4bc8-a855-93266ec6bbdc,bd64ffb0-de2c-3005-8a03-89451181769e,Flute Concertos / Concerto for Flute and Harp,1997,Album,,https://musicbrainz.org/release-group/bd64ffb0-de2c-3005-8a03-89451181769e,
RC00315,FM026,James Galway,詹姆斯・高威,MusicBrainz release-group API,84045b93-beb0-4bc8-a855-93266ec6bbdc,be23f5bf-d704-41d9-9ee4-af505aa4dfac,James Galway Conducts Handel,1985,Album,,https://musicbrainz.org/release-group/be23f5bf-d704-41d9-9ee4-af505aa4dfac,
RC00316,FM026,James Galway,詹姆斯・高威,MusicBrainz release-group API,84045b93-beb0-4bc8-a855-93266ec6bbdc,bfcdb5d6-85bd-43d9-9792-2af5bc1784d4,Flute Concertos,1996-10,Album,,https://musicbrainz.org/release-group/bfcdb5d6-85bd-43d9-9792-2af5bc1784d4,
RC00317,FM026,James Galway,詹姆斯・高威,MusicBrainz release-group API,84045b93-beb0-4bc8-a855-93266ec6bbdc,c0690046-3b49-4b1f-a522-65facc849054,Sonatas for Flute and Piano,1975-11,Album,,https://musicbrainz.org/release-group/c0690046-3b49-4b1f-a522-65facc849054,
RC00318,FM026,James Galway,詹姆斯・高威,MusicBrainz release-group API,84045b93-beb0-4bc8-a855-93266ec6bbdc,c44185f2-a5b2-3e58-a14c-1fd865378f38,Suite no. 2 / Concerto / Trio Sonatas,1982-02,Album,,https://musicbrainz.org/release-group/c44185f2-a5b2-3e58-a14c-1fd865378f38,
RC00319,FM026,James Galway,詹姆斯・高威,MusicBrainz release-group API,84045b93-beb0-4bc8-a855-93266ec6bbdc,c542abca-8865-31f7-8d92-62e87c0b0590,The Wayward Wind,1982-09,Album,,https://musicbrainz.org/release-group/c542abca-8865-31f7-8d92-62e87c0b0590,
RC00320,FM026,James Galway,詹姆斯・高威,MusicBrainz release-group API,84045b93-beb0-4bc8-a855-93266ec6bbdc,c7990805-f263-4ec7-b851-dd915d84f538,James Galway Plays Bach,1978-09,Album,,https://musicbrainz.org/release-group/c7990805-f263-4ec7-b851-dd915d84f538,
RC00321,FM026,James Galway,詹姆斯・高威,MusicBrainz release-group API,84045b93-beb0-4bc8-a855-93266ec6bbdc,c9f10584-cd95-486b-8045-77959ab2dbdf,Serenade for Flute,1972,Album,,https://musicbrainz.org/release-group/c9f10584-cd95-486b-8045-77959ab2dbdf,
RC00322,FM026,James Galway,詹姆斯・高威,MusicBrainz release-group API,84045b93-beb0-4bc8-a855-93266ec6bbdc,ca6b8902-69b6-4f9d-a164-6a1605af5950,The Magic Flute of James Galway,1992-03-10,Album,,https://musicbrainz.org/release-group/ca6b8902-69b6-4f9d-a164-6a1605af5950,
RC00323,FM026,James Galway,詹姆斯・高威,MusicBrainz release-group API,84045b93-beb0-4bc8-a855-93266ec6bbdc,cbb94a86-b27a-38f3-a3e7-cdcc2e43cc85,James Galway’s Christmas Carol,1986-08,Album,,https://musicbrainz.org/release-group/cbb94a86-b27a-38f3-a3e7-cdcc2e43cc85,
RC00324,FM026,James Galway,詹姆斯・高威,MusicBrainz release-group API,84045b93-beb0-4bc8-a855-93266ec6bbdc,cc22d46b-b8a5-3fa6-a56e-e669b10474a5,The Wind Beneath My Wings,1991-09,Album,,https://musicbrainz.org/release-group/cc22d46b-b8a5-3fa6-a56e-e669b10474a5,
RC00325,FM026,James Galway,詹姆斯・高威,MusicBrainz release-group API,84045b93-beb0-4bc8-a855-93266ec6bbdc,ce955138-16b5-334d-9cff-90f8ea2ad609,In Ireland,1987-01,Album,,https://musicbrainz.org/release-group/ce955138-16b5-334d-9cff-90f8ea2ad609,
RC00326,FM026,James Galway,詹姆斯・高威,MusicBrainz release-group API,84045b93-beb0-4bc8-a855-93266ec6bbdc,d14605dc-67a7-4120-baf5-720ff0135086,6 Concertos,1989-09,Album,,https://musicbrainz.org/release-group/d14605dc-67a7-4120-baf5-720ff0135086,
RC00327,FM026,James Galway,詹姆斯・高威,MusicBrainz release-group API,84045b93-beb0-4bc8-a855-93266ec6bbdc,d2594c4d-70d0-4604-a7e3-7a6ee71afef2,The James Galway Collection,1993,Album,,https://musicbrainz.org/release-group/d2594c4d-70d0-4604-a7e3-7a6ee71afef2,
RC00328,FM026,James Galway,詹姆斯・高威,MusicBrainz release-group API,84045b93-beb0-4bc8-a855-93266ec6bbdc,d50dfe97-c328-4587-a8ba-b3c51b8c99cc,James Galway Plays Showpieces for Flute,1975,Album,,https://musicbrainz.org/release-group/d50dfe97-c328-4587-a8ba-b3c51b8c99cc,
RC00329,FM026,James Galway,詹姆斯・高威,MusicBrainz release-group API,84045b93-beb0-4bc8-a855-93266ec6bbdc,d5fb5a37-51da-4e74-bf2c-dfe660efa93e,The Musical World of James Galway,,Album,,https://musicbrainz.org/release-group/d5fb5a37-51da-4e74-bf2c-dfe660efa93e,
RC00330,FM026,James Galway,詹姆斯・高威,MusicBrainz release-group API,84045b93-beb0-4bc8-a855-93266ec6bbdc,d7c23e00-8354-3d6e-a6d9-a98025362226,Wind of Change,1994-07,Album,,https://musicbrainz.org/release-group/d7c23e00-8354-3d6e-a6d9-a98025362226,
RC00331,FM026,James Galway,詹姆斯・高威,MusicBrainz release-group API,84045b93-beb0-4bc8-a855-93266ec6bbdc,d8ebeb79-db7a-4777-bdb4-632f61cd3d2f,James Galway plays Lowell Liebermann,1998-09,Album,,https://musicbrainz.org/release-group/d8ebeb79-db7a-4777-bdb4-632f61cd3d2f,
RC00332,FM026,James Galway,詹姆斯・高威,MusicBrainz release-group API,84045b93-beb0-4bc8-a855-93266ec6bbdc,da6efd09-6aa8-346e-8f5a-d35b6a27f3ac,4 Concertos,1991-03,Album,,https://musicbrainz.org/release-group/da6efd09-6aa8-346e-8f5a-d35b6a27f3ac,
RC00333,FM026,James Galway,詹姆斯・高威,MusicBrainz release-group API,84045b93-beb0-4bc8-a855-93266ec6bbdc,e2b55691-b5da-3905-8e31-597a0a9eeef7,"The Pachelbel Canon and I Started a Joke, Jamaican Rumba, the Carnival Is Over, and Others",1981-06,Album,,https://musicbrainz.org/release-group/e2b55691-b5da-3905-8e31-597a0a9eeef7,
RC00334,FM026,James Galway,詹姆斯・高威,MusicBrainz release-group API,84045b93-beb0-4bc8-a855-93266ec6bbdc,e56c4734-08ec-388a-ab06-8e57692faec4,James Galway Plays Mozart,1988-12,Album,,https://musicbrainz.org/release-group/e56c4734-08ec-388a-ab06-8e57692faec4,with Chamber Orchestra of Europe
RC00335,FM026,James Galway,詹姆斯・高威,MusicBrainz release-group API,84045b93-beb0-4bc8-a855-93266ec6bbdc,e68c950a-61de-41ae-9011-3e43fb69d067,O'Reilly Street,2008-08,Album,,https://musicbrainz.org/release-group/e68c950a-61de-41ae-9011-3e43fb69d067,
RC00336,FM026,James Galway,詹姆斯・高威,MusicBrainz release-group API,84045b93-beb0-4bc8-a855-93266ec6bbdc,e7d524df-b52e-4cae-9f13-7fab41b11ef3,The Two Flute Concertos,1982-10,Album,,https://musicbrainz.org/release-group/e7d524df-b52e-4cae-9f13-7fab41b11ef3,
RC00337,FM026,James Galway,詹姆斯・高威,MusicBrainz release-group API,84045b93-beb0-4bc8-a855-93266ec6bbdc,eb8bf7bf-1382-49e4-a2f6-3188bf0fbaba,James Galway plays Beethoven,1990-02,Album,,https://musicbrainz.org/release-group/eb8bf7bf-1382-49e4-a2f6-3188bf0fbaba,
RC00338,FM026,James Galway,詹姆斯・高威,MusicBrainz release-group API,84045b93-beb0-4bc8-a855-93266ec6bbdc,f0a4a0cc-ad4b-3684-871a-91b8f117ef79,Nocturne,1983-08,Album,Compilation,https://musicbrainz.org/release-group/f0a4a0cc-ad4b-3684-871a-91b8f117ef79,
RC00339,FM026,James Galway,詹姆斯・高威,MusicBrainz release-group API,84045b93-beb0-4bc8-a855-93266ec6bbdc,f2ab9465-bb07-4d80-9c81-2903565be8d7,James Galway plays Schubert,1984-08,Album,,https://musicbrainz.org/release-group/f2ab9465-bb07-4d80-9c81-2903565be8d7,
RC00340,FM026,James Galway,詹姆斯・高威,MusicBrainz release-group API,84045b93-beb0-4bc8-a855-93266ec6bbdc,f592fbee-525d-41ff-a209-be5ffa07b66f,"Concerto No. 1, K.313 / Andante, K.315 / Concerto for Flute & Harp, K.299",1988,Album,,https://musicbrainz.org/release-group/f592fbee-525d-41ff-a209-be5ffa07b66f,
RC00341,FM026,James Galway,詹姆斯・高威,MusicBrainz release-group API,84045b93-beb0-4bc8-a855-93266ec6bbdc,f7385b58-2ae7-373d-8586-72b86c9d6a13,3 Concertos,1990-07-11,Album,,https://musicbrainz.org/release-group/f7385b58-2ae7-373d-8586-72b86c9d6a13,
RC00342,FM026,James Galway,詹姆斯・高威,MusicBrainz release-group API,84045b93-beb0-4bc8-a855-93266ec6bbdc,f747a2ec-c6ad-426c-8a86-b0b528f6aff8,Peace on Earth: A Bavarian Christmas,1992,Album,,https://musicbrainz.org/release-group/f747a2ec-c6ad-426c-8a86-b0b528f6aff8,
RC00343,FM026,James Galway,詹姆斯・高威,MusicBrainz release-group API,84045b93-beb0-4bc8-a855-93266ec6bbdc,f9275381-9b80-4693-b700-dd6eb540a41a,French Flute Concertos,1980-10,Album,,https://musicbrainz.org/release-group/f9275381-9b80-4693-b700-dd6eb540a41a,
RC00344,FM026,James Galway,詹姆斯・高威,MusicBrainz release-group API,84045b93-beb0-4bc8-a855-93266ec6bbdc,fc412476-2fb1-498b-80c4-60e5091278ec,"Works For Violin, Violoncello And Flute",1998,,,https://musicbrainz.org/release-group/fc412476-2fb1-498b-80c4-60e5091278ec,
RC00345,FM026,James Galway,詹姆斯・高威,MusicBrainz release-group API,84045b93-beb0-4bc8-a855-93266ec6bbdc,fd1e8822-1683-335c-b25f-483a12b05250,Sometimes When We Touch,1980-06,Album,,https://musicbrainz.org/release-group/fd1e8822-1683-335c-b25f-483a12b05250,
RC00346,FM026,James Galway,詹姆斯・高威,MusicBrainz release-group API,84045b93-beb0-4bc8-a855-93266ec6bbdc,fdcda71c-4bb3-44b6-9ba9-8cdb440ad2ca,James Galway plays Rodrigo,1979-08,Album,,https://musicbrainz.org/release-group/fdcda71c-4bb3-44b6-9ba9-8cdb440ad2ca,
RC00347,FM026,James Galway,詹姆斯・高威,MusicBrainz release-group API,84045b93-beb0-4bc8-a855-93266ec6bbdc,ff020da9-a8f3-37ad-b160-ab968a5dffb5,Love Song,2001,Album,,https://musicbrainz.org/release-group/ff020da9-a8f3-37ad-b160-ab968a5dffb5,
RC00348,FM029,Michel Debost,米歇爾・德博斯特,MusicBrainz release-group API,34d87c87-a93e-477e-afd3-5cba313c7eea,10ba3eca-a731-4c55-aafb-76ee67715ba3,"Faure: Musique de chambre, Vol. 1",,Album,,https://musicbrainz.org/release-group/10ba3eca-a731-4c55-aafb-76ee67715ba3,
RC00349,FM029,Michel Debost,米歇爾・德博斯特,MusicBrainz release-group API,34d87c87-a93e-477e-afd3-5cba313c7eea,1d7e9367-2e9c-4ce9-9ad2-a1bc44170956,Carnival of the Animals / Septet in E flat op. 65,2021-12-03,Album,,https://musicbrainz.org/release-group/1d7e9367-2e9c-4ce9-9ad2-a1bc44170956,
RC00350,FM029,Michel Debost,米歇爾・德博斯特,MusicBrainz release-group API,34d87c87-a93e-477e-afd3-5cba313c7eea,400c5fee-2e67-4d28-9fa2-7ba9cf50bd22,"Wind Concertos, Serenade K. 361",2005,Album,Compilation,https://musicbrainz.org/release-group/400c5fee-2e67-4d28-9fa2-7ba9cf50bd22,
RC00351,FM029,Michel Debost,米歇爾・德博斯特,MusicBrainz release-group API,34d87c87-a93e-477e-afd3-5cba313c7eea,4d7fd9a3-add7-489c-b921-76745c1b362c,Flûte Panorama 1: Paris 1920 - 1960,1993,Album,,https://musicbrainz.org/release-group/4d7fd9a3-add7-489c-b921-76745c1b362c,
RC00352,FM029,Michel Debost,米歇爾・德博斯特,MusicBrainz release-group API,34d87c87-a93e-477e-afd3-5cba313c7eea,706da599-b31e-476d-8e4b-ac7618aa6bf6,Flute and Oboe Concertos / Eine kleine Nachtmusik,1990,Album,,https://musicbrainz.org/release-group/706da599-b31e-476d-8e4b-ac7618aa6bf6,
RC00353,FM029,Michel Debost,米歇爾・德博斯特,MusicBrainz release-group API,34d87c87-a93e-477e-afd3-5cba313c7eea,a62a46fd-645a-46a1-94a5-8884c2563ea5,Musique de chambre,2006,Album,,https://musicbrainz.org/release-group/a62a46fd-645a-46a1-94a5-8884c2563ea5,
RC00354,FM029,Michel Debost,米歇爾・德博斯特,MusicBrainz release-group API,34d87c87-a93e-477e-afd3-5cba313c7eea,c52dad13-75cd-46c3-b8dd-deba2ca3ee79,Concertos pour flûte / Concerto pour flûte & harpe,1996,Album,,https://musicbrainz.org/release-group/c52dad13-75cd-46c3-b8dd-deba2ca3ee79,
RC00355,FM030,Trevor Wye,特雷弗・懷伊,MusicBrainz release-group API,64c34be8-f782-480e-b1c3-3965fde88cb2,925d3bf2-323f-48c7-b925-3e4cd90495bd,A Victorian Musical Evening,,Album,Compilation,https://musicbrainz.org/release-group/925d3bf2-323f-48c7-b925-3e4cd90495bd,
RC00356,FM030,Trevor Wye,特雷弗・懷伊,MusicBrainz release-group API,64c34be8-f782-480e-b1c3-3965fde88cb2,fa5a257e-6908-435c-8135-5d8eb3e5b402,Practice Books for the Flute vols. 1-5,,,,https://musicbrainz.org/release-group/fa5a257e-6908-435c-8135-5d8eb3e5b402,
RC00357,FM033,Samuel Baron,塞繆爾・巴倫,MusicBrainz release-group API,f905e00c-9bfc-4dda-8e2b-8630d93ee551,53448b22-4a81-40cb-8aac-6fc51d18f213,"Franchetti: Three Italian Masques / Johnson: Trio for Flute, Oboe and Piano",2025-06-17,Album,,https://musicbrainz.org/release-group/53448b22-4a81-40cb-8aac-6fc51d18f213,
RC00358,FM033,Samuel Baron,塞繆爾・巴倫,MusicBrainz release-group API,f905e00c-9bfc-4dda-8e2b-8630d93ee551,79d181e2-ec5d-444d-8002-7e107176a56e,Music for Flute & Tape,1974,Album,,https://musicbrainz.org/release-group/79d181e2-ec5d-444d-8002-7e107176a56e,
RC00359,FM033,Samuel Baron,塞繆爾・巴倫,MusicBrainz release-group API,f905e00c-9bfc-4dda-8e2b-8630d93ee551,f683cf5c-3b98-4679-b89b-1a86522c6168,Lee: Five Songs on poems by Federico Garcia Lorca / Bucci: Summer Aria and Spring Aria from “Tale for a Deaf Ear” / Bucci: Vocalise and Tog Of War from Concerto for a Singing Instrument,2025-09-16,Album,,https://musicbrainz.org/release-group/f683cf5c-3b98-4679-b89b-1a86522c6168,
RC00360,FM034,Albert Tipton,阿爾伯特・蒂普頓,MusicBrainz release-group API,6d96afd0-2392-494d-80f8-4e9bf55084f9,04b88604-4b68-48e1-baef-5dbab46b9bae,The Platinum Flute,1969,Album,,https://musicbrainz.org/release-group/04b88604-4b68-48e1-baef-5dbab46b9bae,
RC00361,FM034,Albert Tipton,阿爾伯特・蒂普頓,MusicBrainz release-group API,6d96afd0-2392-494d-80f8-4e9bf55084f9,275f0dc5-e0be-4296-b5c3-36682aca088f,"Violin Sonata in A major, M. 8",,Other,Live,https://musicbrainz.org/release-group/275f0dc5-e0be-4296-b5c3-36682aca088f,
RC00362,FM036,Doriot Anthony Dwyer,多里奧特・安東尼・德懷爾,MusicBrainz release-group API,71f18f4f-9e51-4388-a74c-439264f617f0,971060a9-d487-4ed8-9b68-fe6d520372e1,Zwilich: Concerto for Flute and Orchestra / Piston: Concerto for Flute and Orchestra / Bernstein: Halil,1992,Album,,https://musicbrainz.org/release-group/971060a9-d487-4ed8-9b68-fe6d520372e1,
RC00363,FM042,Jeanne Baxtresser,珍妮・巴克斯特雷瑟,MusicBrainz release-group API,5b103e52-b3d0-4a5d-8b83-ae250bc29204,c3269b27-44f0-49d7-ae9e-550af1705a21,Suite for Flute & Jazz Piano,2010-10-01,Album,,https://musicbrainz.org/release-group/c3269b27-44f0-49d7-ae9e-550af1705a21,
RC00364,FM046,Paula Robison,寶拉・羅賓遜,MusicBrainz release-group API,4ec969ea-4f63-4a0b-a502-1389966686c4,0c6222e6-e37b-48ab-8e79-be74a8f20ca8,By the Old Pine Tree,2006-01-01,Album,,https://musicbrainz.org/release-group/0c6222e6-e37b-48ab-8e79-be74a8f20ca8,
RC00365,FM046,Paula Robison,寶拉・羅賓遜,MusicBrainz release-group API,4ec969ea-4f63-4a0b-a502-1389966686c4,0d3e6762-9b69-4f3e-8844-608ed42b87b1,The Complete Sonatas for Flute,2004-04-06,Album,,https://musicbrainz.org/release-group/0d3e6762-9b69-4f3e-8844-608ed42b87b1,
RC00366,FM046,Paula Robison,寶拉・羅賓遜,MusicBrainz release-group API,4ec969ea-4f63-4a0b-a502-1389966686c4,94cbca7c-7668-4cc8-838f-70d2ac68643a,Four Quartets for Flute and Strings,1991-04,Album,,https://musicbrainz.org/release-group/94cbca7c-7668-4cc8-838f-70d2ac68643a,
RC00367,FM046,Paula Robison,寶拉・羅賓遜,MusicBrainz release-group API,4ec969ea-4f63-4a0b-a502-1389966686c4,998eb31c-2bf5-4b7f-a8c4-702b57d93f78,"Rio Days, Rio Nights",1998,Album,,https://musicbrainz.org/release-group/998eb31c-2bf5-4b7f-a8c4-702b57d93f78,
RC00368,FM046,Paula Robison,寶拉・羅賓遜,MusicBrainz release-group API,4ec969ea-4f63-4a0b-a502-1389966686c4,c1fc8bac-93eb-4c3c-8e1b-88a85e67e54f,Mountain Songs,1986,Album,,https://musicbrainz.org/release-group/c1fc8bac-93eb-4c3c-8e1b-88a85e67e54f,
RC00369,FM046,Paula Robison,寶拉・羅賓遜,MusicBrainz release-group API,4ec969ea-4f63-4a0b-a502-1389966686c4,dbb7c608-5888-4bbe-95a0-e955c54b350e,Musique de chambre pour instruments a vent,1984,Album,,https://musicbrainz.org/release-group/dbb7c608-5888-4bbe-95a0-e955c54b350e,
RC00370,FM046,Paula Robison,寶拉・羅賓遜,MusicBrainz release-group API,4ec969ea-4f63-4a0b-a502-1389966686c4,de7db18e-a22b-422f-b0d8-8dfcbb9a288f,"Brasileirinho – Choros, Chorinhos, Bossas & Bach",1993,Album,,https://musicbrainz.org/release-group/de7db18e-a22b-422f-b0d8-8dfcbb9a288f,
RC00371,FM046,Paula Robison,寶拉・羅賓遜,MusicBrainz release-group API,4ec969ea-4f63-4a0b-a502-1389966686c4,edd06f72-5116-3ee6-a60e-da3b5745c6c3,Eden: Out of Time & Out of Space,,Album,,https://musicbrainz.org/release-group/edd06f72-5116-3ee6-a60e-da3b5745c6c3,
RC00372,FM047,Ransom Wilson,蘭森・威爾遜,MusicBrainz release-group API,d4545789-e3ec-4d74-b3a4-99339d6df353,12d71822-b009-46a8-8c49-520638e6f827,Schubert: Trockne Blume / Beethoven: Serenade / Schumann: 3 Romanzen & 3 Lieder,2015-06,Album,,https://musicbrainz.org/release-group/12d71822-b009-46a8-8c49-520638e6f827,
RC00373,FM047,Ransom Wilson,蘭森・威爾遜,MusicBrainz release-group API,d4545789-e3ec-4d74-b3a4-99339d6df353,213423bb-d6f1-40a6-af90-bbfbde5367bf,Vermont Counterpoint / Facades / Stonehenge / Syrinx / Ascèses (I),1982,Album,,https://musicbrainz.org/release-group/213423bb-d6f1-40a6-af90-bbfbde5367bf,
RC00374,FM047,Ransom Wilson,蘭森・威爾遜,MusicBrainz release-group API,d4545789-e3ec-4d74-b3a4-99339d6df353,37802c28-123c-48cc-9ab9-9ec11d8a81e0,Flute Music by French Composers,,,,https://musicbrainz.org/release-group/37802c28-123c-48cc-9ab9-9ec11d8a81e0,
RC00375,FM047,Ransom Wilson,蘭森・威爾遜,MusicBrainz release-group API,d4545789-e3ec-4d74-b3a4-99339d6df353,79374ce4-c664-43ac-b3f5-4d081ba0cb2e,Histoire du Soldat,1987,Album,,https://musicbrainz.org/release-group/79374ce4-c664-43ac-b3f5-4d081ba0cb2e,
RC00376,FM047,Ransom Wilson,蘭森・威爾遜,MusicBrainz release-group API,d4545789-e3ec-4d74-b3a4-99339d6df353,be27b9d3-6fcc-41ce-bf1c-b98b4d59d009,Complete Horn Concerti,1987-12,Album,,https://musicbrainz.org/release-group/be27b9d3-6fcc-41ce-bf1c-b98b4d59d009,
RC00377,FM047,Ransom Wilson,蘭森・威爾遜,MusicBrainz release-group API,d4545789-e3ec-4d74-b3a4-99339d6df353,c0b67155-b530-3eda-bfcc-4a523b709d3e,John Adams: Grand Pianola / Steve Reich: Eight Lines / Vermont Counterpoint,1985,Album,,https://musicbrainz.org/release-group/c0b67155-b530-3eda-bfcc-4a523b709d3e,
RC00378,FM047,Ransom Wilson,蘭森・威爾遜,MusicBrainz release-group API,d4545789-e3ec-4d74-b3a4-99339d6df353,e0602a06-466e-39ed-a662-a45ced36076c,"The Flute Concertos (K. 313, 314) / Andante in C (K. 315) / Rondo in D / K. 184 Anh.)",1989,Album,,https://musicbrainz.org/release-group/e0602a06-466e-39ed-a662-a45ced36076c,
RC00379,FM047,Ransom Wilson,蘭森・威爾遜,MusicBrainz release-group API,d4545789-e3ec-4d74-b3a4-99339d6df353,eae40fc8-5461-4c19-848f-fdad1a8d5970,J.S. Bach Brandenburg concertos nos. 5 & 6,,Album,,https://musicbrainz.org/release-group/eae40fc8-5461-4c19-848f-fdad1a8d5970,
RC00380,FM047,Ransom Wilson,蘭森・威爾遜,MusicBrainz release-group API,d4545789-e3ec-4d74-b3a4-99339d6df353,edba7f2a-0df9-484b-bb1c-2667c5b32927,Adams: Grand Pianola / Reich: Eight Lines,1984,Album,,https://musicbrainz.org/release-group/edba7f2a-0df9-484b-bb1c-2667c5b32927,
RC00381,FM047,Ransom Wilson,蘭森・威爾遜,MusicBrainz release-group API,d4545789-e3ec-4d74-b3a4-99339d6df353,f90f05d1-ff0e-472e-99c7-2f464831b518,Mozart: Duets for Flute & Guitar,1990,Album,,https://musicbrainz.org/release-group/f90f05d1-ff0e-472e-99c7-2f464831b518,
RC00382,FM049,Hubert Laws,休伯特・勞斯,MusicBrainz release-group API,82208529-b45a-4b3e-92dd-02f6b14c6f18,0dab823b-5887-3393-b4e0-fbf3200b1761,The Chicago Theme,1975,Album,,https://musicbrainz.org/release-group/0dab823b-5887-3393-b4e0-fbf3200b1761,
RC00383,FM049,Hubert Laws,休伯特・勞斯,MusicBrainz release-group API,82208529-b45a-4b3e-92dd-02f6b14c6f18,18581d9d-cd3b-42ae-a700-f3771d2e067f,Moondance,2004-03-09,Album,,https://musicbrainz.org/release-group/18581d9d-cd3b-42ae-a700-f3771d2e067f,
RC00384,FM049,Hubert Laws,休伯特・勞斯,MusicBrainz release-group API,82208529-b45a-4b3e-92dd-02f6b14c6f18,1f7fd6cf-e86f-3488-88a6-695d0da17cf3,Storm Then the Calm,1994-09-13,Album,,https://musicbrainz.org/release-group/1f7fd6cf-e86f-3488-88a6-695d0da17cf3,
RC00385,FM049,Hubert Laws,休伯特・勞斯,MusicBrainz release-group API,82208529-b45a-4b3e-92dd-02f6b14c6f18,27dedbc8-6fbb-327e-a7dd-4a7ad513fadd,Carnegie Hall,1973,,Live,https://musicbrainz.org/release-group/27dedbc8-6fbb-327e-a7dd-4a7ad513fadd,
RC00386,FM049,Hubert Laws,休伯特・勞斯,MusicBrainz release-group API,82208529-b45a-4b3e-92dd-02f6b14c6f18,2b299d8f-61f9-33d3-9d1f-e6a28e79bea1,My Time Will Come,1993-04-06,Album,,https://musicbrainz.org/release-group/2b299d8f-61f9-33d3-9d1f-e6a28e79bea1,
RC00387,FM049,Hubert Laws,休伯特・勞斯,MusicBrainz release-group API,82208529-b45a-4b3e-92dd-02f6b14c6f18,34f1dfc5-60a5-4bef-a180-0b5bf1d33249,Land of Passion,1979-03-30,Album,,https://musicbrainz.org/release-group/34f1dfc5-60a5-4bef-a180-0b5bf1d33249,
RC00388,FM049,Hubert Laws,休伯特・勞斯,MusicBrainz release-group API,82208529-b45a-4b3e-92dd-02f6b14c6f18,55403408-97d1-3f97-a143-d2eb285384da,Goodbye,1974,Album,,https://musicbrainz.org/release-group/55403408-97d1-3f97-a143-d2eb285384da,
RC00389,FM049,Hubert Laws,休伯特・勞斯,MusicBrainz release-group API,82208529-b45a-4b3e-92dd-02f6b14c6f18,5d93d4f5-5941-4155-baa4-b09975b3037e,California Suite,1980,Album,Soundtrack,https://musicbrainz.org/release-group/5d93d4f5-5941-4155-baa4-b09975b3037e,
RC00390,FM049,Hubert Laws,休伯特・勞斯,MusicBrainz release-group API,82208529-b45a-4b3e-92dd-02f6b14c6f18,61fcf493-ddf0-4e6e-8665-df38358eba67,How to Beat the High Cost of Living,1980,Album,Soundtrack,https://musicbrainz.org/release-group/61fcf493-ddf0-4e6e-8665-df38358eba67,
RC00391,FM049,Hubert Laws,休伯特・勞斯,MusicBrainz release-group API,82208529-b45a-4b3e-92dd-02f6b14c6f18,63371be2-1d55-3508-a1a0-1afb74548a1e,The Rite of Spring,1971-08-06,Album,,https://musicbrainz.org/release-group/63371be2-1d55-3508-a1a0-1afb74548a1e,
RC00392,FM049,Hubert Laws,休伯特・勞斯,MusicBrainz release-group API,82208529-b45a-4b3e-92dd-02f6b14c6f18,67b41a22-24b0-4886-844a-6a5cb17cda05,I Giganti Del Jazz Vol. 3,1980,Album,Compilation,https://musicbrainz.org/release-group/67b41a22-24b0-4886-844a-6a5cb17cda05,
RC00393,FM049,Hubert Laws,休伯特・勞斯,MusicBrainz release-group API,82208529-b45a-4b3e-92dd-02f6b14c6f18,70a43a23-eb3e-3935-9a5a-83362692a589,Hubert Laws Plays Bach for Barone & Baker,2005-08-23,Album,,https://musicbrainz.org/release-group/70a43a23-eb3e-3935-9a5a-83362692a589,
RC00394,FM049,Hubert Laws,休伯特・勞斯,MusicBrainz release-group API,82208529-b45a-4b3e-92dd-02f6b14c6f18,719181b7-ed9b-30a4-8da0-6771986c8eb8,The Laws of Jazz / Flute By-Laws,2006,Album,Compilation,https://musicbrainz.org/release-group/719181b7-ed9b-30a4-8da0-6771986c8eb8,
RC00395,FM049,Hubert Laws,休伯特・勞斯,MusicBrainz release-group API,82208529-b45a-4b3e-92dd-02f6b14c6f18,7593a881-bddc-31f0-ad3c-0c15b877ac36,Wild Flower,1972-01-27,Album,,https://musicbrainz.org/release-group/7593a881-bddc-31f0-ad3c-0c15b877ac36,
RC00396,FM049,Hubert Laws,休伯特・勞斯,MusicBrainz release-group API,82208529-b45a-4b3e-92dd-02f6b14c6f18,846e5587-b4d1-34db-9065-78af541bb47c,Family,1980,Album,,https://musicbrainz.org/release-group/846e5587-b4d1-34db-9065-78af541bb47c,
RC00397,FM049,Hubert Laws,休伯特・勞斯,MusicBrainz release-group API,82208529-b45a-4b3e-92dd-02f6b14c6f18,8a4a4660-fc8a-408e-a5da-4ff2fad7f5a4,Selah,2024-05-24,Album,,https://musicbrainz.org/release-group/8a4a4660-fc8a-408e-a5da-4ff2fad7f5a4,
RC00398,FM049,Hubert Laws,休伯特・勞斯,MusicBrainz release-group API,82208529-b45a-4b3e-92dd-02f6b14c6f18,8abba90a-a0b9-484a-8b35-f0cf1a059a57,"Tender Variations - Original Soundtrack aus dem Film ""Der Windhund""",1979,Album,Soundtrack,https://musicbrainz.org/release-group/8abba90a-a0b9-484a-8b35-f0cf1a059a57,
RC00399,FM049,Hubert Laws,休伯特・勞斯,MusicBrainz release-group API,82208529-b45a-4b3e-92dd-02f6b14c6f18,8b40bec9-5717-4751-bf74-c7a01a6df697,Live At Carnegie Hall,2012-01-01,Album,,https://musicbrainz.org/release-group/8b40bec9-5717-4751-bf74-c7a01a6df697,
RC00400,FM049,Hubert Laws,休伯特・勞斯,MusicBrainz release-group API,82208529-b45a-4b3e-92dd-02f6b14c6f18,91ef0bb7-5b6f-4792-a0ae-88f14c71d896,Laws' Cause,1969,Album,,https://musicbrainz.org/release-group/91ef0bb7-5b6f-4792-a0ae-88f14c71d896,
RC00401,FM049,Hubert Laws,休伯特・勞斯,MusicBrainz release-group API,82208529-b45a-4b3e-92dd-02f6b14c6f18,a34e4d93-3629-4b02-b1cc-61f91995111e,Make It Last,1983,Album,,https://musicbrainz.org/release-group/a34e4d93-3629-4b02-b1cc-61f91995111e,
RC00402,FM049,Hubert Laws,休伯特・勞斯,MusicBrainz release-group API,82208529-b45a-4b3e-92dd-02f6b14c6f18,ac0d2b21-b02f-3aac-af34-2e55ee99a22d,Romeo and Juliet,1976,Album,,https://musicbrainz.org/release-group/ac0d2b21-b02f-3aac-af34-2e55ee99a22d,
RC00403,FM049,Hubert Laws,休伯特・勞斯,MusicBrainz release-group API,82208529-b45a-4b3e-92dd-02f6b14c6f18,aef752e5-8c13-46d7-98dc-7af1816bbaf1,Say It With Silence,1978,Album,,https://musicbrainz.org/release-group/aef752e5-8c13-46d7-98dc-7af1816bbaf1,
RC00404,FM049,Hubert Laws,休伯特・勞斯,MusicBrainz release-group API,82208529-b45a-4b3e-92dd-02f6b14c6f18,af0d448e-0f9a-4f0b-abaa-995020781ea1,The San Francisco Concert,1977,Album,,https://musicbrainz.org/release-group/af0d448e-0f9a-4f0b-abaa-995020781ea1,
RC00405,FM049,Hubert Laws,休伯特・勞斯,MusicBrainz release-group API,82208529-b45a-4b3e-92dd-02f6b14c6f18,b16eff5d-ad4d-3b2a-bde3-a65e6315ea65,Afro-Classic,1970,Album,,https://musicbrainz.org/release-group/b16eff5d-ad4d-3b2a-bde3-a65e6315ea65,
RC00406,FM049,Hubert Laws,休伯特・勞斯,MusicBrainz release-group API,82208529-b45a-4b3e-92dd-02f6b14c6f18,b2a9a112-314e-4f33-9078-194d0221fc4d,Studio Trieste,1982,Album,,https://musicbrainz.org/release-group/b2a9a112-314e-4f33-9078-194d0221fc4d,
RC00407,FM049,Hubert Laws,休伯特・勞斯,MusicBrainz release-group API,82208529-b45a-4b3e-92dd-02f6b14c6f18,b39cdabb-2659-4914-b5b7-eea272e6e510,Blanchard: New Earth Sonata / Telemann: Suite in A Minor (Overture/Air a L'Italien/Rejouissance),1985,Album,,https://musicbrainz.org/release-group/b39cdabb-2659-4914-b5b7-eea272e6e510,
RC00408,FM049,Hubert Laws,休伯特・勞斯,MusicBrainz release-group API,82208529-b45a-4b3e-92dd-02f6b14c6f18,b3d36d2b-8834-401a-9a71-38d1d4487d42,The Laws of Jazz,1964,Album,,https://musicbrainz.org/release-group/b3d36d2b-8834-401a-9a71-38d1d4487d42,
RC00409,FM049,Hubert Laws,休伯特・勞斯,MusicBrainz release-group API,82208529-b45a-4b3e-92dd-02f6b14c6f18,b4afd0a2-a8c2-451a-a3d8-805913ab0685,Flute By-Laws,1966,Album,,https://musicbrainz.org/release-group/b4afd0a2-a8c2-451a-a3d8-805913ab0685,
RC00410,FM049,Hubert Laws,休伯特・勞斯,MusicBrainz release-group API,82208529-b45a-4b3e-92dd-02f6b14c6f18,b5703ceb-fe17-4b71-96cf-49b8ef64937e,Burt Bacharach Songbook,2009-08-18,Album,,https://musicbrainz.org/release-group/b5703ceb-fe17-4b71-96cf-49b8ef64937e,
RC00411,FM049,Hubert Laws,休伯特・勞斯,MusicBrainz release-group API,82208529-b45a-4b3e-92dd-02f6b14c6f18,c3c3f016-b038-431e-a3b5-2923dce10f72,A Hero Ain't Nothin' but a Sandwich,1978,Album,Soundtrack,https://musicbrainz.org/release-group/c3c3f016-b038-431e-a3b5-2923dce10f72,
RC00412,FM049,Hubert Laws,休伯特・勞斯,MusicBrainz release-group API,82208529-b45a-4b3e-92dd-02f6b14c6f18,d561690d-2d00-4bb7-bd0c-4f6f99b31450,Aurex Jazz Festival '81: Fusion Super Jam,1982,Album,Live,https://musicbrainz.org/release-group/d561690d-2d00-4bb7-bd0c-4f6f99b31450,
RC00413,FM049,Hubert Laws,休伯特・勞斯,MusicBrainz release-group API,82208529-b45a-4b3e-92dd-02f6b14c6f18,d5b210b9-b08a-46ca-89c3-a440218ffb21,Song for Janet Lee,1984,Album,,https://musicbrainz.org/release-group/d5b210b9-b08a-46ca-89c3-a440218ffb21,
RC00414,FM049,Hubert Laws,休伯特・勞斯,MusicBrainz release-group API,82208529-b45a-4b3e-92dd-02f6b14c6f18,df0c0570-863a-32f5-8b8c-547745d88ffd,Crying Song,1969,Album,,https://musicbrainz.org/release-group/df0c0570-863a-32f5-8b8c-547745d88ffd,
RC00415,FM049,Hubert Laws,休伯特・勞斯,MusicBrainz release-group API,82208529-b45a-4b3e-92dd-02f6b14c6f18,e12b6dd1-49d7-4a5b-8920-2102304fde79,Morning Star,1972,Album,,https://musicbrainz.org/release-group/e12b6dd1-49d7-4a5b-8920-2102304fde79,
RC00416,FM049,Hubert Laws,休伯特・勞斯,MusicBrainz release-group API,82208529-b45a-4b3e-92dd-02f6b14c6f18,efb10e50-0a69-4cf3-be20-ee3b00e3ed1f,Soulero / Laws' Cause,2000,Album,,https://musicbrainz.org/release-group/efb10e50-0a69-4cf3-be20-ee3b00e3ed1f,
RC00417,FM049,Hubert Laws,休伯特・勞斯,MusicBrainz release-group API,82208529-b45a-4b3e-92dd-02f6b14c6f18,f54f2e5f-cfe9-3157-96d9-154a55c6775e,"Then There Was Light, Volume 2",1974,Album,,https://musicbrainz.org/release-group/f54f2e5f-cfe9-3157-96d9-154a55c6775e,
RC00418,FM049,Hubert Laws,休伯特・勞斯,MusicBrainz release-group API,82208529-b45a-4b3e-92dd-02f6b14c6f18,faf8e2c8-4382-34c1-9a3c-1e0f905ed280,In the Beginning,1974,Album,,https://musicbrainz.org/release-group/faf8e2c8-4382-34c1-9a3c-1e0f905ed280,
RC00419,FM049,Hubert Laws,休伯特・勞斯,MusicBrainz release-group API,82208529-b45a-4b3e-92dd-02f6b14c6f18,fbf9069d-4ea4-30ea-97d3-9c9ac0d2919e,The Best of Hubert Laws,,Album,Compilation,https://musicbrainz.org/release-group/fbf9069d-4ea4-30ea-97d3-9c9ac0d2919e,
RC00420,FM049,Hubert Laws,休伯特・勞斯,MusicBrainz release-group API,82208529-b45a-4b3e-92dd-02f6b14c6f18,ff632840-03b7-4ea4-adca-e2b8c3c6dbea,Loulou / Florence,2022,Album,Compilation; Soundtrack,https://musicbrainz.org/release-group/ff632840-03b7-4ea4-adca-e2b8c3c6dbea,
RC00421,FM052,Harvey Sollberger,哈維・索爾伯格,MusicBrainz release-group API,61f809ec-c761-4a66-a757-10215e049778,87dbd50e-80d9-4d7d-8cca-986421a80588,Afatsim,1999,Album,,https://musicbrainz.org/release-group/87dbd50e-80d9-4d7d-8cca-986421a80588,
RC00422,FM052,Harvey Sollberger,哈維・索爾伯格,MusicBrainz release-group API,61f809ec-c761-4a66-a757-10215e049778,9fe95553-b654-35d4-9927-1e583237e1e9,Felder: In Between / Coleccion nocturna / Feldman: Instruments II / The Viola in My Life IV,2001,Album,,https://musicbrainz.org/release-group/9fe95553-b654-35d4-9927-1e583237e1e9,
RC00423,FM052,Harvey Sollberger,哈維・索爾伯格,MusicBrainz release-group API,61f809ec-c761-4a66-a757-10215e049778,aab5bc6a-7122-46e0-86ed-32fecbeb9dc4,Pien / Yü Ko / Cursive / The Willows Are New,1969-11-01,Album,,https://musicbrainz.org/release-group/aab5bc6a-7122-46e0-86ed-32fecbeb9dc4,
RC00424,FM052,Harvey Sollberger,哈維・索爾伯格,MusicBrainz release-group API,61f809ec-c761-4a66-a757-10215e049778,b1d2820b-a38f-49d9-acfb-6c77a3427d21,A New York Retrospective,1997,Album,,https://musicbrainz.org/release-group/b1d2820b-a38f-49d9-acfb-6c77a3427d21,
RC00425,FM052,Harvey Sollberger,哈維・索爾伯格,MusicBrainz release-group API,61f809ec-c761-4a66-a757-10215e049778,dca5e2b2-f8f7-4b69-a926-175565f82474,Davidovsky: Synchronisms / Sollberger: Chamber Variations,2010-01-15,Album,,https://musicbrainz.org/release-group/dca5e2b2-f8f7-4b69-a926-175565f82474,
RC00426,FM052,Harvey Sollberger,哈維・索爾伯格,MusicBrainz release-group API,61f809ec-c761-4a66-a757-10215e049778,fca2afbe-726e-4477-8c8d-a6c3288ea688,Pulse,1992-12-08,Album,Compilation,https://musicbrainz.org/release-group/fca2afbe-726e-4477-8c8d-a6c3288ea688,
RC00427,FM056,Barthold Kuijken,巴托爾德・奎肯,MusicBrainz release-group API,78d102d1-c148-4cbe-8d05-32b866a9fa21,07c238a5-8559-4487-9109-f5f7e21deb44,"Concert Royaux, Nouveaux Concerts, L'Apothéose de Corelli, L'Apothéose de Lully, Sonatas ""La Superbe"", ""La Steinquerque"", ""La Sultane""",1974,Album,,https://musicbrainz.org/release-group/07c238a5-8559-4487-9109-f5f7e21deb44,
RC00428,FM056,Barthold Kuijken,巴托爾德・奎肯,MusicBrainz release-group API,78d102d1-c148-4cbe-8d05-32b866a9fa21,08a80e74-ccb6-48e8-983b-24e5833d92aa,The Sonatas for Flute and Basso Continuo,2007-01-15,Album,,https://musicbrainz.org/release-group/08a80e74-ccb6-48e8-983b-24e5833d92aa,
RC00429,FM056,Barthold Kuijken,巴托爾德・奎肯,MusicBrainz release-group API,78d102d1-c148-4cbe-8d05-32b866a9fa21,10008667-f13d-4f4c-bf25-9dd8ea7a748f,The Lully Effect,2018-09-14,Album,,https://musicbrainz.org/release-group/10008667-f13d-4f4c-bf25-9dd8ea7a748f,
RC00430,FM056,Barthold Kuijken,巴托爾德・奎肯,MusicBrainz release-group API,78d102d1-c148-4cbe-8d05-32b866a9fa21,1206a382-b9a4-4246-888b-a54cbd6893a9,"Six Trios For Transverse Flute, Violin And Violoncello - Volume II",1986,Album,,https://musicbrainz.org/release-group/1206a382-b9a4-4246-888b-a54cbd6893a9,
RC00431,FM056,Barthold Kuijken,巴托爾德・奎肯,MusicBrainz release-group API,78d102d1-c148-4cbe-8d05-32b866a9fa21,12bf66a5-3ed0-4e06-967e-64c716b44daa,W.A. Mozart: Flötenkonzerte K 313/314; Andante K 315,,Album,,https://musicbrainz.org/release-group/12bf66a5-3ed0-4e06-967e-64c716b44daa,
RC00432,FM056,Barthold Kuijken,巴托爾德・奎肯,MusicBrainz release-group API,78d102d1-c148-4cbe-8d05-32b866a9fa21,224c2381-fa1b-42be-9a69-3aaeb8ea34ad,Bach Sons - Flute Sonatas,2008-01-01,Album,,https://musicbrainz.org/release-group/224c2381-fa1b-42be-9a69-3aaeb8ea34ad,
RC00433,FM056,Barthold Kuijken,巴托爾德・奎肯,MusicBrainz release-group API,78d102d1-c148-4cbe-8d05-32b866a9fa21,25ed3dd3-ef1f-45df-b569-1adae30967d4,"Six Trios op. 38 for Transverse Flute, Violin and Violoncello",1979,Album,,https://musicbrainz.org/release-group/25ed3dd3-ef1f-45df-b569-1adae30967d4,
RC00434,FM056,Barthold Kuijken,巴托爾德・奎肯,MusicBrainz release-group API,78d102d1-c148-4cbe-8d05-32b866a9fa21,2d1adffb-fcea-43f1-bfbf-f5a8fc6fde50,Complete Wind Music,1977,Album,,https://musicbrainz.org/release-group/2d1adffb-fcea-43f1-bfbf-f5a8fc6fde50,
RC00435,FM056,Barthold Kuijken,巴托爾德・奎肯,MusicBrainz release-group API,78d102d1-c148-4cbe-8d05-32b866a9fa21,2dd0f1ab-92f8-4ff0-826a-6a241733646c,Concerts Royaux 1-4,1989,Album,,https://musicbrainz.org/release-group/2dd0f1ab-92f8-4ff0-826a-6a241733646c,
RC00436,FM056,Barthold Kuijken,巴托爾德・奎肯,MusicBrainz release-group API,78d102d1-c148-4cbe-8d05-32b866a9fa21,33b17aa9-f531-3c32-965d-6c8569241f73,Paris Quartets 1-12,1997,Album,,https://musicbrainz.org/release-group/33b17aa9-f531-3c32-965d-6c8569241f73,
RC00437,FM056,Barthold Kuijken,巴托爾德・奎肯,MusicBrainz release-group API,78d102d1-c148-4cbe-8d05-32b866a9fa21,3745f6ce-cb58-3e8a-a43f-de6e21def7f9,Solo pour la flute traversiere,,Album,,https://musicbrainz.org/release-group/3745f6ce-cb58-3e8a-a43f-de6e21def7f9,
RC00438,FM056,Barthold Kuijken,巴托爾德・奎肯,MusicBrainz release-group API,78d102d1-c148-4cbe-8d05-32b866a9fa21,387bc47c-48bf-4a05-bc14-c9d341c658c6,German Chamber Music,1991-08,Album,,https://musicbrainz.org/release-group/387bc47c-48bf-4a05-bc14-c9d341c658c6,
RC00439,FM056,Barthold Kuijken,巴托爾德・奎肯,MusicBrainz release-group API,78d102d1-c148-4cbe-8d05-32b866a9fa21,3c5d6a1a-dd78-49c1-957e-74a9fa5a7822,The Flute Quartets,1982,Album,,https://musicbrainz.org/release-group/3c5d6a1a-dd78-49c1-957e-74a9fa5a7822,
RC00440,FM056,Barthold Kuijken,巴托爾德・奎肯,MusicBrainz release-group API,78d102d1-c148-4cbe-8d05-32b866a9fa21,3fb67691-38c7-3fe8-a6ad-c1d20626f790,Concerts Royaux,2003,Album,,https://musicbrainz.org/release-group/3fb67691-38c7-3fe8-a6ad-c1d20626f790,
RC00441,FM056,Barthold Kuijken,巴托爾德・奎肯,MusicBrainz release-group API,78d102d1-c148-4cbe-8d05-32b866a9fa21,40ace72a-2c43-40f4-b814-176a812f408a,French and Italian Flute Music of the 18th Century,2007-09-17,Album,,https://musicbrainz.org/release-group/40ace72a-2c43-40f4-b814-176a812f408a,
RC00442,FM056,Barthold Kuijken,巴托爾德・奎肯,MusicBrainz release-group API,78d102d1-c148-4cbe-8d05-32b866a9fa21,4348156a-cc36-4755-b88d-51ebe5f56adc,The Complete Flute Sonatas,1984,Album,,https://musicbrainz.org/release-group/4348156a-cc36-4755-b88d-51ebe5f56adc,
RC00443,FM056,Barthold Kuijken,巴托爾德・奎肯,MusicBrainz release-group API,78d102d1-c148-4cbe-8d05-32b866a9fa21,46dd1e6e-927b-439e-a559-24d3fae53ea8,"Twelve Trios for Transverse Flute, Violin & Violoncello",2005,Album,,https://musicbrainz.org/release-group/46dd1e6e-927b-439e-a559-24d3fae53ea8,
RC00444,FM056,Barthold Kuijken,巴托爾德・奎肯,MusicBrainz release-group API,78d102d1-c148-4cbe-8d05-32b866a9fa21,4a486ab5-b4dc-4bb9-92ba-5b96cd5cd441,Musicalisches Opfer / Musical Offering BWV 1079,1995,Album,,https://musicbrainz.org/release-group/4a486ab5-b4dc-4bb9-92ba-5b96cd5cd441,
RC00445,FM056,Barthold Kuijken,巴托爾德・奎肯,MusicBrainz release-group API,78d102d1-c148-4cbe-8d05-32b866a9fa21,4d6b4fb6-aca0-41c0-bfaa-cb46a1834dca,Flute Concertos,1992,Album,,https://musicbrainz.org/release-group/4d6b4fb6-aca0-41c0-bfaa-cb46a1834dca,
RC00446,FM056,Barthold Kuijken,巴托爾德・奎肯,MusicBrainz release-group API,78d102d1-c148-4cbe-8d05-32b866a9fa21,5343724c-36ca-4ae6-96b2-8af212a1dd44,Six Duets For Two Flutes,2000,Album,,https://musicbrainz.org/release-group/5343724c-36ca-4ae6-96b2-8af212a1dd44,
RC00447,FM056,Barthold Kuijken,巴托爾德・奎肯,MusicBrainz release-group API,78d102d1-c148-4cbe-8d05-32b866a9fa21,696b3298-f8b8-4b47-82f5-aca68e4167b6,Musical Offering,1985,Album,,https://musicbrainz.org/release-group/696b3298-f8b8-4b47-82f5-aca68e4167b6,
RC00448,FM056,Barthold Kuijken,巴托爾德・奎肯,MusicBrainz release-group API,78d102d1-c148-4cbe-8d05-32b866a9fa21,6a4eb1a1-5990-39ce-9471-7c782334018a,From the Court of Frederick the Great,1996,Album,Compilation,https://musicbrainz.org/release-group/6a4eb1a1-5990-39ce-9471-7c782334018a,
RC00449,FM056,Barthold Kuijken,巴托爾德・奎肯,MusicBrainz release-group API,78d102d1-c148-4cbe-8d05-32b866a9fa21,6f4b99de-cb9c-4253-bcd8-1aaecf708767,"""Sonate Metodiche"" 1728 / 1732",1994,Album,,https://musicbrainz.org/release-group/6f4b99de-cb9c-4253-bcd8-1aaecf708767,
RC00450,FM056,Barthold Kuijken,巴托爾德・奎肯,MusicBrainz release-group API,78d102d1-c148-4cbe-8d05-32b866a9fa21,75b37683-b072-42e9-95f4-22361c595265,Flute Sonatas,1991,Album,,https://musicbrainz.org/release-group/75b37683-b072-42e9-95f4-22361c595265,
RC00451,FM056,Barthold Kuijken,巴托爾德・奎肯,MusicBrainz release-group API,78d102d1-c148-4cbe-8d05-32b866a9fa21,8137a74e-55b5-45ed-94bc-c29c35d4ba0f,The Versailles Revolution,2018-11-09,Album,,https://musicbrainz.org/release-group/8137a74e-55b5-45ed-94bc-c29c35d4ba0f,
RC00452,FM056,Barthold Kuijken,巴托爾德・奎肯,MusicBrainz release-group API,78d102d1-c148-4cbe-8d05-32b866a9fa21,8434a63e-19e6-4354-a231-cd8fd2ac9736,The Colorful Telemann,2020-07,Album,,https://musicbrainz.org/release-group/8434a63e-19e6-4354-a231-cd8fd2ac9736,
RC00453,FM056,Barthold Kuijken,巴托爾德・奎肯,MusicBrainz release-group API,78d102d1-c148-4cbe-8d05-32b866a9fa21,8a09b1c0-d457-4c2c-83b2-a0a7d8639ee5,Italian Flute Sonatas,1991,Album,,https://musicbrainz.org/release-group/8a09b1c0-d457-4c2c-83b2-a0a7d8639ee5,
RC00454,FM056,Barthold Kuijken,巴托爾德・奎肯,MusicBrainz release-group API,78d102d1-c148-4cbe-8d05-32b866a9fa21,9b7feae7-ef8d-42e1-a1d0-2ed4799d7f8b,Concerts Royaux,1987,Album,,https://musicbrainz.org/release-group/9b7feae7-ef8d-42e1-a1d0-2ed4799d7f8b,
RC00455,FM056,Barthold Kuijken,巴托爾德・奎肯,MusicBrainz release-group API,78d102d1-c148-4cbe-8d05-32b866a9fa21,9f1bcebe-70a4-470b-9d06-e59255a89677,Troisième Livre de Pièces de Clavecin - 1722,1993,Album,,https://musicbrainz.org/release-group/9f1bcebe-70a4-470b-9d06-e59255a89677,
RC00456,FM056,Barthold Kuijken,巴托爾德・奎肯,MusicBrainz release-group API,78d102d1-c148-4cbe-8d05-32b866a9fa21,ad61b0e3-ffc9-3496-bda8-762df9eeba66,"Musikalisches Opfer, BWV 1079",1997-08-19,Album,,https://musicbrainz.org/release-group/ad61b0e3-ffc9-3496-bda8-762df9eeba66,
RC00457,FM056,Barthold Kuijken,巴托爾德・奎肯,MusicBrainz release-group API,78d102d1-c148-4cbe-8d05-32b866a9fa21,ba83b92e-6c50-426e-85e3-66b24a0f4395,Flute Quartets,2004-11-30,Album,,https://musicbrainz.org/release-group/ba83b92e-6c50-426e-85e3-66b24a0f4395,
RC00458,FM056,Barthold Kuijken,巴托爾德・奎肯,MusicBrainz release-group API,78d102d1-c148-4cbe-8d05-32b866a9fa21,bc80f034-b702-3b4c-8c61-94cb893e0d48,French Flute Music of the Eighteenth Century,,Album,,https://musicbrainz.org/release-group/bc80f034-b702-3b4c-8c61-94cb893e0d48,
RC00459,FM056,Barthold Kuijken,巴托爾德・奎肯,MusicBrainz release-group API,78d102d1-c148-4cbe-8d05-32b866a9fa21,c16ba1a5-342e-4163-8890-62ff59ee504d,Cantata da Camera,2012-01-20,Album,,https://musicbrainz.org/release-group/c16ba1a5-342e-4163-8890-62ff59ee504d,
RC00460,FM056,Barthold Kuijken,巴托爾德・奎肯,MusicBrainz release-group API,78d102d1-c148-4cbe-8d05-32b866a9fa21,c4abdb6b-8f09-40f8-b2b8-e55fb8a1c4ba,The Grand Mogul: Virtuosic Baroque Flute Concertos,2019-06-14,Album,,https://musicbrainz.org/release-group/c4abdb6b-8f09-40f8-b2b8-e55fb8a1c4ba,
RC00461,FM056,Barthold Kuijken,巴托爾德・奎肯,MusicBrainz release-group API,78d102d1-c148-4cbe-8d05-32b866a9fa21,d2bf0167-3994-4e8e-bde7-f860777b9340,Concerti per flauto traversiere,2002-01-29,Album,,https://musicbrainz.org/release-group/d2bf0167-3994-4e8e-bde7-f860777b9340,
RC00462,FM056,Barthold Kuijken,巴托爾德・奎肯,MusicBrainz release-group API,78d102d1-c148-4cbe-8d05-32b866a9fa21,d6bc89ed-d71c-3114-8fcf-d7ed3d993586,Complete Flute Sonatas,2012,Album,,https://musicbrainz.org/release-group/d6bc89ed-d71c-3114-8fcf-d7ed3d993586,
RC00463,FM056,Barthold Kuijken,巴托爾德・奎肯,MusicBrainz release-group API,78d102d1-c148-4cbe-8d05-32b866a9fa21,dae71464-59b1-481c-ba79-b1b47e185d69,Nouveaux concerts from Les Goûts réunis,1998,Album,,https://musicbrainz.org/release-group/dae71464-59b1-481c-ba79-b1b47e185d69,
RC00464,FM056,Barthold Kuijken,巴托爾德・奎肯,MusicBrainz release-group API,78d102d1-c148-4cbe-8d05-32b866a9fa21,f66456cd-4035-469c-ab76-d4ea21ca2fb5,Flute Sonatas,2002,Album,,https://musicbrainz.org/release-group/f66456cd-4035-469c-ab76-d4ea21ca2fb5,
RC00465,FM056,Barthold Kuijken,巴托爾德・奎肯,MusicBrainz release-group API,78d102d1-c148-4cbe-8d05-32b866a9fa21,fef385cd-bc12-4e74-b22b-99876615783f,Apothéose a la mémoire de Lully - Sonates,1997,Album,Compilation,https://musicbrainz.org/release-group/fef385cd-bc12-4e74-b22b-99876615783f,
RC00466,FM056,Barthold Kuijken,巴托爾德・奎肯,MusicBrainz release-group API,78d102d1-c148-4cbe-8d05-32b866a9fa21,ff3d0aca-47cc-38ef-94e3-b5dd808e9755,The twelve Fantasias for Transverse Flute without Bass,,Album,,https://musicbrainz.org/release-group/ff3d0aca-47cc-38ef-94e3-b5dd808e9755,
RC00467,FM057,Frans Brüggen,弗蘭斯・布呂根,MusicBrainz release-group API,2ef36a7b-c93c-4e05-9d23-2dd9f85c653a,007077af-7b65-45e2-93b7-619ef14bdbf4,Rameau: Castor et Pollux / Purcell: 3 Fantasias,1990,Album,,https://musicbrainz.org/release-group/007077af-7b65-45e2-93b7-619ef14bdbf4,
RC00468,FM057,Frans Brüggen,弗蘭斯・布呂根,MusicBrainz release-group API,2ef36a7b-c93c-4e05-9d23-2dd9f85c653a,013daa74-189e-4d95-9b79-1a5ea90b8114,Cantates BWV56 & BWV82,1998,Album,,https://musicbrainz.org/release-group/013daa74-189e-4d95-9b79-1a5ea90b8114,
RC00469,FM057,Frans Brüggen,弗蘭斯・布呂根,MusicBrainz release-group API,2ef36a7b-c93c-4e05-9d23-2dd9f85c653a,0e93b2dd-2505-4908-9fb3-1a0dac02d418,"Op. 5, nos. 7-11 / No. 12, “La Follia”",1999,Album,,https://musicbrainz.org/release-group/0e93b2dd-2505-4908-9fb3-1a0dac02d418,
RC00470,FM057,Frans Brüggen,弗蘭斯・布呂根,MusicBrainz release-group API,2ef36a7b-c93c-4e05-9d23-2dd9f85c653a,0edebd1b-04fa-44d8-9b5b-44e42751374d,Symphonies 97 & 98,1994-04-12,Album,,https://musicbrainz.org/release-group/0edebd1b-04fa-44d8-9b5b-44e42751374d,
RC00471,FM057,Frans Brüggen,弗蘭斯・布呂根,MusicBrainz release-group API,2ef36a7b-c93c-4e05-9d23-2dd9f85c653a,0ef547bc-f188-4543-b964-9b39dbe4eb40,Great Concertos,2006-12-05,Album,Compilation,https://musicbrainz.org/release-group/0ef547bc-f188-4543-b964-9b39dbe4eb40,
RC00472,FM057,Frans Brüggen,弗蘭斯・布呂根,MusicBrainz release-group API,2ef36a7b-c93c-4e05-9d23-2dd9f85c653a,10158eec-5f72-4d2c-a90f-53fecd8cd5de,Symphonies,2019,Album,Compilation,https://musicbrainz.org/release-group/10158eec-5f72-4d2c-a90f-53fecd8cd5de,
RC00473,FM057,Frans Brüggen,弗蘭斯・布呂根,MusicBrainz release-group API,2ef36a7b-c93c-4e05-9d23-2dd9f85c653a,105a8a55-96ab-4b0a-b046-7630af63e0a7,Le charme de la flûte à bec,1998-02-06,Album,Compilation,https://musicbrainz.org/release-group/105a8a55-96ab-4b0a-b046-7630af63e0a7,
RC00474,FM057,Frans Brüggen,弗蘭斯・布呂根,MusicBrainz release-group API,2ef36a7b-c93c-4e05-9d23-2dd9f85c653a,1e0c4733-735a-3f8b-8f46-7f48bf8d5f5c,"The ""Paris"" Symphonies Nos. 82 - 87",1999-06,Album,,https://musicbrainz.org/release-group/1e0c4733-735a-3f8b-8f46-7f48bf8d5f5c,
RC00475,FM057,Frans Brüggen,弗蘭斯・布呂根,MusicBrainz release-group API,2ef36a7b-c93c-4e05-9d23-2dd9f85c653a,1ebc7a7f-0c28-481b-b503-aeaa8d217509,Brandenburg Concertos nos. 1-3 / Flute Sonata no. 1,1988,Album,,https://musicbrainz.org/release-group/1ebc7a7f-0c28-481b-b503-aeaa8d217509,
RC00476,FM057,Frans Brüggen,弗蘭斯・布呂根,MusicBrainz release-group API,2ef36a7b-c93c-4e05-9d23-2dd9f85c653a,20681e60-d0ba-4747-b4fd-1fe25067f059,Les Boréades / Dardanus (Suites),1987,Album,,https://musicbrainz.org/release-group/20681e60-d0ba-4747-b4fd-1fe25067f059,
RC00477,FM057,Frans Brüggen,弗蘭斯・布呂根,MusicBrainz release-group API,2ef36a7b-c93c-4e05-9d23-2dd9f85c653a,27379888-10ba-3196-978e-adda13861b3e,Mozart: Symphony No. 40 / Beethoven: Symphony No. 1,1990,Album,,https://musicbrainz.org/release-group/27379888-10ba-3196-978e-adda13861b3e,
RC00478,FM057,Frans Brüggen,弗蘭斯・布呂根,MusicBrainz release-group API,2ef36a7b-c93c-4e05-9d23-2dd9f85c653a,2d1adffb-fcea-43f1-bfbf-f5a8fc6fde50,Complete Wind Music,1977,Album,,https://musicbrainz.org/release-group/2d1adffb-fcea-43f1-bfbf-f5a8fc6fde50,
RC00479,FM057,Frans Brüggen,弗蘭斯・布呂根,MusicBrainz release-group API,2ef36a7b-c93c-4e05-9d23-2dd9f85c653a,2d9d7b8c-dcc4-4c0a-870c-391841fb7284,Complete Flute Concertos,2012,Album,,https://musicbrainz.org/release-group/2d9d7b8c-dcc4-4c0a-870c-391841fb7284,
RC00480,FM057,Frans Brüggen,弗蘭斯・布呂根,MusicBrainz release-group API,2ef36a7b-c93c-4e05-9d23-2dd9f85c653a,2f3d8f45-5261-4a4c-b0f3-cee1c247e6a3,Complete Works for Flute and Orchestra / Concerto for Flute and Harp,1996,Album,,https://musicbrainz.org/release-group/2f3d8f45-5261-4a4c-b0f3-cee1c247e6a3,
RC00481,FM057,Frans Brüggen,弗蘭斯・布呂根,MusicBrainz release-group API,2ef36a7b-c93c-4e05-9d23-2dd9f85c653a,2f45ac06-dc84-42bb-9ef5-36aed90ed817,"The ""London"" Symphonies, Volume 2",2001-09,Album,,https://musicbrainz.org/release-group/2f45ac06-dc84-42bb-9ef5-36aed90ed817,
RC00482,FM057,Frans Brüggen,弗蘭斯・布呂根,MusicBrainz release-group API,2ef36a7b-c93c-4e05-9d23-2dd9f85c653a,33c57911-a33a-4ba0-8b5c-855de705bbaf,Nouveaux Quatuors En Six Suites - The Paris Quartets,1994,Album,Compilation,https://musicbrainz.org/release-group/33c57911-a33a-4ba0-8b5c-855de705bbaf,
RC00483,FM057,Frans Brüggen,弗蘭斯・布呂根,MusicBrainz release-group API,2ef36a7b-c93c-4e05-9d23-2dd9f85c653a,35ea7bdc-3444-496c-b6cf-0ba00606033a,Italian Recorder Sonatas - Frans Brüggen Edition Vol.2,1995,Album,,https://musicbrainz.org/release-group/35ea7bdc-3444-496c-b6cf-0ba00606033a,
RC00484,FM057,Frans Brüggen,弗蘭斯・布呂根,MusicBrainz release-group API,2ef36a7b-c93c-4e05-9d23-2dd9f85c653a,37377fb3-cf1d-4709-a37e-e3a9006f258d,"Piano Concertos, KV 466 & 491",1986,Album,,https://musicbrainz.org/release-group/37377fb3-cf1d-4709-a37e-e3a9006f258d,
RC00485,FM057,Frans Brüggen,弗蘭斯・布呂根,MusicBrainz release-group API,2ef36a7b-c93c-4e05-9d23-2dd9f85c653a,37e8edca-8eb4-3e9f-8cbb-b4acb9ee2222,Recorder Sonatas and Fantasias,2003,Album,,https://musicbrainz.org/release-group/37e8edca-8eb4-3e9f-8cbb-b4acb9ee2222,
RC00486,FM057,Frans Brüggen,弗蘭斯・布呂根,MusicBrainz release-group API,2ef36a7b-c93c-4e05-9d23-2dd9f85c653a,3b1b7897-584b-40b2-9f80-907ea70b6589,Die Brandenburgische Konzerte,1980,Album,,https://musicbrainz.org/release-group/3b1b7897-584b-40b2-9f80-907ea70b6589,
RC00487,FM057,Frans Brüggen,弗蘭斯・布呂根,MusicBrainz release-group API,2ef36a7b-c93c-4e05-9d23-2dd9f85c653a,3b92a681-15e1-4089-bdd7-7fbd5b551fa2,Symphonies nos. 7 & 8,1990-11-13,Album,,https://musicbrainz.org/release-group/3b92a681-15e1-4089-bdd7-7fbd5b551fa2,
RC00488,FM057,Frans Brüggen,弗蘭斯・布呂根,MusicBrainz release-group API,2ef36a7b-c93c-4e05-9d23-2dd9f85c653a,3c9ba5d5-cafb-4e40-b6f9-76447ef1d4a3,Pieces de clavecin en concerts,1993-03-09,Album,,https://musicbrainz.org/release-group/3c9ba5d5-cafb-4e40-b6f9-76447ef1d4a3,
RC00489,FM057,Frans Brüggen,弗蘭斯・布呂根,MusicBrainz release-group API,2ef36a7b-c93c-4e05-9d23-2dd9f85c653a,40419d70-24b7-4b86-90d8-b91bb5ff59d0,Complete Sonatas & Partita for Transvers Flute & Alternative Instrumentations,1989,Album,,https://musicbrainz.org/release-group/40419d70-24b7-4b86-90d8-b91bb5ff59d0,
RC00490,FM057,Frans Brüggen,弗蘭斯・布呂根,MusicBrainz release-group API,2ef36a7b-c93c-4e05-9d23-2dd9f85c653a,42273858-a80d-34a0-bf71-380460ed82bc,The Complete Wind Sonatas,1998-02-03,Album,Compilation,https://musicbrainz.org/release-group/42273858-a80d-34a0-bf71-380460ed82bc,
RC00491,FM057,Frans Brüggen,弗蘭斯・布呂根,MusicBrainz release-group API,2ef36a7b-c93c-4e05-9d23-2dd9f85c653a,4316a945-f297-434c-a360-ccd422826a76,Les Indes Galantes / Castor et Pollux: Suiten,2011-04-01,Album,,https://musicbrainz.org/release-group/4316a945-f297-434c-a360-ccd422826a76,
RC00492,FM057,Frans Brüggen,弗蘭斯・布呂根,MusicBrainz release-group API,2ef36a7b-c93c-4e05-9d23-2dd9f85c653a,43d75d5d-0e14-4625-8d89-f5122d78ee4a,Works for Trumpet,1986,Album,,https://musicbrainz.org/release-group/43d75d5d-0e14-4625-8d89-f5122d78ee4a,
RC00493,FM057,Frans Brüggen,弗蘭斯・布呂根,MusicBrainz release-group API,2ef36a7b-c93c-4e05-9d23-2dd9f85c653a,4450e88b-b630-4cc7-9b03-640b2063e767,Works for Piano and Orchestra,2008-01-01,Album,,https://musicbrainz.org/release-group/4450e88b-b630-4cc7-9b03-640b2063e767,
RC00494,FM057,Frans Brüggen,弗蘭斯・布呂根,MusicBrainz release-group API,2ef36a7b-c93c-4e05-9d23-2dd9f85c653a,4b3fc412-c4d0-4fbc-b4a9-b458606a6105,"Mass In B Minor, BWV 232",2010,Album,,https://musicbrainz.org/release-group/4b3fc412-c4d0-4fbc-b4a9-b458606a6105,
RC00495,FM057,Frans Brüggen,弗蘭斯・布呂根,MusicBrainz release-group API,2ef36a7b-c93c-4e05-9d23-2dd9f85c653a,4cb4cee5-9eca-498e-898a-8e2c48a762fc,Clarinet Concerto / Clarinet Quintet,1988,Album,,https://musicbrainz.org/release-group/4cb4cee5-9eca-498e-898a-8e2c48a762fc,
RC00496,FM057,Frans Brüggen,弗蘭斯・布呂根,MusicBrainz release-group API,2ef36a7b-c93c-4e05-9d23-2dd9f85c653a,4d1b9a31-3d74-49ba-b4d6-c00e2c3c1e65,"Mozart for 2 & 4 Orchestras: Symphonies nos. 34, 40 / Notturno for 4 Orchestras",1996-01,Album,,https://musicbrainz.org/release-group/4d1b9a31-3d74-49ba-b4d6-c00e2c3c1e65,
RC00497,FM057,Frans Brüggen,弗蘭斯・布呂根,MusicBrainz release-group API,2ef36a7b-c93c-4e05-9d23-2dd9f85c653a,50706f7c-89b0-4f18-8538-96d818898e75,Arias de concierto,2006,Album,,https://musicbrainz.org/release-group/50706f7c-89b0-4f18-8538-96d818898e75,
RC00498,FM057,Frans Brüggen,弗蘭斯・布呂根,MusicBrainz release-group API,2ef36a7b-c93c-4e05-9d23-2dd9f85c653a,52c57379-bf01-40a7-916d-8473601b760d,Das Alte Werk - Highlights - Extraits,1994,Album,,https://musicbrainz.org/release-group/52c57379-bf01-40a7-916d-8473601b760d,
RC00499,FM057,Frans Brüggen,弗蘭斯・布呂根,MusicBrainz release-group API,2ef36a7b-c93c-4e05-9d23-2dd9f85c653a,533aa079-7b85-4c52-a055-0aa1cc849148,Requiem,,Album,,https://musicbrainz.org/release-group/533aa079-7b85-4c52-a055-0aa1cc849148,
RC00500,FM057,Frans Brüggen,弗蘭斯・布呂根,MusicBrainz release-group API,2ef36a7b-c93c-4e05-9d23-2dd9f85c653a,53a2924a-dd92-36df-99f5-b64596236965,Les Indes Galantes Suite,1999,,,https://musicbrainz.org/release-group/53a2924a-dd92-36df-99f5-b64596236965,
RC00501,FM057,Frans Brüggen,弗蘭斯・布呂根,MusicBrainz release-group API,2ef36a7b-c93c-4e05-9d23-2dd9f85c653a,586fbe24-b7fc-3272-9580-075dac1b0574,Melodie / Symfonie voor losse snaren,1992,Album,,https://musicbrainz.org/release-group/586fbe24-b7fc-3272-9580-075dac1b0574,
RC00502,FM057,Frans Brüggen,弗蘭斯・布呂根,MusicBrainz release-group API,2ef36a7b-c93c-4e05-9d23-2dd9f85c653a,5dd0aedc-6069-4e3e-a7d1-23f981b2a27d,Haffner Serenade,1992,Album,Compilation,https://musicbrainz.org/release-group/5dd0aedc-6069-4e3e-a7d1-23f981b2a27d,
RC00503,FM057,Frans Brüggen,弗蘭斯・布呂根,MusicBrainz release-group API,2ef36a7b-c93c-4e05-9d23-2dd9f85c653a,5fa00ec4-40bf-433c-a616-5c6209a44818,"Matthäus Passion, BWV 244",2011,Album,,https://musicbrainz.org/release-group/5fa00ec4-40bf-433c-a616-5c6209a44818,
RC00504,FM057,Frans Brüggen,弗蘭斯・布呂根,MusicBrainz release-group API,2ef36a7b-c93c-4e05-9d23-2dd9f85c653a,680b0ce6-2293-4bbd-a30d-6d01869a264c,Orchestral Suites,2008,Album,,https://musicbrainz.org/release-group/680b0ce6-2293-4bbd-a30d-6d01869a264c,
RC00505,FM057,Frans Brüggen,弗蘭斯・布呂根,MusicBrainz release-group API,2ef36a7b-c93c-4e05-9d23-2dd9f85c653a,68b50e49-e5d5-4f78-8dd3-9f1106effc80,6 Sonate Metodiche,1989,Album,Compilation,https://musicbrainz.org/release-group/68b50e49-e5d5-4f78-8dd3-9f1106effc80,
RC00506,FM057,Frans Brüggen,弗蘭斯・布呂根,MusicBrainz release-group API,2ef36a7b-c93c-4e05-9d23-2dd9f85c653a,711973b0-5e59-48e8-84d2-861d0d935dae,Symphony no. 41 «Jupiter» / Overture «La clemenza di Tito»,1987,Album,,https://musicbrainz.org/release-group/711973b0-5e59-48e8-84d2-861d0d935dae,
RC00507,FM057,Frans Brüggen,弗蘭斯・布呂根,MusicBrainz release-group API,2ef36a7b-c93c-4e05-9d23-2dd9f85c653a,71533790-1aec-4a1f-bfbf-c29c47f6b3c4,"Sonatas, Partitas & Suites: Complete Arrangements for Solo Recorder",2018-06,Album,,https://musicbrainz.org/release-group/71533790-1aec-4a1f-bfbf-c29c47f6b3c4,
RC00508,FM057,Frans Brüggen,弗蘭斯・布呂根,MusicBrainz release-group API,2ef36a7b-c93c-4e05-9d23-2dd9f85c653a,716eaf03-6989-47f8-baab-6bdc86ae6618,Die Geschöpfe des Prometheus,1995-12-01,Album,,https://musicbrainz.org/release-group/716eaf03-6989-47f8-baab-6bdc86ae6618,
RC00509,FM057,Frans Brüggen,弗蘭斯・布呂根,MusicBrainz release-group API,2ef36a7b-c93c-4e05-9d23-2dd9f85c653a,732a44b8-77f1-4751-afb1-188de0b99dfd,St. John Passion,1993,Album,,https://musicbrainz.org/release-group/732a44b8-77f1-4751-afb1-188de0b99dfd,
RC00510,FM057,Frans Brüggen,弗蘭斯・布呂根,MusicBrainz release-group API,2ef36a7b-c93c-4e05-9d23-2dd9f85c653a,733bead9-4950-42b0-b2e1-cbaac9a227c1,Easter Oratorio,2012-04-03,Album,,https://musicbrainz.org/release-group/733bead9-4950-42b0-b2e1-cbaac9a227c1,
RC00511,FM057,Frans Brüggen,弗蘭斯・布呂根,MusicBrainz release-group API,2ef36a7b-c93c-4e05-9d23-2dd9f85c653a,74b485fb-bfc1-38c7-a55a-000a1c02a37d,"Symphony no. 3 ""Eroica""",1988,Album,,https://musicbrainz.org/release-group/74b485fb-bfc1-38c7-a55a-000a1c02a37d,
RC00512,FM057,Frans Brüggen,弗蘭斯・布呂根,MusicBrainz release-group API,2ef36a7b-c93c-4e05-9d23-2dd9f85c653a,7571a1a5-c09b-491e-a451-616735f5946d,Le quattro stagioni / Three Flute Concertos,1987,Album,Compilation,https://musicbrainz.org/release-group/7571a1a5-c09b-491e-a451-616735f5946d,
RC00513,FM057,Frans Brüggen,弗蘭斯・布呂根,MusicBrainz release-group API,2ef36a7b-c93c-4e05-9d23-2dd9f85c653a,79f5e163-946b-4cce-a068-3148a48c30d5,"Symphonies Nos. 3, 4 & 5",1997,Album,,https://musicbrainz.org/release-group/79f5e163-946b-4cce-a068-3148a48c30d5,
RC00514,FM057,Frans Brüggen,弗蘭斯・布呂根,MusicBrainz release-group API,2ef36a7b-c93c-4e05-9d23-2dd9f85c653a,7e5defbf-a25b-3f8e-a38b-8b0a79741045,Coronation Mass / Vesperae solennes de confessore / Ave verum corpus,1994,Album,,https://musicbrainz.org/release-group/7e5defbf-a25b-3f8e-a38b-8b0a79741045,
RC00515,FM057,Frans Brüggen,弗蘭斯・布呂根,MusicBrainz release-group API,2ef36a7b-c93c-4e05-9d23-2dd9f85c653a,7f19a88c-c2f6-4215-83be-fe542273bdbd,"Symphonien Nr.3 ""Schottische"" & Nr.4 ""Italienische""",2009,Album,,https://musicbrainz.org/release-group/7f19a88c-c2f6-4215-83be-fe542273bdbd,
RC00516,FM057,Frans Brüggen,弗蘭斯・布呂根,MusicBrainz release-group API,2ef36a7b-c93c-4e05-9d23-2dd9f85c653a,816a97ef-2fd8-4305-b2b1-02bb65b38692,"Symphonies 90, 91, 92 ""Oxford""",,Album,,https://musicbrainz.org/release-group/816a97ef-2fd8-4305-b2b1-02bb65b38692,
RC00517,FM057,Frans Brüggen,弗蘭斯・布呂根,MusicBrainz release-group API,2ef36a7b-c93c-4e05-9d23-2dd9f85c653a,831a642f-91c8-40ac-be0e-e56bae2e306c,"Symphonies nos. 29, 33 & 31",1996,Album,Compilation,https://musicbrainz.org/release-group/831a642f-91c8-40ac-be0e-e56bae2e306c,
RC00518,FM057,Frans Brüggen,弗蘭斯・布呂根,MusicBrainz release-group API,2ef36a7b-c93c-4e05-9d23-2dd9f85c653a,8700fa42-a968-4175-b0e9-3067df1ea7bd,"St John Passion, BWV 245",2011-04-05,Album,,https://musicbrainz.org/release-group/8700fa42-a968-4175-b0e9-3067df1ea7bd,
RC00519,FM057,Frans Brüggen,弗蘭斯・布呂根,MusicBrainz release-group API,2ef36a7b-c93c-4e05-9d23-2dd9f85c653a,873415ae-dbab-381d-827d-7f6cb665e49f,The Art of the Recorder,1995,Album,,https://musicbrainz.org/release-group/873415ae-dbab-381d-827d-7f6cb665e49f,
RC00520,FM057,Frans Brüggen,弗蘭斯・布呂根,MusicBrainz release-group API,2ef36a7b-c93c-4e05-9d23-2dd9f85c653a,8757ad26-1765-45d1-84ea-989457624012,Symphonies Nos. 4 & 6 «Pastoral»,1991,Album,,https://musicbrainz.org/release-group/8757ad26-1765-45d1-84ea-989457624012,
RC00521,FM057,Frans Brüggen,弗蘭斯・布呂根,MusicBrainz release-group API,2ef36a7b-c93c-4e05-9d23-2dd9f85c653a,8c457874-cad3-3fae-9989-4f65dd3a8a57,Symphonies Nos. 86 & 88,1989,Album,,https://musicbrainz.org/release-group/8c457874-cad3-3fae-9989-4f65dd3a8a57,
RC00522,FM057,Frans Brüggen,弗蘭斯・布呂根,MusicBrainz release-group API,2ef36a7b-c93c-4e05-9d23-2dd9f85c653a,8d3fe581-dde1-400c-982e-d18598ed043e,"Kantaten ""Kreutzstab"" (BWV 56) & ""Ich Habe Genug"" (BWV 82)",1998,Album,,https://musicbrainz.org/release-group/8d3fe581-dde1-400c-982e-d18598ed043e,
RC00523,FM057,Frans Brüggen,弗蘭斯・布呂根,MusicBrainz release-group API,2ef36a7b-c93c-4e05-9d23-2dd9f85c653a,8e4a59e2-26d4-4676-abd9-219e5cbe277b,Matthäus Passion / Johannes Passion / Hohe Messe,2008,Album,,https://musicbrainz.org/release-group/8e4a59e2-26d4-4676-abd9-219e5cbe277b,
RC00524,FM057,Frans Brüggen,弗蘭斯・布呂根,MusicBrainz release-group API,2ef36a7b-c93c-4e05-9d23-2dd9f85c653a,9001c5ab-6043-4fd8-80d4-d4ad509bba3f,12 Sonate Metodiche,1997,Album,,https://musicbrainz.org/release-group/9001c5ab-6043-4fd8-80d4-d4ad509bba3f,
RC00525,FM057,Frans Brüggen,弗蘭斯・布呂根,MusicBrainz release-group API,2ef36a7b-c93c-4e05-9d23-2dd9f85c653a,982f60f4-aa62-4e68-9ff0-6bf909aae0db,"Vesperae solemnes de confessore, K. 339 / Symphony no. 40 in G minor, K. 550",1991,Album,,https://musicbrainz.org/release-group/982f60f4-aa62-4e68-9ff0-6bf909aae0db,
RC00526,FM057,Frans Brüggen,弗蘭斯・布呂根,MusicBrainz release-group API,2ef36a7b-c93c-4e05-9d23-2dd9f85c653a,98953fb5-8853-479e-aa31-d49155142428,"""Sturm Und Drang"" Symphonies",1998,Album,Compilation,https://musicbrainz.org/release-group/98953fb5-8853-479e-aa31-d49155142428,
RC00527,FM057,Frans Brüggen,弗蘭斯・布呂根,MusicBrainz release-group API,2ef36a7b-c93c-4e05-9d23-2dd9f85c653a,9a687db7-1d2f-4b2a-a5e0-4fccb268eb04,Early Italian Madrigals,1986,Album,,https://musicbrainz.org/release-group/9a687db7-1d2f-4b2a-a5e0-4fccb268eb04,
RC00528,FM057,Frans Brüggen,弗蘭斯・布呂根,MusicBrainz release-group API,2ef36a7b-c93c-4e05-9d23-2dd9f85c653a,9fff553d-a398-436f-b0f1-17c0deb528ee,Frans Brüggen Edition,2012-10-01,Album,Compilation,https://musicbrainz.org/release-group/9fff553d-a398-436f-b0f1-17c0deb528ee,
RC00529,FM057,Frans Brüggen,弗蘭斯・布呂根,MusicBrainz release-group API,2ef36a7b-c93c-4e05-9d23-2dd9f85c653a,a14cde2c-1c0d-4aca-8556-b5b0cb835db3,"The “London” Symphonies, Volume 1",2001-06-18,Album,,https://musicbrainz.org/release-group/a14cde2c-1c0d-4aca-8556-b5b0cb835db3,
RC00530,FM057,Frans Brüggen,弗蘭斯・布呂根,MusicBrainz release-group API,2ef36a7b-c93c-4e05-9d23-2dd9f85c653a,a45f3f00-e3d5-4cdf-952d-72156d479415,The Seven Last Words Of Christ On The Cross,2009,Album,,https://musicbrainz.org/release-group/a45f3f00-e3d5-4cdf-952d-72156d479415,
RC00531,FM057,Frans Brüggen,弗蘭斯・布呂根,MusicBrainz release-group API,2ef36a7b-c93c-4e05-9d23-2dd9f85c653a,a4968c29-0128-48ab-90d8-734dd735f316,The 9 Symphonies,1994,Album,Compilation,https://musicbrainz.org/release-group/a4968c29-0128-48ab-90d8-734dd735f316,
RC00532,FM057,Frans Brüggen,弗蘭斯・布呂根,MusicBrainz release-group API,2ef36a7b-c93c-4e05-9d23-2dd9f85c653a,a69e7cf8-872e-47db-a379-e44578995b3d,Trio Sonatas for Flute,1999,Album,,https://musicbrainz.org/release-group/a69e7cf8-872e-47db-a379-e44578995b3d,
RC00533,FM057,Frans Brüggen,弗蘭斯・布呂根,MusicBrainz release-group API,2ef36a7b-c93c-4e05-9d23-2dd9f85c653a,a6ad6b28-bb92-4002-8f53-c3780e03645f,"Serenade in B-flat, K. 361 “Gran Partita”",1989-01-20,Album,,https://musicbrainz.org/release-group/a6ad6b28-bb92-4002-8f53-c3780e03645f,
RC00534,FM057,Frans Brüggen,弗蘭斯・布呂根,MusicBrainz release-group API,2ef36a7b-c93c-4e05-9d23-2dd9f85c653a,a8b6c910-ca2d-4804-96d2-e65110b39d3f,"Concerti per Flauto, Archi e Cembalo, op. 10",1986-04,Album,,https://musicbrainz.org/release-group/a8b6c910-ca2d-4804-96d2-e65110b39d3f,
RC00535,FM057,Frans Brüggen,弗蘭斯・布呂根,MusicBrainz release-group API,2ef36a7b-c93c-4e05-9d23-2dd9f85c653a,a8de66f9-079d-45d8-927f-577ec6b50629,Beethoven: Symphony no. 1 / Keuris: Symphony in D,2008,Album,,https://musicbrainz.org/release-group/a8de66f9-079d-45d8-927f-577ec6b50629,
RC00536,FM057,Frans Brüggen,弗蘭斯・布呂根,MusicBrainz release-group API,2ef36a7b-c93c-4e05-9d23-2dd9f85c653a,ab31eba2-6462-48d5-8179-d3b883d9cf75,A Midsummer Night's Dream,1997,Album,,https://musicbrainz.org/release-group/ab31eba2-6462-48d5-8179-d3b883d9cf75,
RC00537,FM057,Frans Brüggen,弗蘭斯・布呂根,MusicBrainz release-group API,2ef36a7b-c93c-4e05-9d23-2dd9f85c653a,ae0fc920-d6d0-4cd7-8423-b0ff8f41f853,Tales of song and sadness,2024-11-01,Album,,https://musicbrainz.org/release-group/ae0fc920-d6d0-4cd7-8423-b0ff8f41f853,
RC00538,FM057,Frans Brüggen,弗蘭斯・布呂根,MusicBrainz release-group API,2ef36a7b-c93c-4e05-9d23-2dd9f85c653a,b1372b87-9c43-4ee4-bd61-26b5cbc16bdc,Frans Brüggen Edition Volume 12: Recorder Sonatas and Concertos,1995,Album,Compilation,https://musicbrainz.org/release-group/b1372b87-9c43-4ee4-bd61-26b5cbc16bdc,
RC00539,FM057,Frans Brüggen,弗蘭斯・布呂根,MusicBrainz release-group API,2ef36a7b-c93c-4e05-9d23-2dd9f85c653a,b21d66d2-48ab-4ce3-b76d-e17f1b560150,The Last Three Symphonies,2014-05-05,Album,,https://musicbrainz.org/release-group/b21d66d2-48ab-4ce3-b76d-e17f1b560150,
RC00540,FM057,Frans Brüggen,弗蘭斯・布呂根,MusicBrainz release-group API,2ef36a7b-c93c-4e05-9d23-2dd9f85c653a,b2decc2e-6d42-40be-86b5-8b55cab3d2bc,Brandenburg Concertos nos. 4-6 / Flute Sonata no. 3,1988,Album,,https://musicbrainz.org/release-group/b2decc2e-6d42-40be-86b5-8b55cab3d2bc,
RC00541,FM057,Frans Brüggen,弗蘭斯・布呂根,MusicBrainz release-group API,2ef36a7b-c93c-4e05-9d23-2dd9f85c653a,b5e0cb2a-03a7-4bb5-8c1a-271c2f3427a5,Musique de Table,1994-10-04,Album,,https://musicbrainz.org/release-group/b5e0cb2a-03a7-4bb5-8c1a-271c2f3427a5,
RC00542,FM057,Frans Brüggen,弗蘭斯・布呂根,MusicBrainz release-group API,2ef36a7b-c93c-4e05-9d23-2dd9f85c653a,b72c642b-0965-4d38-a41b-48c75e196aa8,Virtuose Kammermusik,1978,Album,,https://musicbrainz.org/release-group/b72c642b-0965-4d38-a41b-48c75e196aa8,
RC00543,FM057,Frans Brüggen,弗蘭斯・布呂根,MusicBrainz release-group API,2ef36a7b-c93c-4e05-9d23-2dd9f85c653a,bc0b2b36-f885-4cb8-8414-1d3c0b6bb0a8,Triosonaten,1982,,,https://musicbrainz.org/release-group/bc0b2b36-f885-4cb8-8414-1d3c0b6bb0a8,
RC00544,FM057,Frans Brüggen,弗蘭斯・布呂根,MusicBrainz release-group API,2ef36a7b-c93c-4e05-9d23-2dd9f85c653a,d6ab2f53-5504-3d95-ae3e-ab60e294249f,Symphonies 88 & 89 / Sinfonia concertante,2000-04,Album,,https://musicbrainz.org/release-group/d6ab2f53-5504-3d95-ae3e-ab60e294249f,
RC00545,FM057,Frans Brüggen,弗蘭斯・布呂根,MusicBrainz release-group API,2ef36a7b-c93c-4e05-9d23-2dd9f85c653a,d7afefd4-fb58-43f2-915e-628d19f77442,Overtures & Suites,2000-09-30,Album,Compilation,https://musicbrainz.org/release-group/d7afefd4-fb58-43f2-915e-628d19f77442,
RC00546,FM057,Frans Brüggen,弗蘭斯・布呂根,MusicBrainz release-group API,2ef36a7b-c93c-4e05-9d23-2dd9f85c653a,daf0ebc4-dccd-4cad-87af-b4e669294991,Orchestral Suites: The Complete Phillips & Glossa Recordings,2018,Album,Compilation,https://musicbrainz.org/release-group/daf0ebc4-dccd-4cad-87af-b4e669294991,
RC00547,FM057,Frans Brüggen,弗蘭斯・布呂根,MusicBrainz release-group API,2ef36a7b-c93c-4e05-9d23-2dd9f85c653a,db9ce436-cae3-4f34-8d90-da4ad6647ba0,Wind Concertos,2021-08-06,Album,Compilation,https://musicbrainz.org/release-group/db9ce436-cae3-4f34-8d90-da4ad6647ba0,
RC00548,FM057,Frans Brüggen,弗蘭斯・布呂根,MusicBrainz release-group API,2ef36a7b-c93c-4e05-9d23-2dd9f85c653a,dc938d24-8825-4beb-b17e-d55ce4e5ff23,"“Sturm Und Drang"" / ""Paris"" & ""London"" Symphonies",2002,Album,Compilation,https://musicbrainz.org/release-group/dc938d24-8825-4beb-b17e-d55ce4e5ff23,
RC00549,FM057,Frans Brüggen,弗蘭斯・布呂根,MusicBrainz release-group API,2ef36a7b-c93c-4e05-9d23-2dd9f85c653a,dfd85e57-0d73-439d-82a4-8e28a6b2ed29,"Symphonies nos. 2, 3 & 5",1996,Album,,https://musicbrainz.org/release-group/dfd85e57-0d73-439d-82a4-8e28a6b2ed29,
RC00550,FM057,Frans Brüggen,弗蘭斯・布呂根,MusicBrainz release-group API,2ef36a7b-c93c-4e05-9d23-2dd9f85c653a,e034c343-9257-4fa2-aacb-2742272ac0e5,Complete Symphonies / Violin Concerto / Prometheus,2014-01-01,Album,Compilation,https://musicbrainz.org/release-group/e034c343-9257-4fa2-aacb-2742272ac0e5,
RC00551,FM057,Frans Brüggen,弗蘭斯・布呂根,MusicBrainz release-group API,2ef36a7b-c93c-4e05-9d23-2dd9f85c653a,e3c776c7-ad9b-4b12-8ba9-c66752093118,Oboenkonzerte,1981,Album,,https://musicbrainz.org/release-group/e3c776c7-ad9b-4b12-8ba9-c66752093118,
RC00552,FM057,Frans Brüggen,弗蘭斯・布呂根,MusicBrainz release-group API,2ef36a7b-c93c-4e05-9d23-2dd9f85c653a,e56c10e5-42ce-44ce-9d9f-a49f5e3dba4b,"Symphonies: No 3, ""Scottish"" - Symphony No 4, ""Italian""",2013,Album,,https://musicbrainz.org/release-group/e56c10e5-42ce-44ce-9d9f-a49f5e3dba4b,
RC00553,FM057,Frans Brüggen,弗蘭斯・布呂根,MusicBrainz release-group API,2ef36a7b-c93c-4e05-9d23-2dd9f85c653a,e5c88a5b-6278-40a3-82dd-fdf3a6df8fa4,Mass in B minor,1990,Album,,https://musicbrainz.org/release-group/e5c88a5b-6278-40a3-82dd-fdf3a6df8fa4,
RC00554,FM057,Frans Brüggen,弗蘭斯・布呂根,MusicBrainz release-group API,2ef36a7b-c93c-4e05-9d23-2dd9f85c653a,e7977fcd-3fd1-48d6-a04c-0bf88ed91bb9,Violin Concertos & Concertante Movements,1998,Album,,https://musicbrainz.org/release-group/e7977fcd-3fd1-48d6-a04c-0bf88ed91bb9,
RC00555,FM057,Frans Brüggen,弗蘭斯・布呂根,MusicBrainz release-group API,2ef36a7b-c93c-4e05-9d23-2dd9f85c653a,ef4d8c54-cffc-3cf7-aca2-0bc866dea4a7,Symphony no. 38 «Prague» / Overture «Le nozze di Figaro»,1990,Album,,https://musicbrainz.org/release-group/ef4d8c54-cffc-3cf7-aca2-0bc866dea4a7,
RC00556,FM057,Frans Brüggen,弗蘭斯・布呂根,MusicBrainz release-group API,2ef36a7b-c93c-4e05-9d23-2dd9f85c653a,f2226493-fa06-4240-8b2b-3214460e88c4,"Encore! Frans Brüggen, Recorder and Flute",1986,Album,Compilation,https://musicbrainz.org/release-group/f2226493-fa06-4240-8b2b-3214460e88c4,
RC00557,FM057,Frans Brüggen,弗蘭斯・布呂根,MusicBrainz release-group API,2ef36a7b-c93c-4e05-9d23-2dd9f85c653a,f3919b5e-16b0-4aa8-844c-7de8cd846b20,The Wind Instruments Sonatas (Sonatas For Recorder & Transverse Flute),2011,Album,,https://musicbrainz.org/release-group/f3919b5e-16b0-4aa8-844c-7de8cd846b20,
RC00558,FM057,Frans Brüggen,弗蘭斯・布呂根,MusicBrainz release-group API,2ef36a7b-c93c-4e05-9d23-2dd9f85c653a,f3a86ff7-05a0-3b82-a139-faa1ca90d51f,"Symphonies Nos. 100 ""Military"" & 104 ""London""",1992,Album,,https://musicbrainz.org/release-group/f3a86ff7-05a0-3b82-a139-faa1ca90d51f,
RC00559,FM057,Frans Brüggen,弗蘭斯・布呂根,MusicBrainz release-group API,2ef36a7b-c93c-4e05-9d23-2dd9f85c653a,fc574fb2-fd55-47d4-8e21-cd20b52f156a,"Frans Brüggen Edition, vol. 8: Vivaldi Chamber Concertos",1995,Album,,https://musicbrainz.org/release-group/fc574fb2-fd55-47d4-8e21-cd20b52f156a,
RC00560,FM057,Frans Brüggen,弗蘭斯・布呂根,MusicBrainz release-group API,2ef36a7b-c93c-4e05-9d23-2dd9f85c653a,fc6be41d-249e-4d1c-8077-33d02b981733,Orchestral Suites From Naïs & Zoroastre,2010,Album,,https://musicbrainz.org/release-group/fc6be41d-249e-4d1c-8077-33d02b981733,
RC00561,FM057,Frans Brüggen,弗蘭斯・布呂根,MusicBrainz release-group API,2ef36a7b-c93c-4e05-9d23-2dd9f85c653a,fde55884-1fcd-4a7d-9ec4-083f3eb16497,Die Schöpfung (The Creation),1995,Album,,https://musicbrainz.org/release-group/fde55884-1fcd-4a7d-9ec4-083f3eb16497,
RC00562,FM057,Frans Brüggen,弗蘭斯・布呂根,MusicBrainz release-group API,2ef36a7b-c93c-4e05-9d23-2dd9f85c653a,fe7e40ab-e40e-46d7-805e-fdc3e16f81cb,Symphonies No. 1 in C minor Op. 11 / No. 4 in A major Op. 90,1992,Album,,https://musicbrainz.org/release-group/fe7e40ab-e40e-46d7-805e-fdc3e16f81cb,
RC00563,FM057,Frans Brüggen,弗蘭斯・布呂根,MusicBrainz release-group API,2ef36a7b-c93c-4e05-9d23-2dd9f85c653a,fec056ba-51ca-4a22-8757-b53bfe774853,"Violin Concertos nos. 1-5 / Sinfonia Concertante, K. 364",2008-01-01,Album,,https://musicbrainz.org/release-group/fec056ba-51ca-4a22-8757-b53bfe774853,
RC00564,FM057,Frans Brüggen,弗蘭斯・布呂根,MusicBrainz release-group API,2ef36a7b-c93c-4e05-9d23-2dd9f85c653a,fed350d3-2e85-428c-a213-cf756e985907,Symphonies no. 31 “Paris” / no. 35 “Haffner”,1986,Album,,https://musicbrainz.org/release-group/fed350d3-2e85-428c-a213-cf756e985907,
RC00565,FM057,Frans Brüggen,弗蘭斯・布呂根,MusicBrainz release-group API,2ef36a7b-c93c-4e05-9d23-2dd9f85c653a,ff865a20-cf59-43b7-accb-d829a9d34578,Symphonies nos. 101 & 103,1988,Album,,https://musicbrainz.org/release-group/ff865a20-cf59-43b7-accb-d829a9d34578,
RC00566,FM057,Frans Brüggen,弗蘭斯・布呂根,MusicBrainz release-group API,2ef36a7b-c93c-4e05-9d23-2dd9f85c653a,ffe2381a-2ab7-40e9-b34e-7b93416d8d3d,Haydn: The London Symphonies,2019-06-20,Album,,https://musicbrainz.org/release-group/ffe2381a-2ab7-40e9-b34e-7b93416d8d3d,
RC00567,FM059,Wilbert Hazelzet,威爾伯特・哈澤爾澤特,MusicBrainz release-group API,e64f6678-6f11-4a41-8706-9b61245f92a7,0f77bda4-4c71-4288-b4a3-e3a98db008d0,3 Quartets / Harpsichord Concerto,1987,Album,,https://musicbrainz.org/release-group/0f77bda4-4c71-4288-b4a3-e3a98db008d0,
RC00568,FM059,Wilbert Hazelzet,威爾伯特・哈澤爾澤特,MusicBrainz release-group API,e64f6678-6f11-4a41-8706-9b61245f92a7,2eba715d-f72e-37c1-9861-4f6b6e6e2110,6 Paris Quartets,,Album,,https://musicbrainz.org/release-group/2eba715d-f72e-37c1-9861-4f6b6e6e2110,
RC00569,FM059,Wilbert Hazelzet,威爾伯特・哈澤爾澤特,MusicBrainz release-group API,e64f6678-6f11-4a41-8706-9b61245f92a7,3461f87c-95aa-334b-b5ab-4c73b8852f0b,The Flute Sonatas,2002,Album,,https://musicbrainz.org/release-group/3461f87c-95aa-334b-b5ab-4c73b8852f0b,
RC00570,FM059,Wilbert Hazelzet,威爾伯特・哈澤爾澤特,MusicBrainz release-group API,e64f6678-6f11-4a41-8706-9b61245f92a7,360095a0-3f9e-36f1-a300-e6bee9b0c7da,Flute & Harp Concerto KV 299 / Oboe Concerto KV 314 / Bassoon Concerto KV 191,1993,Album,,https://musicbrainz.org/release-group/360095a0-3f9e-36f1-a300-e6bee9b0c7da,
RC00571,FM059,Wilbert Hazelzet,威爾伯特・哈澤爾澤特,MusicBrainz release-group API,e64f6678-6f11-4a41-8706-9b61245f92a7,3e26ad6b-a04d-408f-97b4-dde488ea23b5,Suites for cello BWV 1007-1009 (transcr. Wilbert Hazelzet) / Partita for flute BWV 1013,1999,Album,,https://musicbrainz.org/release-group/3e26ad6b-a04d-408f-97b4-dde488ea23b5,
RC00572,FM059,Wilbert Hazelzet,威爾伯特・哈澤爾澤特,MusicBrainz release-group API,e64f6678-6f11-4a41-8706-9b61245f92a7,4b8c12c1-fff0-3694-95ee-7bd3d876ec27,Ecos Fidelles: Flute Music,1996,Album,,https://musicbrainz.org/release-group/4b8c12c1-fff0-3694-95ee-7bd3d876ec27,
RC00573,FM059,Wilbert Hazelzet,威爾伯特・哈澤爾澤特,MusicBrainz release-group API,e64f6678-6f11-4a41-8706-9b61245f92a7,592e643c-d798-4248-aafe-fa7381d6059f,Paris Quartets,1991,Album,,https://musicbrainz.org/release-group/592e643c-d798-4248-aafe-fa7381d6059f,
RC00574,FM059,Wilbert Hazelzet,威爾伯特・哈澤爾澤特,MusicBrainz release-group API,e64f6678-6f11-4a41-8706-9b61245f92a7,59cceee3-5a42-4c19-9392-6ea396781946,4 Sonate,1986,Album,,https://musicbrainz.org/release-group/59cceee3-5a42-4c19-9392-6ea396781946,
RC00575,FM059,Wilbert Hazelzet,威爾伯特・哈澤爾澤特,MusicBrainz release-group API,e64f6678-6f11-4a41-8706-9b61245f92a7,7c6d5943-2284-4854-bca4-54187af8d61e,"6 Flute Sonatas, Op. 91",2015-12,Album,,https://musicbrainz.org/release-group/7c6d5943-2284-4854-bca4-54187af8d61e,
RC00576,FM059,Wilbert Hazelzet,威爾伯特・哈澤爾澤特,MusicBrainz release-group API,e64f6678-6f11-4a41-8706-9b61245f92a7,96d2fbd9-c715-4143-b256-15ef67217a29,Orphée / Medée / Two Harpsichord Suites,2010,Album,,https://musicbrainz.org/release-group/96d2fbd9-c715-4143-b256-15ef67217a29,
RC00577,FM059,Wilbert Hazelzet,威爾伯特・哈澤爾澤特,MusicBrainz release-group API,e64f6678-6f11-4a41-8706-9b61245f92a7,a6a7e665-4fac-42be-bdb1-0c1815c71753,Perspectives,2000,Album,,https://musicbrainz.org/release-group/a6a7e665-4fac-42be-bdb1-0c1815c71753,
RC00578,FM059,Wilbert Hazelzet,威爾伯特・哈澤爾澤特,MusicBrainz release-group API,e64f6678-6f11-4a41-8706-9b61245f92a7,acc9f0c0-3d7a-4ac8-88ac-51c90864d3b4,Wilhelm Friedemann Bach: Flute Sonatas and Trios,2014,Album,Compilation,https://musicbrainz.org/release-group/acc9f0c0-3d7a-4ac8-88ac-51c90864d3b4,
RC00579,FM059,Wilbert Hazelzet,威爾伯特・哈澤爾澤特,MusicBrainz release-group API,e64f6678-6f11-4a41-8706-9b61245f92a7,b633056a-ec70-42ea-8eff-c35018aecc33,4 Paris Quartets,1995,Album,,https://musicbrainz.org/release-group/b633056a-ec70-42ea-8eff-c35018aecc33,
RC00580,FM059,Wilbert Hazelzet,威爾伯特・哈澤爾澤特,MusicBrainz release-group API,e64f6678-6f11-4a41-8706-9b61245f92a7,c5845d7f-1c83-4ab1-9d68-f7eac6cd01b4,Flötenkonzerte,1985-12-13,Album,,https://musicbrainz.org/release-group/c5845d7f-1c83-4ab1-9d68-f7eac6cd01b4,
RC00581,FM059,Wilbert Hazelzet,威爾伯特・哈澤爾澤特,MusicBrainz release-group API,e64f6678-6f11-4a41-8706-9b61245f92a7,c7e37ee9-a99a-4308-acb6-50b0166ddb85,Paris Quartets,1994,Album,,https://musicbrainz.org/release-group/c7e37ee9-a99a-4308-acb6-50b0166ddb85,
RC00582,FM059,Wilbert Hazelzet,威爾伯特・哈澤爾澤特,MusicBrainz release-group API,e64f6678-6f11-4a41-8706-9b61245f92a7,e74de920-af1c-40a6-aa81-2e290c409ac9,Kammermusik,1999,Album,,https://musicbrainz.org/release-group/e74de920-af1c-40a6-aa81-2e290c409ac9,
RC00583,FM061,Lisa Beznosiuk,麗莎・貝茲諾修克,MusicBrainz release-group API,65dff25a-98a5-4546-8f52-0e12973afe5d,0c285f6b-b763-3a2e-8c88-54a0fcb8c7fa,Flute Music of the 16th and 17th Centuries,1989-04,Album,Compilation,https://musicbrainz.org/release-group/0c285f6b-b763-3a2e-8c88-54a0fcb8c7fa,
RC00584,FM061,Lisa Beznosiuk,麗莎・貝茲諾修克,MusicBrainz release-group API,65dff25a-98a5-4546-8f52-0e12973afe5d,37ae248a-f052-4bbb-b1a9-e61e3c24c4f9,Arianna a Naxos / Scots Songs / English Canzonettas,1985,Album,,https://musicbrainz.org/release-group/37ae248a-f052-4bbb-b1a9-e61e3c24c4f9,
RC00585,FM061,Lisa Beznosiuk,麗莎・貝茲諾修克,MusicBrainz release-group API,65dff25a-98a5-4546-8f52-0e12973afe5d,43887159-2cec-40ed-9cee-fa0c7902af74,20 Sonatas “Opus 1”,1995,Album,,https://musicbrainz.org/release-group/43887159-2cec-40ed-9cee-fa0c7902af74,
RC00586,FM061,Lisa Beznosiuk,麗莎・貝茲諾修克,MusicBrainz release-group API,65dff25a-98a5-4546-8f52-0e12973afe5d,6c2356b9-74a7-4fe0-8200-3ee40060bca2,Concord Of Sweet Sounds,1987,Album,,https://musicbrainz.org/release-group/6c2356b9-74a7-4fe0-8200-3ee40060bca2,
RC00587,FM061,Lisa Beznosiuk,麗莎・貝茲諾修克,MusicBrainz release-group API,65dff25a-98a5-4546-8f52-0e12973afe5d,729aefc1-0603-4072-b439-4c56d28b7bac,Solo Concertos,1994,Album,,https://musicbrainz.org/release-group/729aefc1-0603-4072-b439-4c56d28b7bac,
RC00588,FM061,Lisa Beznosiuk,麗莎・貝茲諾修克,MusicBrainz release-group API,65dff25a-98a5-4546-8f52-0e12973afe5d,7543bb57-45dd-4846-bec2-e00898464357,6 Flute Concertos op. 10,1988,Album,,https://musicbrainz.org/release-group/7543bb57-45dd-4846-bec2-e00898464357,
RC00589,FM061,Lisa Beznosiuk,麗莎・貝茲諾修克,MusicBrainz release-group API,65dff25a-98a5-4546-8f52-0e12973afe5d,92f06893-3382-33d1-b25c-c87b5511aedb,Flute and Harp Concerto / Flute Concerto no. 1 / Andante in C / Bassoon Concerto,1988,Album,,https://musicbrainz.org/release-group/92f06893-3382-33d1-b25c-c87b5511aedb,
RC00590,FM061,Lisa Beznosiuk,麗莎・貝茲諾修克,MusicBrainz release-group API,65dff25a-98a5-4546-8f52-0e12973afe5d,9dc2bc2d-da0e-36af-8fb1-2fa232154013,The Complete Flute Sonatas,2002-04-02,Album,,https://musicbrainz.org/release-group/9dc2bc2d-da0e-36af-8fb1-2fa232154013,
RC00591,FM061,Lisa Beznosiuk,麗莎・貝茲諾修克,MusicBrainz release-group API,65dff25a-98a5-4546-8f52-0e12973afe5d,9eef4840-798d-4d8c-b786-4652950153f9,"Symphonies Concertantes, Vol. 3",1998,Album,,https://musicbrainz.org/release-group/9eef4840-798d-4d8c-b786-4652950153f9,
RC00592,FM061,Lisa Beznosiuk,麗莎・貝茲諾修克,MusicBrainz release-group API,65dff25a-98a5-4546-8f52-0e12973afe5d,b96ba0e0-1900-4cd9-90e9-fb3915b14c4e,The Complete Flute Sonatas,2001-10,Album,,https://musicbrainz.org/release-group/b96ba0e0-1900-4cd9-90e9-fb3915b14c4e,
RC00593,FM061,Lisa Beznosiuk,麗莎・貝茲諾修克,MusicBrainz release-group API,65dff25a-98a5-4546-8f52-0e12973afe5d,db9a583d-6f73-4695-87f0-8e0e78d560ca,Concord Of Sweet Sounds,1987,Album,,https://musicbrainz.org/release-group/db9a583d-6f73-4695-87f0-8e0e78d560ca,
RC00594,FM063,Pierre-Yves Artaud,皮耶-伊夫・阿爾托,MusicBrainz release-group API,6c1f2fd6-0bd5-4175-a90b-44372cbd05d1,156a9fb3-3717-4fc9-a909-bfcd97c71d2b,Symphonie N°1 / Duo Pour Flute Et Violoncelle,1984,Album,,https://musicbrainz.org/release-group/156a9fb3-3717-4fc9-a909-bfcd97c71d2b,
RC00595,FM063,Pierre-Yves Artaud,皮耶-伊夫・阿爾托,MusicBrainz release-group API,6c1f2fd6-0bd5-4175-a90b-44372cbd05d1,226ef575-ce65-4b68-99c9-8ae8399de079,Doina Rotaru,1998-12,Album,,https://musicbrainz.org/release-group/226ef575-ce65-4b68-99c9-8ae8399de079,
RC00596,FM063,Pierre-Yves Artaud,皮耶-伊夫・阿爾托,MusicBrainz release-group API,6c1f2fd6-0bd5-4175-a90b-44372cbd05d1,3a106abe-32ee-47db-a595-9587389d0e9b,"Mémoire/Erosion / Ethers / C'est un jardin secret, ma soeur, ma fiancée... / Les Courantes de l'espace",2000,Album,Compilation,https://musicbrainz.org/release-group/3a106abe-32ee-47db-a595-9587389d0e9b,
RC00597,FM063,Pierre-Yves Artaud,皮耶-伊夫・阿爾托,MusicBrainz release-group API,6c1f2fd6-0bd5-4175-a90b-44372cbd05d1,ab7257c6-4a07-427c-b1f7-249f56fec8fd,Rencontre(S),2016,Album,,https://musicbrainz.org/release-group/ab7257c6-4a07-427c-b1f7-249f56fec8fd,
RC00598,FM063,Pierre-Yves Artaud,皮耶-伊夫・阿爾托,MusicBrainz release-group API,6c1f2fd6-0bd5-4175-a90b-44372cbd05d1,d2b042fa-f60f-4a5e-84b7-2071c9176ffd,Œuvres pour flûte,1988,Album,,https://musicbrainz.org/release-group/d2b042fa-f60f-4a5e-84b7-2071c9176ffd,
RC00599,FM063,Pierre-Yves Artaud,皮耶-伊夫・阿爾托,MusicBrainz release-group API,6c1f2fd6-0bd5-4175-a90b-44372cbd05d1,e3507d3b-a386-4c14-a885-cf6cd4a97511,Sonate en trio / Syrinx / Chansons de Bilitis / Prélude à l’après‐midi d’un faune / Bilitis,1995,Album,,https://musicbrainz.org/release-group/e3507d3b-a386-4c14-a885-cf6cd4a97511,
RC00600,FM063,Pierre-Yves Artaud,皮耶-伊夫・阿爾托,MusicBrainz release-group API,6c1f2fd6-0bd5-4175-a90b-44372cbd05d1,ee14bcfe-1af0-4779-9a06-2d22e703e87c,Dizzy Divinity / Byzantine Prayer / Frenetico il longing di amare / Capricorn’s Nostalgic Crickets II,1992,Album,,https://musicbrainz.org/release-group/ee14bcfe-1af0-4779-9a06-2d22e703e87c,
RC00601,FM063,Pierre-Yves Artaud,皮耶-伊夫・阿爾托,MusicBrainz release-group API,6c1f2fd6-0bd5-4175-a90b-44372cbd05d1,f66afcaf-6f17-4492-bde4-d2dd9f6f514d,Alamari / Flag / Nidi / Toy / Ave,1989,Album,,https://musicbrainz.org/release-group/f66afcaf-6f17-4492-bde4-d2dd9f6f514d,
RC00602,FM063,Pierre-Yves Artaud,皮耶-伊夫・阿爾托,MusicBrainz release-group API,6c1f2fd6-0bd5-4175-a90b-44372cbd05d1,fddd2cf4-bfb0-4166-b71a-47bfe11e0233,Les Chants de Nectaire,1998,Album,,https://musicbrainz.org/release-group/fddd2cf4-bfb0-4166-b71a-47bfe11e0233,
RC00603,FM064,Patrick Gallois,帕特里克・加洛瓦,MusicBrainz release-group API,fd7ff1bd-cd0b-48da-ae72-9de37c6691e4,0474fa88-18c5-4b11-8076-5feeeb392abf,Flute Concerto / Flute Sonata / Aria e danza / Landscape with Birds,2013-10,Album,,https://musicbrainz.org/release-group/0474fa88-18c5-4b11-8076-5feeeb392abf,
RC00604,FM064,Patrick Gallois,帕特里克・加洛瓦,MusicBrainz release-group API,fd7ff1bd-cd0b-48da-ae72-9de37c6691e4,1b952730-a74f-40da-9112-aab29493edff,Fantaisies pour flute seule,1993-01-25,Album,,https://musicbrainz.org/release-group/1b952730-a74f-40da-9112-aab29493edff,
RC00605,FM064,Patrick Gallois,帕特里克・加洛瓦,MusicBrainz release-group API,fd7ff1bd-cd0b-48da-ae72-9de37c6691e4,1c7d48d1-3ff3-4237-bbe7-24039a6427fd,Overtures • 6,2020-01,Album,,https://musicbrainz.org/release-group/1c7d48d1-3ff3-4237-bbe7-24039a6427fd,
RC00606,FM064,Patrick Gallois,帕特里克・加洛瓦,MusicBrainz release-group API,fd7ff1bd-cd0b-48da-ae72-9de37c6691e4,1d9071bc-400f-326b-b525-cf9980d7254d,"6 Flute Concertos, Op. 10",1993-11-01,Album,,https://musicbrainz.org/release-group/1d9071bc-400f-326b-b525-cf9980d7254d,
RC00607,FM064,Patrick Gallois,帕特里克・加洛瓦,MusicBrainz release-group API,fd7ff1bd-cd0b-48da-ae72-9de37c6691e4,2192637c-ecde-45cd-9907-740a3ce0b49d,Overtures • 3,2013-08,Album,,https://musicbrainz.org/release-group/2192637c-ecde-45cd-9907-740a3ce0b49d,
RC00608,FM064,Patrick Gallois,帕特里克・加洛瓦,MusicBrainz release-group API,fd7ff1bd-cd0b-48da-ae72-9de37c6691e4,21ed8eb4-e214-47f3-bfa9-64d924113e28,Das Konzert / Phantasiestück / Pan,2012-04-01,Album,,https://musicbrainz.org/release-group/21ed8eb4-e214-47f3-bfa9-64d924113e28,
RC00609,FM064,Patrick Gallois,帕特里克・加洛瓦,MusicBrainz release-group API,fd7ff1bd-cd0b-48da-ae72-9de37c6691e4,29adbb09-5a65-42b3-8f75-3adf761ea64b,Variations on Folk Songs,2015-09-25,Album,,https://musicbrainz.org/release-group/29adbb09-5a65-42b3-8f75-3adf761ea64b,
RC00610,FM064,Patrick Gallois,帕特里克・加洛瓦,MusicBrainz release-group API,fd7ff1bd-cd0b-48da-ae72-9de37c6691e4,2b6a100a-3f34-4f08-97f9-31a95ae3d201,"Aeneas in Carthage – Opera: Overtures, Ballet Music and Marches",2010-01,Album,,https://musicbrainz.org/release-group/2b6a100a-3f34-4f08-97f9-31a95ae3d201,
RC00611,FM064,Patrick Gallois,帕特里克・加洛瓦,MusicBrainz release-group API,fd7ff1bd-cd0b-48da-ae72-9de37c6691e4,319713a7-3dcf-486d-aac7-a1a07270e6a2,Flute Dreams (Popular Melodies for Flute and Orchestra),1998,Album,,https://musicbrainz.org/release-group/319713a7-3dcf-486d-aac7-a1a07270e6a2,
RC00612,FM064,Patrick Gallois,帕特里克・加洛瓦,MusicBrainz release-group API,fd7ff1bd-cd0b-48da-ae72-9de37c6691e4,38b6f3ec-f88c-4cfc-a0dd-f7837970548d,Flute Concertos nos. 5-8,2017-02,Album,,https://musicbrainz.org/release-group/38b6f3ec-f88c-4cfc-a0dd-f7837970548d,
RC00613,FM064,Patrick Gallois,帕特里克・加洛瓦,MusicBrainz release-group API,fd7ff1bd-cd0b-48da-ae72-9de37c6691e4,3b7d0bb5-6c2f-4d83-9ea2-8963bb67b71c,"Symphonies, Vol. 33: Symphonies Nos. 25, 42 and 65",2008-09,Album,,https://musicbrainz.org/release-group/3b7d0bb5-6c2f-4d83-9ea2-8963bb67b71c,
RC00614,FM064,Patrick Gallois,帕特里克・加洛瓦,MusicBrainz release-group API,fd7ff1bd-cd0b-48da-ae72-9de37c6691e4,3edc73cb-27cf-49c4-80b8-c2c6b6a0b6e1,Piazzolla for Two: Tangos for Flute & Guitar,1996,Album,,https://musicbrainz.org/release-group/3edc73cb-27cf-49c4-80b8-c2c6b6a0b6e1,
RC00615,FM064,Patrick Gallois,帕特里克・加洛瓦,MusicBrainz release-group API,fd7ff1bd-cd0b-48da-ae72-9de37c6691e4,44c6a36d-f1c5-4932-8929-2f5c0d7cea7e,Overtures • 5,2016-12,Album,,https://musicbrainz.org/release-group/44c6a36d-f1c5-4932-8929-2f5c0d7cea7e,
RC00616,FM064,Patrick Gallois,帕特里克・加洛瓦,MusicBrainz release-group API,fd7ff1bd-cd0b-48da-ae72-9de37c6691e4,48a7c963-c546-49db-a383-47aa2cb6f873,Flötenkonzerte aus Sanssouci,1994-08-01,Album,,https://musicbrainz.org/release-group/48a7c963-c546-49db-a383-47aa2cb6f873,
RC00617,FM064,Patrick Gallois,帕特里克・加洛瓦,MusicBrainz release-group API,fd7ff1bd-cd0b-48da-ae72-9de37c6691e4,4c386629-6b61-3170-8501-2084bfd768fe,Triple Concerto / Romance in E minor / Violin Romances opp. 40 & 50,1998-05-11,Album,,https://musicbrainz.org/release-group/4c386629-6b61-3170-8501-2084bfd768fe,
RC00618,FM064,Patrick Gallois,帕特里克・加洛瓦,MusicBrainz release-group API,fd7ff1bd-cd0b-48da-ae72-9de37c6691e4,52308efb-1c55-4254-aede-a1c40ded4983,Concierto de Aranjuez / Concierto pastoral / Concierto andaluz,2000,Album,Compilation,https://musicbrainz.org/release-group/52308efb-1c55-4254-aede-a1c40ded4983,
RC00619,FM064,Patrick Gallois,帕特里克・加洛瓦,MusicBrainz release-group API,fd7ff1bd-cd0b-48da-ae72-9de37c6691e4,52c15e02-f9b0-4efe-bec0-d445c6dcd9ee,An Imaginary Journey to the Faroe Islands / Flute Concerto / Symphony no. 1,1990,Album,,https://musicbrainz.org/release-group/52c15e02-f9b0-4efe-bec0-d445c6dcd9ee,
RC00620,FM064,Patrick Gallois,帕特里克・加洛瓦,MusicBrainz release-group API,fd7ff1bd-cd0b-48da-ae72-9de37c6691e4,57140602-96b9-435c-aaeb-b83f14e68607,Flute Concertos nos. 1-4,2014-11,Album,,https://musicbrainz.org/release-group/57140602-96b9-435c-aaeb-b83f14e68607,
RC00621,FM064,Patrick Gallois,帕特里克・加洛瓦,MusicBrainz release-group API,fd7ff1bd-cd0b-48da-ae72-9de37c6691e4,57baaae4-6143-4f12-b938-dd13b634f6b2,"Symphonies, Vol. 32: Symphonies Nos. 9-12",2007-10,Album,,https://musicbrainz.org/release-group/57baaae4-6143-4f12-b938-dd13b634f6b2,
RC00622,FM064,Patrick Gallois,帕特里克・加洛瓦,MusicBrainz release-group API,fd7ff1bd-cd0b-48da-ae72-9de37c6691e4,57e1e3b5-2ef6-34aa-93cb-ce30c4033b18,Concerto for Two Flutes / Piano Concerto,2007-01-02,Album,,https://musicbrainz.org/release-group/57e1e3b5-2ef6-34aa-93cb-ce30c4033b18,
RC00623,FM064,Patrick Gallois,帕特里克・加洛瓦,MusicBrainz release-group API,fd7ff1bd-cd0b-48da-ae72-9de37c6691e4,5c3e94e4-2757-4f13-bb40-db976370fd55,"Flute Concertos Nos. 1 and 2 / Concerto for Flute, Harp and Orchestra",2003-10,Album,,https://musicbrainz.org/release-group/5c3e94e4-2757-4f13-bb40-db976370fd55,
RC00624,FM064,Patrick Gallois,帕特里克・加洛瓦,MusicBrainz release-group API,fd7ff1bd-cd0b-48da-ae72-9de37c6691e4,61cc8b55-5a1b-42bb-a71b-27ae4e42aaa4,Flute Concertos nos. 9-12,2017-06,Album,,https://musicbrainz.org/release-group/61cc8b55-5a1b-42bb-a71b-27ae4e42aaa4,
RC00625,FM064,Patrick Gallois,帕特里克・加洛瓦,MusicBrainz release-group API,fd7ff1bd-cd0b-48da-ae72-9de37c6691e4,6a5cf979-d6d6-4da6-8d64-2428c0e96ee8,Intégrale des oeuvres pour flûte et orchestre,2000,Album,,https://musicbrainz.org/release-group/6a5cf979-d6d6-4da6-8d64-2428c0e96ee8,
RC00626,FM064,Patrick Gallois,帕特里克・加洛瓦,MusicBrainz release-group API,fd7ff1bd-cd0b-48da-ae72-9de37c6691e4,7168e523-eafd-4809-a9f8-8a9f502591a3,Ballet Music: Bacchus / Hérodiade / Thaïs / Le Cid,2013,Album,,https://musicbrainz.org/release-group/7168e523-eafd-4809-a9f8-8a9f502591a3,
RC00627,FM064,Patrick Gallois,帕特里克・加洛瓦,MusicBrainz release-group API,fd7ff1bd-cd0b-48da-ae72-9de37c6691e4,7721b3d1-e5bc-4e4f-9161-1281b3eca929,Symphonies nos. 1 and 2,2006-09,Album,,https://musicbrainz.org/release-group/7721b3d1-e5bc-4e4f-9161-1281b3eca929,
RC00628,FM064,Patrick Gallois,帕特里克・加洛瓦,MusicBrainz release-group API,fd7ff1bd-cd0b-48da-ae72-9de37c6691e4,793d92d3-51aa-41e7-bda3-e5b72c6a12b7,Violin Concertos,2010-11,Album,,https://musicbrainz.org/release-group/793d92d3-51aa-41e7-bda3-e5b72c6a12b7,
RC00629,FM064,Patrick Gallois,帕特里克・加洛瓦,MusicBrainz release-group API,fd7ff1bd-cd0b-48da-ae72-9de37c6691e4,93a4c623-cd03-4ae7-8f73-48ae15f62700,"Symphonies, Vol. 1",2016-06-10,Album,,https://musicbrainz.org/release-group/93a4c623-cd03-4ae7-8f73-48ae15f62700,
RC00630,FM064,Patrick Gallois,帕特里克・加洛瓦,MusicBrainz release-group API,fd7ff1bd-cd0b-48da-ae72-9de37c6691e4,962a3298-f6fc-423f-9e2f-6ae204f69732,Duets for Two Flutes,2019-01,Album,,https://musicbrainz.org/release-group/962a3298-f6fc-423f-9e2f-6ae204f69732,
RC00631,FM064,Patrick Gallois,帕特里克・加洛瓦,MusicBrainz release-group API,fd7ff1bd-cd0b-48da-ae72-9de37c6691e4,ab3eb7af-ce10-4384-8a41-012c9676a93c,Complete Flute Concertos,2002-09,Album,,https://musicbrainz.org/release-group/ab3eb7af-ce10-4384-8a41-012c9676a93c,
RC00632,FM064,Patrick Gallois,帕特里克・加洛瓦,MusicBrainz release-group API,fd7ff1bd-cd0b-48da-ae72-9de37c6691e4,ac8127d5-6457-4cd2-984b-fca5cc078951,Violin Concertos / Violin Sonata in F minor,2013-02,Album,,https://musicbrainz.org/release-group/ac8127d5-6457-4cd2-984b-fca5cc078951,
RC00633,FM064,Patrick Gallois,帕特里克・加洛瓦,MusicBrainz release-group API,fd7ff1bd-cd0b-48da-ae72-9de37c6691e4,b1fe391e-cb77-438c-9b3a-d0d081dcd110,Works for Flute • 1,2018-03,Album,,https://musicbrainz.org/release-group/b1fe391e-cb77-438c-9b3a-d0d081dcd110,
RC00634,FM064,Patrick Gallois,帕特里克・加洛瓦,MusicBrainz release-group API,fd7ff1bd-cd0b-48da-ae72-9de37c6691e4,b21622d6-0f42-401b-a8e1-75e79981d927,"Symphony in C major ""Jena"" / Flute Concerto in G major",2010-01,Album,,https://musicbrainz.org/release-group/b21622d6-0f42-401b-a8e1-75e79981d927,
RC00635,FM064,Patrick Gallois,帕特里克・加洛瓦,MusicBrainz release-group API,fd7ff1bd-cd0b-48da-ae72-9de37c6691e4,b2947005-df1f-4383-b837-30f0465caaa3,"Flute Concertos nos. 1, 2 and 4",2013-11-13,Album,,https://musicbrainz.org/release-group/b2947005-df1f-4383-b837-30f0465caaa3,
RC00636,FM064,Patrick Gallois,帕特里克・加洛瓦,MusicBrainz release-group API,fd7ff1bd-cd0b-48da-ae72-9de37c6691e4,b36aae5d-7736-4b12-a8e7-f742083677cd,"Violin Concertos nos. 6, 8 and 11",2009-01,Album,,https://musicbrainz.org/release-group/b36aae5d-7736-4b12-a8e7-f742083677cd,
RC00637,FM064,Patrick Gallois,帕特里克・加洛瓦,MusicBrainz release-group API,fd7ff1bd-cd0b-48da-ae72-9de37c6691e4,b5adae46-ecb9-44e4-8c04-414fbbca48f2,"Symphonies, Vol. 2",2016-08-12,Album,,https://musicbrainz.org/release-group/b5adae46-ecb9-44e4-8c04-414fbbca48f2,
RC00638,FM064,Patrick Gallois,帕特里克・加洛瓦,MusicBrainz release-group API,fd7ff1bd-cd0b-48da-ae72-9de37c6691e4,b8341b7e-6141-31c0-a7f0-3be47db440bd,On the Last Frontier / Flute Concerto / Anadyomene,1999-02,Album,,https://musicbrainz.org/release-group/b8341b7e-6141-31c0-a7f0-3be47db440bd,
RC00639,FM064,Patrick Gallois,帕特里克・加洛瓦,MusicBrainz release-group API,fd7ff1bd-cd0b-48da-ae72-9de37c6691e4,b9dfa160-29f3-416c-988a-0a38a3e0e3bc,Panorama,2000,Album,Compilation,https://musicbrainz.org/release-group/b9dfa160-29f3-416c-988a-0a38a3e0e3bc,
RC00640,FM064,Patrick Gallois,帕特里克・加洛瓦,MusicBrainz release-group API,fd7ff1bd-cd0b-48da-ae72-9de37c6691e4,ba1016b9-141b-35ab-b16a-c75a6c2e6616,Violin Concerto / Flute Concerto / Clarinet Concerto,1993-02,Album,,https://musicbrainz.org/release-group/ba1016b9-141b-35ab-b16a-c75a6c2e6616,
RC00641,FM064,Patrick Gallois,帕特里克・加洛瓦,MusicBrainz release-group API,fd7ff1bd-cd0b-48da-ae72-9de37c6691e4,bca8615e-3912-4fbf-8fd1-b66b963dbea2,French Flute Music,2005-03-22,Album,,https://musicbrainz.org/release-group/bca8615e-3912-4fbf-8fd1-b66b963dbea2,
RC00642,FM064,Patrick Gallois,帕特里克・加洛瓦,MusicBrainz release-group API,fd7ff1bd-cd0b-48da-ae72-9de37c6691e4,c8e3a72e-419f-4565-9595-79b806aebf11,Chamber Music,1989-07-14,Album,,https://musicbrainz.org/release-group/c8e3a72e-419f-4565-9595-79b806aebf11,Pascal Rogé
RC00643,FM064,Patrick Gallois,帕特里克・加洛瓦,MusicBrainz release-group API,fd7ff1bd-cd0b-48da-ae72-9de37c6691e4,d27eb2f6-7b20-4fa9-8dc8-c71f93862f81,The Essential Patrick Gallois,2025-05-30,Album,Compilation,https://musicbrainz.org/release-group/d27eb2f6-7b20-4fa9-8dc8-c71f93862f81,
RC00644,FM064,Patrick Gallois,帕特里克・加洛瓦,MusicBrainz release-group API,fd7ff1bd-cd0b-48da-ae72-9de37c6691e4,d3e3a316-9616-4280-8028-e509bf656b71,"Trio à cordes, op. 58 / Trio avec flûte, op. 40 / Sérénade, op. 30",1990,Album,,https://musicbrainz.org/release-group/d3e3a316-9616-4280-8028-e509bf656b71,
RC00645,FM064,Patrick Gallois,帕特里克・加洛瓦,MusicBrainz release-group API,fd7ff1bd-cd0b-48da-ae72-9de37c6691e4,d5cc12c3-3e2f-4d6e-a053-6a53aa410cfc,Devienne: Flute Concerto no. 13 / Viotti: Violin Concerto no. 23,2018-06-08,Album,,https://musicbrainz.org/release-group/d5cc12c3-3e2f-4d6e-a053-6a53aa410cfc,
RC00646,FM064,Patrick Gallois,帕特里克・加洛瓦,MusicBrainz release-group API,fd7ff1bd-cd0b-48da-ae72-9de37c6691e4,dc1036cb-0a3e-45b5-96c4-fd6608bf93e7,I Hear the Water Dreaming,2000-05-24,Album,,https://musicbrainz.org/release-group/dc1036cb-0a3e-45b5-96c4-fd6608bf93e7,
RC00647,FM064,Patrick Gallois,帕特里克・加洛瓦,MusicBrainz release-group API,fd7ff1bd-cd0b-48da-ae72-9de37c6691e4,dc1f4009-6e27-4c5b-bb22-92dd2833f7b2,24 Caprices: Transcription pour Flûte,1992-07-07,Album,,https://musicbrainz.org/release-group/dc1f4009-6e27-4c5b-bb22-92dd2833f7b2,
RC00648,FM064,Patrick Gallois,帕特里克・加洛瓦,MusicBrainz release-group API,fd7ff1bd-cd0b-48da-ae72-9de37c6691e4,e546147b-a725-43aa-96d7-6f7360a99b1e,Harp Concerto / Flute Concerto,2006-07,Album,,https://musicbrainz.org/release-group/e546147b-a725-43aa-96d7-6f7360a99b1e,
RC00649,FM064,Patrick Gallois,帕特里克・加洛瓦,MusicBrainz release-group API,fd7ff1bd-cd0b-48da-ae72-9de37c6691e4,f7145ad1-832a-3ba4-b6e3-644c243b7c4c,"Symphonies, Volume 29: Symphonies Nos. 1-5",2005-10,Album,,https://musicbrainz.org/release-group/f7145ad1-832a-3ba4-b6e3-644c243b7c4c,
RC00650,FM064,Patrick Gallois,帕特里克・加洛瓦,MusicBrainz release-group API,fd7ff1bd-cd0b-48da-ae72-9de37c6691e4,fa8c4c1d-a6d4-4de6-ab32-fa2aeddca8ab,The Complete Haydn Symphonies,2008-11,Album,Compilation,https://musicbrainz.org/release-group/fa8c4c1d-a6d4-4de6-ab32-fa2aeddca8ab,
RC00651,FM064,Patrick Gallois,帕特里克・加洛瓦,MusicBrainz release-group API,fd7ff1bd-cd0b-48da-ae72-9de37c6691e4,fb6e6a57-4888-4735-acd8-f0ed70341ad0,Symphonies in B flat and in G / Flute Concerto in C,2012-01,Album,,https://musicbrainz.org/release-group/fb6e6a57-4888-4735-acd8-f0ed70341ad0,
RC00652,FM064,Patrick Gallois,帕特里克・加洛瓦,MusicBrainz release-group API,fd7ff1bd-cd0b-48da-ae72-9de37c6691e4,fcce6193-93e4-44f9-8e13-02e93012089a,Mélodies,1987,Album,,https://musicbrainz.org/release-group/fcce6193-93e4-44f9-8e13-02e93012089a,
RC00653,FM065,Philippe Bernold,菲利普・貝爾諾,MusicBrainz release-group API,d71c2122-d5dd-4210-b825-bcd120d6c1b0,054325e9-eb54-473d-87d4-ff88ef1c0ba6,Les Trois Sonates,1989,Album,,https://musicbrainz.org/release-group/054325e9-eb54-473d-87d4-ff88ef1c0ba6,
RC00654,FM065,Philippe Bernold,菲利普・貝爾諾,MusicBrainz release-group API,d71c2122-d5dd-4210-b825-bcd120d6c1b0,121acee8-d77c-326c-b7a8-a6d6e65abeea,Sonatines pour flûte & piano,2000,Album,,https://musicbrainz.org/release-group/121acee8-d77c-326c-b7a8-a6d6e65abeea,
RC00655,FM065,Philippe Bernold,菲利普・貝爾諾,MusicBrainz release-group API,d71c2122-d5dd-4210-b825-bcd120d6c1b0,4cfe3d08-1b69-442e-8ca6-08c348166ae1,Flute & Harp Concerto / Flute Concerto no. 1 / Andante,2016-10-21,Album,,https://musicbrainz.org/release-group/4cfe3d08-1b69-442e-8ca6-08c348166ae1,
RC00656,FM065,Philippe Bernold,菲利普・貝爾諾,MusicBrainz release-group API,d71c2122-d5dd-4210-b825-bcd120d6c1b0,53f60354-120b-4508-b8fe-0e13a50e2823,"Sonate pour flûte, alto et harpe / Syrinx / Chansons de Bilitis / Prélude à l'après-midi d'un faune",1998,Album,,https://musicbrainz.org/release-group/53f60354-120b-4508-b8fe-0e13a50e2823,
RC00657,FM065,Philippe Bernold,菲利普・貝爾諾,MusicBrainz release-group API,d71c2122-d5dd-4210-b825-bcd120d6c1b0,57e1e3b5-2ef6-34aa-93cb-ce30c4033b18,Concerto for Two Flutes / Piano Concerto,2007-01-02,Album,,https://musicbrainz.org/release-group/57e1e3b5-2ef6-34aa-93cb-ce30c4033b18,
RC00658,FM065,Philippe Bernold,菲利普・貝爾諾,MusicBrainz release-group API,d71c2122-d5dd-4210-b825-bcd120d6c1b0,6877965e-476d-498d-ae6d-9f434fd71fd8,Mauricio Kagel,2003,Album,,https://musicbrainz.org/release-group/6877965e-476d-498d-ae6d-9f434fd71fd8,
RC00659,FM065,Philippe Bernold,菲利普・貝爾諾,MusicBrainz release-group API,d71c2122-d5dd-4210-b825-bcd120d6c1b0,e0164a2b-9fe8-4297-ac65-f8d3764b3e6c,Mozart,2024-11-08,Album,,https://musicbrainz.org/release-group/e0164a2b-9fe8-4297-ac65-f8d3764b3e6c,
RC00660,FM066,Emmanuel Pahud,艾曼紐・帕胡德,MusicBrainz release-group API,e9678a8c-4fcd-46ad-8f4e-3d17f6e3943f,035ac9ce-a714-443f-a2bd-ff4b378babb2,"Mozart: Flute and Harp Concerto, K. 299 - Flute Concerto No. 1, K. 313 & No. 2, K. 314",1997-03-30,Album,,https://musicbrainz.org/release-group/035ac9ce-a714-443f-a2bd-ff4b378babb2,
RC00661,FM066,Emmanuel Pahud,艾曼紐・帕胡德,MusicBrainz release-group API,e9678a8c-4fcd-46ad-8f4e-3d17f6e3943f,06cf4aca-cfc3-4a1b-9093-0d64c5b8b146,Works for Harp,2019-03-29,Album,,https://musicbrainz.org/release-group/06cf4aca-cfc3-4a1b-9093-0d64c5b8b146,
RC00662,FM066,Emmanuel Pahud,艾曼紐・帕胡德,MusicBrainz release-group API,e9678a8c-4fcd-46ad-8f4e-3d17f6e3943f,0c3ff3a4-e39c-40f7-b970-ae4597fe85ec,Doppler Discoveries,2019-02-01,Album,,https://musicbrainz.org/release-group/0c3ff3a4-e39c-40f7-b970-ae4597fe85ec,
RC00663,FM066,Emmanuel Pahud,艾曼紐・帕胡德,MusicBrainz release-group API,e9678a8c-4fcd-46ad-8f4e-3d17f6e3943f,18391170-a29b-4495-9689-acbf849fb1e0,Flute Concertos & Scherzandi,2012-07-25,Album,,https://musicbrainz.org/release-group/18391170-a29b-4495-9689-acbf849fb1e0,
RC00664,FM066,Emmanuel Pahud,艾曼紐・帕胡德,MusicBrainz release-group API,e9678a8c-4fcd-46ad-8f4e-3d17f6e3943f,18a16500-8b3b-4d13-b7ae-9b698b131173,Flute Concertos,2003-09-05,Album,,https://musicbrainz.org/release-group/18a16500-8b3b-4d13-b7ae-9b698b131173,
RC00665,FM066,Emmanuel Pahud,艾曼紐・帕胡德,MusicBrainz release-group API,e9678a8c-4fcd-46ad-8f4e-3d17f6e3943f,1dd4970f-ff91-4a4b-99d0-05a7d51f8721,Beethoven,2020-12-11,Album,,https://musicbrainz.org/release-group/1dd4970f-ff91-4a4b-99d0-05a7d51f8721,
RC00666,FM066,Emmanuel Pahud,艾曼紐・帕胡德,MusicBrainz release-group API,e9678a8c-4fcd-46ad-8f4e-3d17f6e3943f,2126f0a0-bc18-4ef8-aacd-09b730cbaebf,Dreamtime,2019-10-25,Album,,https://musicbrainz.org/release-group/2126f0a0-bc18-4ef8-aacd-09b730cbaebf,
RC00667,FM066,Emmanuel Pahud,艾曼紐・帕胡德,MusicBrainz release-group API,e9678a8c-4fcd-46ad-8f4e-3d17f6e3943f,23ced043-a662-42d6-8d6c-9fd4b74919a2,"Dolly / 4 mains / Masques et bergamasques / Fantaisie, op. 79 / Trio, op. 120",2013-10-08,Album,,https://musicbrainz.org/release-group/23ced043-a662-42d6-8d6c-9fd4b74919a2,
RC00668,FM066,Emmanuel Pahud,艾曼紐・帕胡德,MusicBrainz release-group API,e9678a8c-4fcd-46ad-8f4e-3d17f6e3943f,241b5806-13b8-3c8b-a28f-c9b9d6912a68,Works for Flute,2004,Album,,https://musicbrainz.org/release-group/241b5806-13b8-3c8b-a28f-c9b9d6912a68,
RC00669,FM066,Emmanuel Pahud,艾曼紐・帕胡德,MusicBrainz release-group API,e9678a8c-4fcd-46ad-8f4e-3d17f6e3943f,2daa5edf-01c3-44c9-8ef3-fbbc0bbed5e0,Tico-Tico: Best Loved Brazilian Melodies,2000-06-01,Album,,https://musicbrainz.org/release-group/2daa5edf-01c3-44c9-8ef3-fbbc0bbed5e0,
RC00670,FM066,Emmanuel Pahud,艾曼紐・帕胡德,MusicBrainz release-group API,e9678a8c-4fcd-46ad-8f4e-3d17f6e3943f,310e2a23-de2b-46d6-8114-ea89fea1e256,"2015-10-22: L'auditorium di Torino della Rai, Turin, Italy",,Album,Live,https://musicbrainz.org/release-group/310e2a23-de2b-46d6-8114-ea89fea1e256,
RC00671,FM066,Emmanuel Pahud,艾曼紐・帕胡德,MusicBrainz release-group API,e9678a8c-4fcd-46ad-8f4e-3d17f6e3943f,3990f847-dead-4bdd-9a48-f7890aa2fec5,... Prisme / Incidences ...,2007,Album,,https://musicbrainz.org/release-group/3990f847-dead-4bdd-9a48-f7890aa2fec5,
RC00672,FM066,Emmanuel Pahud,艾曼紐・帕胡德,MusicBrainz release-group API,e9678a8c-4fcd-46ad-8f4e-3d17f6e3943f,400cffd8-3c86-3344-9fdf-5a2656554b50,Flute Concertos,2002-11-04,Album,,https://musicbrainz.org/release-group/400cffd8-3c86-3344-9fdf-5a2656554b50,
RC00673,FM066,Emmanuel Pahud,艾曼紐・帕胡德,MusicBrainz release-group API,e9678a8c-4fcd-46ad-8f4e-3d17f6e3943f,5194b3a5-94cb-4315-bec7-489f5e7863bb,Solo,2018-05-04,Album,,https://musicbrainz.org/release-group/5194b3a5-94cb-4315-bec7-489f5e7863bb,
RC00674,FM066,Emmanuel Pahud,艾曼紐・帕胡德,MusicBrainz release-group API,e9678a8c-4fcd-46ad-8f4e-3d17f6e3943f,5249049a-2302-34b8-bbc7-45bac23cbe17,Paris,1998-01-20,Album,,https://musicbrainz.org/release-group/5249049a-2302-34b8-bbc7-45bac23cbe17,
RC00675,FM066,Emmanuel Pahud,艾曼紐・帕胡德,MusicBrainz release-group API,e9678a8c-4fcd-46ad-8f4e-3d17f6e3943f,5495c040-a7aa-3695-b207-4d6e921290dd,Quatuors avec flute,1999-09-06,Album,,https://musicbrainz.org/release-group/5495c040-a7aa-3695-b207-4d6e921290dd,
RC00676,FM066,Emmanuel Pahud,艾曼紐・帕胡德,MusicBrainz release-group API,e9678a8c-4fcd-46ad-8f4e-3d17f6e3943f,569a34d3-3502-4c08-967d-fb8d6645f486,Brandenburg Concerto no. 5 / Orchestral Suite no. 2 / Trio Sonata / Partita,2001-01-15,Album,,https://musicbrainz.org/release-group/569a34d3-3502-4c08-967d-fb8d6645f486,
RC00677,FM066,Emmanuel Pahud,艾曼紐・帕胡德,MusicBrainz release-group API,e9678a8c-4fcd-46ad-8f4e-3d17f6e3943f,5965e4c0-fe85-4679-9731-e025ddeea2b0,Into the Blue,2003-04-24,Album,,https://musicbrainz.org/release-group/5965e4c0-fe85-4679-9731-e025ddeea2b0,
RC00678,FM066,Emmanuel Pahud,艾曼紐・帕胡德,MusicBrainz release-group API,e9678a8c-4fcd-46ad-8f4e-3d17f6e3943f,631030bc-1c72-48f3-a301-29ed838ac843,Sonates & Trio,2017-11-03,Album,,https://musicbrainz.org/release-group/631030bc-1c72-48f3-a301-29ed838ac843,
RC00679,FM066,Emmanuel Pahud,艾曼紐・帕胡德,MusicBrainz release-group API,e9678a8c-4fcd-46ad-8f4e-3d17f6e3943f,6ba15af4-0cf4-4e0a-94d8-b0c4ffabfbc7,Vienne 1900,2020-07-10,Album,,https://musicbrainz.org/release-group/6ba15af4-0cf4-4e0a-94d8-b0c4ffabfbc7,
RC00680,FM066,Emmanuel Pahud,艾曼紐・帕胡德,MusicBrainz release-group API,e9678a8c-4fcd-46ad-8f4e-3d17f6e3943f,6eedaac4-5867-3e3a-bcd1-d0ed1582ed52,Cantos y danzas,1998,Album,,https://musicbrainz.org/release-group/6eedaac4-5867-3e3a-bcd1-d0ed1582ed52,
RC00681,FM066,Emmanuel Pahud,艾曼紐・帕胡德,MusicBrainz release-group API,e9678a8c-4fcd-46ad-8f4e-3d17f6e3943f,8272494a-163d-407d-bea9-aa7a72601cfd,Romances,2023-05-05,Album,,https://musicbrainz.org/release-group/8272494a-163d-407d-bea9-aa7a72601cfd,
RC00682,FM066,Emmanuel Pahud,艾曼紐・帕胡德,MusicBrainz release-group API,e9678a8c-4fcd-46ad-8f4e-3d17f6e3943f,84edc9d4-cb3c-3a6a-bb88-d2c4ec14e765,"The Canticle of the Sun / Music for Flute, Strings and Percussion",2001-08-06,Album,,https://musicbrainz.org/release-group/84edc9d4-cb3c-3a6a-bb88-d2c4ec14e765,
RC00683,FM066,Emmanuel Pahud,艾曼紐・帕胡德,MusicBrainz release-group API,e9678a8c-4fcd-46ad-8f4e-3d17f6e3943f,9266dd74-fd56-422d-b723-71143d3558af,Debussy: Syrinx / Bilitis / La plus que lente / Ravel: Chansons madécasses / Prokofiev: Flute Sonata,2000,Album,,https://musicbrainz.org/release-group/9266dd74-fd56-422d-b723-71143d3558af,
RC00684,FM066,Emmanuel Pahud,艾曼紐・帕胡德,MusicBrainz release-group API,e9678a8c-4fcd-46ad-8f4e-3d17f6e3943f,970d3700-2d35-462b-bc6d-55253fb82652,beau soir,2004,Album,,https://musicbrainz.org/release-group/970d3700-2d35-462b-bc6d-55253fb82652,
RC00685,FM066,Emmanuel Pahud,艾曼紐・帕胡德,MusicBrainz release-group API,e9678a8c-4fcd-46ad-8f4e-3d17f6e3943f,984e15dc-722e-4825-a9ee-ddfaad387255,Mozart Stories,2024-05-03,Album,,https://musicbrainz.org/release-group/984e15dc-722e-4825-a9ee-ddfaad387255,
RC00686,FM066,Emmanuel Pahud,艾曼紐・帕胡德,MusicBrainz release-group API,e9678a8c-4fcd-46ad-8f4e-3d17f6e3943f,9d13876a-b42c-4f96-acb5-60f52ebbbde9,Emmanuel Pahud / La flute enchantee,2012-09-26,Album,Compilation,https://musicbrainz.org/release-group/9d13876a-b42c-4f96-acb5-60f52ebbbde9,
RC00687,FM066,Emmanuel Pahud,艾曼紐・帕胡德,MusicBrainz release-group API,e9678a8c-4fcd-46ad-8f4e-3d17f6e3943f,a1c49c1b-a622-4807-90d2-db6d108c4026,Around the World,2013,Album,,https://musicbrainz.org/release-group/a1c49c1b-a622-4807-90d2-db6d108c4026,
RC00688,FM066,Emmanuel Pahud,艾曼紐・帕胡德,MusicBrainz release-group API,e9678a8c-4fcd-46ad-8f4e-3d17f6e3943f,a2fe51d0-1761-461e-8d35-1ce3801afe99,Sonate en si bémol majeur / Sonate en fa majeur opus 17 / Sérénade en ré opus 41,1993,Album,,https://musicbrainz.org/release-group/a2fe51d0-1761-461e-8d35-1ce3801afe99,
RC00689,FM066,Emmanuel Pahud,艾曼紐・帕胡德,MusicBrainz release-group API,e9678a8c-4fcd-46ad-8f4e-3d17f6e3943f,acb2e6f9-49f5-4bae-bb0b-d4dc60105718,Flute Concertos,2016-11-04,Album,,https://musicbrainz.org/release-group/acb2e6f9-49f5-4bae-bb0b-d4dc60105718,
RC00690,FM066,Emmanuel Pahud,艾曼紐・帕胡德,MusicBrainz release-group API,e9678a8c-4fcd-46ad-8f4e-3d17f6e3943f,af1591ed-e17b-422e-8429-335b33afeaf5,Flöten Konzerte 1 & 2 / Konzert für Flöte und Harfe,1997,Album,,https://musicbrainz.org/release-group/af1591ed-e17b-422e-8429-335b33afeaf5,
RC00691,FM066,Emmanuel Pahud,艾曼紐・帕胡德,MusicBrainz release-group API,e9678a8c-4fcd-46ad-8f4e-3d17f6e3943f,b5479d1d-654e-3a8c-b6f9-2ec4bf513e0a,French Connection,2005-03-07,Album,,https://musicbrainz.org/release-group/b5479d1d-654e-3a8c-b6f9-2ec4bf513e0a,
RC00692,FM066,Emmanuel Pahud,艾曼紐・帕胡德,MusicBrainz release-group API,e9678a8c-4fcd-46ad-8f4e-3d17f6e3943f,b5f89e22-94f6-411c-986d-53055adfdb7c,Intégrale de la musique de chambre avec piano,2015-10-30,Album,Compilation,https://musicbrainz.org/release-group/b5f89e22-94f6-411c-986d-53055adfdb7c,
RC00693,FM066,Emmanuel Pahud,艾曼紐・帕胡德,MusicBrainz release-group API,e9678a8c-4fcd-46ad-8f4e-3d17f6e3943f,bf40cb96-5477-4553-9ce6-fc4f8f5af55b,Revolution,2015-03-02,Album,,https://musicbrainz.org/release-group/bf40cb96-5477-4553-9ce6-fc4f8f5af55b,
RC00694,FM066,Emmanuel Pahud,艾曼紐・帕胡德,MusicBrainz release-group API,e9678a8c-4fcd-46ad-8f4e-3d17f6e3943f,c16e5bfe-8938-40a9-a8f9-60b8030a6870,Wolfgang Amadeus Mozart,2005,Album,Compilation,https://musicbrainz.org/release-group/c16e5bfe-8938-40a9-a8f9-60b8030a6870,
RC00695,FM066,Emmanuel Pahud,艾曼紐・帕胡德,MusicBrainz release-group API,e9678a8c-4fcd-46ad-8f4e-3d17f6e3943f,c30a17fc-01ee-47cb-8f41-19a3e4cb587d,The Flute King: Music From the Court of Frederick the Great,2013-09-02,Album,,https://musicbrainz.org/release-group/c30a17fc-01ee-47cb-8f41-19a3e4cb587d,
RC00696,FM066,Emmanuel Pahud,艾曼紐・帕胡德,MusicBrainz release-group API,e9678a8c-4fcd-46ad-8f4e-3d17f6e3943f,cc7ecc30-a63d-3c78-b582-c3b06910e6b7,Flute Concerto no. 1 / Concerto for Flute and Harp / Clarinet Concerto,2001-04-01,Album,Compilation,https://musicbrainz.org/release-group/cc7ecc30-a63d-3c78-b582-c3b06910e6b7,
RC00697,FM066,Emmanuel Pahud,艾曼紐・帕胡德,MusicBrainz release-group API,e9678a8c-4fcd-46ad-8f4e-3d17f6e3943f,cf9479c3-bab9-4e7b-afd8-1907dc757216,Chamber Music,2021-07-09,Album,,https://musicbrainz.org/release-group/cf9479c3-bab9-4e7b-afd8-1907dc757216,
RC00698,FM066,Emmanuel Pahud,艾曼紐・帕胡德,MusicBrainz release-group API,e9678a8c-4fcd-46ad-8f4e-3d17f6e3943f,d0837b37-70a5-42b8-b275-be0f418930dc,Complete Flute Sonatas,2008-10-03,Album,,https://musicbrainz.org/release-group/d0837b37-70a5-42b8-b275-be0f418930dc,
RC00699,FM066,Emmanuel Pahud,艾曼紐・帕胡德,MusicBrainz release-group API,e9678a8c-4fcd-46ad-8f4e-3d17f6e3943f,d1a83b4f-f813-40f4-b491-242cbaf3d731,"Orchestral, Piano & Chamber Masterworks",,Album,Compilation,https://musicbrainz.org/release-group/d1a83b4f-f813-40f4-b491-242cbaf3d731,
RC00700,FM066,Emmanuel Pahud,艾曼紐・帕胡德,MusicBrainz release-group API,e9678a8c-4fcd-46ad-8f4e-3d17f6e3943f,e04e3280-cee9-42ff-872e-380066fae73c,Æther,2021-11-05,Album,,https://musicbrainz.org/release-group/e04e3280-cee9-42ff-872e-380066fae73c,
RC00701,FM066,Emmanuel Pahud,艾曼紐・帕胡德,MusicBrainz release-group API,e9678a8c-4fcd-46ad-8f4e-3d17f6e3943f,e1d00974-603d-46a1-99c6-c461dbda5087,Clarinet & Flute Concertos / Wind Quintet,2007-09-10,Album,,https://musicbrainz.org/release-group/e1d00974-603d-46a1-99c6-c461dbda5087,
RC00702,FM066,Emmanuel Pahud,艾曼紐・帕胡德,MusicBrainz release-group API,e9678a8c-4fcd-46ad-8f4e-3d17f6e3943f,e22f6100-88ea-4053-b34c-4014dd64a61f,Mozart & Flute in Paris,2021-07-09,Album,,https://musicbrainz.org/release-group/e22f6100-88ea-4053-b34c-4014dd64a61f,
RC00703,FM066,Emmanuel Pahud,艾曼紐・帕胡德,MusicBrainz release-group API,e9678a8c-4fcd-46ad-8f4e-3d17f6e3943f,e9247e59-10ba-439d-a9c8-b9c55b69b8e8,Flute Concertos,2008-04-01,Album,,https://musicbrainz.org/release-group/e9247e59-10ba-439d-a9c8-b9c55b69b8e8,
RC00704,FM066,Emmanuel Pahud,艾曼紐・帕胡德,MusicBrainz release-group API,e9678a8c-4fcd-46ad-8f4e-3d17f6e3943f,f548e666-b1ea-431c-a96b-09631b7311d2,Flute Concertos,2006,Album,,https://musicbrainz.org/release-group/f548e666-b1ea-431c-a96b-09631b7311d2,
RC00705,FM066,Emmanuel Pahud,艾曼紐・帕胡德,MusicBrainz release-group API,e9678a8c-4fcd-46ad-8f4e-3d17f6e3943f,fd448bc9-e5c0-46fe-a481-5e7e63d0520e,Airlines,2020-08-26,Album,,https://musicbrainz.org/release-group/fd448bc9-e5c0-46fe-a481-5e7e63d0520e,
RC00706,FM067,Jacques Zoon,雅克・宗,MusicBrainz release-group API,124b21cb-a253-4834-80a3-a163bdea5b01,2de1f02b-b55a-45e5-9c46-73ec390d6169,Fantasie Pastorale Hongroise: Flute Master Pieces,2005-06-22,Album,,https://musicbrainz.org/release-group/2de1f02b-b55a-45e5-9c46-73ec390d6169,
RC00707,FM067,Jacques Zoon,雅克・宗,MusicBrainz release-group API,124b21cb-a253-4834-80a3-a163bdea5b01,45a564cc-ade5-4a40-be8b-b1e7003dac52,Concertos,2014,Album,,https://musicbrainz.org/release-group/45a564cc-ade5-4a40-be8b-b1e7003dac52,
RC00708,FM067,Jacques Zoon,雅克・宗,MusicBrainz release-group API,124b21cb-a253-4834-80a3-a163bdea5b01,704f9457-a0c2-35e1-809f-ec8f3f1a8026,The Ligeti Project IV: Hamburg Concerto / Double Concerto / Ramifications / Requiem,2003,Album,,https://musicbrainz.org/release-group/704f9457-a0c2-35e1-809f-ec8f3f1a8026,
RC00709,FM067,Jacques Zoon,雅克・宗,MusicBrainz release-group API,124b21cb-a253-4834-80a3-a163bdea5b01,922687c1-91b3-4a33-b7cc-f178a604620c,Flute Concertos / Symphony no. 41 “Jupiter”,2005-01-25,Album,,https://musicbrainz.org/release-group/922687c1-91b3-4a33-b7cc-f178a604620c,
RC00710,FM068,Marina Piccinini,瑪麗娜・皮奇尼尼,MusicBrainz release-group API,cdf92dca-6496-4610-a3f3-453db5e3b8d2,76427cd5-5a69-4503-9ac7-18a33a98d0c1,Flute Concerto / Air / Second Symphony,2019-08-23,Album,,https://musicbrainz.org/release-group/76427cd5-5a69-4503-9ac7-18a33a98d0c1,
RC00711,FM068,Marina Piccinini,瑪麗娜・皮奇尼尼,MusicBrainz release-group API,cdf92dca-6496-4610-a3f3-453db5e3b8d2,859a334c-56a5-417e-a91a-11009e7e84ce,Tre voci,2014-09-12,Album,,https://musicbrainz.org/release-group/859a334c-56a5-417e-a91a-11009e7e84ce,
RC00712,FM068,Marina Piccinini,瑪麗娜・皮奇尼尼,MusicBrainz release-group API,cdf92dca-6496-4610-a3f3-453db5e3b8d2,ddafa9c2-b4b7-4e0b-a2df-aebdecb9bec9,Flute Sonatas,2010-09-14,Album,,https://musicbrainz.org/release-group/ddafa9c2-b4b7-4e0b-a2df-aebdecb9bec9,
RC00713,FM069,Sharon Bezaly,莎朗・貝扎利,MusicBrainz release-group API,9091ade7-02a8-42b8-9fe5-78022a91398b,16070e34-89e2-4f9d-b6b7-bda5df73d079,Orchestral Works,2020-01-03,Album,,https://musicbrainz.org/release-group/16070e34-89e2-4f9d-b6b7-bda5df73d079,
RC00714,FM069,Sharon Bezaly,莎朗・貝扎利,MusicBrainz release-group API,9091ade7-02a8-42b8-9fe5-78022a91398b,2348815a-d1ef-4807-98fb-2fe39c36d4bb,Aperitif - A French Collection,,Album,,https://musicbrainz.org/release-group/2348815a-d1ef-4807-98fb-2fe39c36d4bb,
RC00715,FM069,Sharon Bezaly,莎朗・貝扎利,MusicBrainz release-group API,9091ade7-02a8-42b8-9fe5-78022a91398b,2b42ad93-07c4-4679-aa75-7b8038173ac7,Water Music,2009-07,Album,,https://musicbrainz.org/release-group/2b42ad93-07c4-4679-aa75-7b8038173ac7,
RC00716,FM069,Sharon Bezaly,莎朗・貝扎利,MusicBrainz release-group API,9091ade7-02a8-42b8-9fe5-78022a91398b,4241042a-f948-43a8-a5a3-0bcd8e69966e,Œuvres pour flûte,2006,Album,,https://musicbrainz.org/release-group/4241042a-f948-43a8-a5a3-0bcd8e69966e,
RC00717,FM069,Sharon Bezaly,莎朗・貝扎利,MusicBrainz release-group API,9091ade7-02a8-42b8-9fe5-78022a91398b,4fca2468-8307-46d1-9900-882ce8982467,Great Works for Flute and Orchestra,2013-07,Album,,https://musicbrainz.org/release-group/4fca2468-8307-46d1-9900-882ce8982467,
RC00718,FM069,Sharon Bezaly,莎朗・貝扎利,MusicBrainz release-group API,9091ade7-02a8-42b8-9fe5-78022a91398b,523ed6aa-9bd8-300b-a68a-896d371493a2,Bridge Across the Pyrenees,2006-10,Album,,https://musicbrainz.org/release-group/523ed6aa-9bd8-300b-a68a-896d371493a2,
RC00719,FM069,Sharon Bezaly,莎朗・貝扎利,MusicBrainz release-group API,9091ade7-02a8-42b8-9fe5-78022a91398b,564587cf-4307-3d36-9082-047490e19786,Masterworks for Flute and Piano,2006-01,Album,,https://musicbrainz.org/release-group/564587cf-4307-3d36-9082-047490e19786,
RC00720,FM069,Sharon Bezaly,莎朗・貝扎利,MusicBrainz release-group API,9091ade7-02a8-42b8-9fe5-78022a91398b,5dc76737-4d3e-4269-8d04-393148ffdd88,Synergy,2022-09-02,Album,,https://musicbrainz.org/release-group/5dc76737-4d3e-4269-8d04-393148ffdd88,
RC00721,FM069,Sharon Bezaly,莎朗・貝扎利,MusicBrainz release-group API,9091ade7-02a8-42b8-9fe5-78022a91398b,64ef02ad-5498-4109-a8bd-b33a38a61d4f,Violin Concerto / Callisto / Symphony no. 1,2010,Album,,https://musicbrainz.org/release-group/64ef02ad-5498-4109-a8bd-b33a38a61d4f,
RC00722,FM069,Sharon Bezaly,莎朗・貝扎利,MusicBrainz release-group API,9091ade7-02a8-42b8-9fe5-78022a91398b,6bb74b22-f03e-431a-ae19-c5db28a53109,Solo,2021-07-02,Album,,https://musicbrainz.org/release-group/6bb74b22-f03e-431a-ae19-c5db28a53109,
RC00723,FM069,Sharon Bezaly,莎朗・貝扎利,MusicBrainz release-group API,9091ade7-02a8-42b8-9fe5-78022a91398b,6f08cec4-fa2e-4283-b22f-a5a33f88d616,French Delights,2007,Album,,https://musicbrainz.org/release-group/6f08cec4-fa2e-4283-b22f-a5a33f88d616,
RC00724,FM069,Sharon Bezaly,莎朗・貝扎利,MusicBrainz release-group API,9091ade7-02a8-42b8-9fe5-78022a91398b,732e6f5d-ec79-4b16-9408-80893314ac50,Concerto Grosso no. 1 / Symphony no. 9,2009-06-20,Album,,https://musicbrainz.org/release-group/732e6f5d-ec79-4b16-9408-80893314ac50,
RC00725,FM069,Sharon Bezaly,莎朗・貝扎利,MusicBrainz release-group API,9091ade7-02a8-42b8-9fe5-78022a91398b,73daf526-73e2-4b0c-b548-9a0f0ffa7fa7,Moonlight Concerto for Viola & Percussion / Concerto for Alto Flute & Strings,2025-09-12,Album,,https://musicbrainz.org/release-group/73daf526-73e2-4b0c-b548-9a0f0ffa7fa7,
RC00726,FM069,Sharon Bezaly,莎朗・貝扎利,MusicBrainz release-group API,9091ade7-02a8-42b8-9fe5-78022a91398b,7b4dbb8c-6c0e-4575-a712-03d9aca8f7da,Terral / Strings to the Bone / Chamber Symphony,2023-05-05,Album,,https://musicbrainz.org/release-group/7b4dbb8c-6c0e-4575-a712-03d9aca8f7da,
RC00727,FM069,Sharon Bezaly,莎朗・貝扎利,MusicBrainz release-group API,9091ade7-02a8-42b8-9fe5-78022a91398b,7f127db3-8a05-4d4f-8b17-a4ed5ebb576d,Vocal and Chamber Works,2024-07-12,Album,,https://musicbrainz.org/release-group/7f127db3-8a05-4d4f-8b17-a4ed5ebb576d,
RC00728,FM069,Sharon Bezaly,莎朗・貝扎利,MusicBrainz release-group API,9091ade7-02a8-42b8-9fe5-78022a91398b,87c8f80c-6bc4-4aea-b7fa-982456eaf403,Seascapes,2007-04-25,Album,,https://musicbrainz.org/release-group/87c8f80c-6bc4-4aea-b7fa-982456eaf403,
RC00729,FM069,Sharon Bezaly,莎朗・貝扎利,MusicBrainz release-group API,9091ade7-02a8-42b8-9fe5-78022a91398b,8b08a195-0e9e-4d76-8cd6-2d317d2489fd,Masterworks for Flute and Piano II,2010,Album,,https://musicbrainz.org/release-group/8b08a195-0e9e-4d76-8cd6-2d317d2489fd,
RC00730,FM069,Sharon Bezaly,莎朗・貝扎利,MusicBrainz release-group API,9091ade7-02a8-42b8-9fe5-78022a91398b,8db1002a-d10b-4012-b01f-4b06be735738,Fairy Lady Meg Jiang / Lovers Besieged,2013-11,Album,,https://musicbrainz.org/release-group/8db1002a-d10b-4012-b01f-4b06be735738,
RC00731,FM069,Sharon Bezaly,莎朗・貝扎利,MusicBrainz release-group API,9091ade7-02a8-42b8-9fe5-78022a91398b,90fa182e-6589-449d-8604-581bece9b304,Nordic Spell,2005-05,Album,,https://musicbrainz.org/release-group/90fa182e-6589-449d-8604-581bece9b304,
RC00732,FM069,Sharon Bezaly,莎朗・貝扎利,MusicBrainz release-group API,9091ade7-02a8-42b8-9fe5-78022a91398b,9d17025c-429c-4682-8bc8-6da2019cb116,Complete Works for Flute and Orchestra,2008-02-15,Album,,https://musicbrainz.org/release-group/9d17025c-429c-4682-8bc8-6da2019cb116,
RC00733,FM069,Sharon Bezaly,莎朗・貝扎利,MusicBrainz release-group API,9091ade7-02a8-42b8-9fe5-78022a91398b,a0993b46-bbf4-4eb5-bcdd-2ba044a183f9,Winter,2021,Album,,https://musicbrainz.org/release-group/a0993b46-bbf4-4eb5-bcdd-2ba044a183f9,
RC00734,FM069,Sharon Bezaly,莎朗・貝扎利,MusicBrainz release-group API,9091ade7-02a8-42b8-9fe5-78022a91398b,ac3a98d0-6dc3-480b-8758-d658a886f09f,Flute Moon / China Dreams / Postcards,2000,Album,,https://musicbrainz.org/release-group/ac3a98d0-6dc3-480b-8758-d658a886f09f,
RC00735,FM069,Sharon Bezaly,莎朗・貝扎利,MusicBrainz release-group API,9091ade7-02a8-42b8-9fe5-78022a91398b,aee32ae3-83f4-3660-86ea-73aacd95f3ba,Flute Concertos / Rondo / Andante,2005-08,Album,,https://musicbrainz.org/release-group/aee32ae3-83f4-3660-86ea-73aacd95f3ba,
RC00736,FM069,Sharon Bezaly,莎朗・貝扎利,MusicBrainz release-group API,9091ade7-02a8-42b8-9fe5-78022a91398b,aeef250d-3014-4d78-8da1-08a6030349d4,Flutissimo,1999,Album,,https://musicbrainz.org/release-group/aeef250d-3014-4d78-8da1-08a6030349d4,
RC00737,FM069,Sharon Bezaly,莎朗・貝扎利,MusicBrainz release-group API,9091ade7-02a8-42b8-9fe5-78022a91398b,af8eb416-dfd3-4299-95c2-33f69d000d69,House of Cards Symphony / Flute Concerto / Six Sixteen / Canticle,2018-08-24,Album,Live,https://musicbrainz.org/release-group/af8eb416-dfd3-4299-95c2-33f69d000d69,
RC00738,FM069,Sharon Bezaly,莎朗・貝扎利,MusicBrainz release-group API,9091ade7-02a8-42b8-9fe5-78022a91398b,bfe303d5-fb19-410c-95f7-22515b5959ff,Enchanted Garden: Orchestral Works by Uljas Pulkkis,2007-05,Album,,https://musicbrainz.org/release-group/bfe303d5-fb19-410c-95f7-22515b5959ff,
RC00739,FM069,Sharon Bezaly,莎朗・貝扎利,MusicBrainz release-group API,9091ade7-02a8-42b8-9fe5-78022a91398b,c0b3eaae-36b1-4ffe-94fe-ee0e6967eba9,Sonatas,2017-10,Album,,https://musicbrainz.org/release-group/c0b3eaae-36b1-4ffe-94fe-ee0e6967eba9,
RC00740,FM069,Sharon Bezaly,莎朗・貝扎利,MusicBrainz release-group API,9091ade7-02a8-42b8-9fe5-78022a91398b,c98ad278-10ba-4fb8-8257-200398c81150,Pipe Dreams,2012-08,Album,,https://musicbrainz.org/release-group/c98ad278-10ba-4fb8-8257-200398c81150,
RC00741,FM069,Sharon Bezaly,莎朗・貝扎利,MusicBrainz release-group API,9091ade7-02a8-42b8-9fe5-78022a91398b,cd76f2b8-cdfd-4146-b187-cd9a23147106,Sturm und Drang,2009-09,Album,,https://musicbrainz.org/release-group/cd76f2b8-cdfd-4146-b187-cd9a23147106,
RC00742,FM069,Sharon Bezaly,莎朗・貝扎利,MusicBrainz release-group API,9091ade7-02a8-42b8-9fe5-78022a91398b,dda46c85-7e2b-4c65-a19f-bad08762defa,Flute Quartets,2000-05,Album,,https://musicbrainz.org/release-group/dda46c85-7e2b-4c65-a19f-bad08762defa,
RC00743,FM069,Sharon Bezaly,莎朗・貝扎利,MusicBrainz release-group API,9091ade7-02a8-42b8-9fe5-78022a91398b,e21d83a1-4d88-4bff-9e6c-b112feba7b87,Sharon Bezaly Plays Flute Concertos by Khachaturian & Rautavaara,2016-05,Album,,https://musicbrainz.org/release-group/e21d83a1-4d88-4bff-9e6c-b112feba7b87,
RC00744,FM069,Sharon Bezaly,莎朗・貝扎利,MusicBrainz release-group API,9091ade7-02a8-42b8-9fe5-78022a91398b,e31b5c8c-5508-4adb-889a-afb06555f51d,A String Around Autumn,2002-09-30,Album,,https://musicbrainz.org/release-group/e31b5c8c-5508-4adb-889a-afb06555f51d,
RC00745,FM069,Sharon Bezaly,莎朗・貝扎利,MusicBrainz release-group API,9091ade7-02a8-42b8-9fe5-78022a91398b,e361ec9f-a426-4a11-8ece-544981edc030,"Nobuko Imai, Sharon Bezaly, Ronald Brautigam Play Chamber Music by Duruflé, Hahn, Weinberg, Nikolayeva",2003-12,Album,,https://musicbrainz.org/release-group/e361ec9f-a426-4a11-8ece-544981edc030,
RC00746,FM069,Sharon Bezaly,莎朗・貝扎利,MusicBrainz release-group API,9091ade7-02a8-42b8-9fe5-78022a91398b,e94269e0-488e-4f7d-b560-731cd2525022,Across the Sea: Chinese-American Flute Concertos,2011,Album,,https://musicbrainz.org/release-group/e94269e0-488e-4f7d-b560-731cd2525022,
RC00747,FM069,Sharon Bezaly,莎朗・貝扎利,MusicBrainz release-group API,9091ade7-02a8-42b8-9fe5-78022a91398b,eb7e58e1-3963-425d-a9fb-35060b17296d,"Sharon Bezaly plays Bacri, Bernstein, Dean, Rouse",2010-03-30,Album,,https://musicbrainz.org/release-group/eb7e58e1-3963-425d-a9fb-35060b17296d,
RC00748,FM069,Sharon Bezaly,莎朗・貝扎利,MusicBrainz release-group API,9091ade7-02a8-42b8-9fe5-78022a91398b,f1bcfde2-1f51-4809-9440-1337bf2c1c61,Alan Gilbert conducts Christopher Rouse II,2009,Album,,https://musicbrainz.org/release-group/f1bcfde2-1f51-4809-9440-1337bf2c1c61,
RC00749,FM069,Sharon Bezaly,莎朗・貝扎利,MusicBrainz release-group API,9091ade7-02a8-42b8-9fe5-78022a91398b,f1fd3a9f-4735-3ce5-9e9f-63f1a9eb2308,The Deceitful Face of Hope and of Despair / Sieben Worte,2006-03,Album,,https://musicbrainz.org/release-group/f1fd3a9f-4735-3ce5-9e9f-63f1a9eb2308,
RC00750,FM071,Andrea Lieberknecht,安德烈亞・利伯克內希特,MusicBrainz release-group API,59197783-9971-4393-9275-9c832e75b1f1,07aea47c-8f5e-4d93-b2dd-d9bd25486446,Violin Concerto / Konzertstuck / Das Marchen Von Dicken Fetten Pfannekuchen,1996-01-01,Album,,https://musicbrainz.org/release-group/07aea47c-8f5e-4d93-b2dd-d9bd25486446,
RC00751,FM071,Andrea Lieberknecht,安德烈亞・利伯克內希特,MusicBrainz release-group API,59197783-9971-4393-9275-9c832e75b1f1,50d2910d-ed4e-4f1d-9700-b84b2adc3def,Concertos and Chamber Music,2001,Album,,https://musicbrainz.org/release-group/50d2910d-ed4e-4f1d-9700-b84b2adc3def,
RC00752,FM071,Andrea Lieberknecht,安德烈亞・利伯克內希特,MusicBrainz release-group API,59197783-9971-4393-9275-9c832e75b1f1,c4110f5c-8f65-4754-859d-83c7aaa2ac7a,"Siegfried Wagner: Violinkonzert, Concertino für Flöte, Vokalszenen",1996,,,https://musicbrainz.org/release-group/c4110f5c-8f65-4754-859d-83c7aaa2ac7a,
RC00753,FM073,Emily Beynon,艾蜜莉・貝農,MusicBrainz release-group API,f3d30c19-5ee7-4054-82b5-561bb3fd6d15,004bb6ad-e39c-4337-90f6-de54aab7f716,British Flute Concertos,2012-04,Album,,https://musicbrainz.org/release-group/004bb6ad-e39c-4337-90f6-de54aab7f716,
RC00754,FM073,Emily Beynon,艾蜜莉・貝農,MusicBrainz release-group API,f3d30c19-5ee7-4054-82b5-561bb3fd6d15,0fe5cc45-70f6-422a-91c2-650a81df5470,Aylesbury Games / Flute Concerto / Concerto for String Orchestra,2000-10,Album,,https://musicbrainz.org/release-group/0fe5cc45-70f6-422a-91c2-650a81df5470,
RC00755,FM073,Emily Beynon,艾蜜莉・貝農,MusicBrainz release-group API,f3d30c19-5ee7-4054-82b5-561bb3fd6d15,12cdf69c-c959-3af9-a47e-43bacefa3c42,L’Album des Six: The Complete Works of “The Six” for Flute and Piano,2001-02,Album,,https://musicbrainz.org/release-group/12cdf69c-c959-3af9-a47e-43bacefa3c42,
RC00756,FM073,Emily Beynon,艾蜜莉・貝農,MusicBrainz release-group API,f3d30c19-5ee7-4054-82b5-561bb3fd6d15,17345aa8-5707-4a51-86fe-cab7ac430632,Carnaval der dieren,2019-06-06,Album,,https://musicbrainz.org/release-group/17345aa8-5707-4a51-86fe-cab7ac430632,
RC00757,FM073,Emily Beynon,艾蜜莉・貝農,MusicBrainz release-group API,f3d30c19-5ee7-4054-82b5-561bb3fd6d15,2e274028-4635-44a1-a2ca-0ab3a12aec67,Horn Concerto no. 1 in D / Flute Concerto no. 1 in G / Bassoon Concerto in B-flat / Oboe Concerto in C,2005,Album,,https://musicbrainz.org/release-group/2e274028-4635-44a1-a2ca-0ab3a12aec67,
RC00758,FM073,Emily Beynon,艾蜜莉・貝農,MusicBrainz release-group API,f3d30c19-5ee7-4054-82b5-561bb3fd6d15,726ae145-60b8-3861-b00c-b46b82903d95,Sonata for Flute and Harp,1994,Album,,https://musicbrainz.org/release-group/726ae145-60b8-3861-b00c-b46b82903d95,
RC00759,FM073,Emily Beynon,艾蜜莉・貝農,MusicBrainz release-group API,f3d30c19-5ee7-4054-82b5-561bb3fd6d15,8b6d98d4-d986-4eb9-b519-012d9f41180b,"BBC Music, Volume 21, Number 5: Violin Concerto no. 5 ""Turkish"" / Flute and Harp Concerto",2013-02,Album,,https://musicbrainz.org/release-group/8b6d98d4-d986-4eb9-b519-012d9f41180b,
RC00760,FM073,Emily Beynon,艾蜜莉・貝農,MusicBrainz release-group API,f3d30c19-5ee7-4054-82b5-561bb3fd6d15,e8e8533d-434b-4628-97b1-fb4c41a5202d,Flute & Friends,2008-05-12,Album,,https://musicbrainz.org/release-group/e8e8533d-434b-4628-97b1-fb4c41a5202d,
RC00761,FM073,Emily Beynon,艾蜜莉・貝農,MusicBrainz release-group API,f3d30c19-5ee7-4054-82b5-561bb3fd6d15,ff83291b-a00d-44c3-bee5-91e7bd51ca1a,"Piano Trio, op. 8 / Variations for Flute and Piano / Rondeau for Two Pianos",2011-11,Album,,https://musicbrainz.org/release-group/ff83291b-a00d-44c3-bee5-91e7bd51ca1a,
RC00762,FM074,Susan Milan,蘇珊・米蘭,MusicBrainz release-group API,3397494e-57f3-484b-a82d-16642088725f,0607f789-a7b0-439f-b2a7-0e7a5c37c3e6,Six Cantatas,2019-02-08,Album,Compilation,https://musicbrainz.org/release-group/0607f789-a7b0-439f-b2a7-0e7a5c37c3e6,
RC00763,FM074,Susan Milan,蘇珊・米蘭,MusicBrainz release-group API,3397494e-57f3-484b-a82d-16642088725f,5cabbf06-2f33-4ebf-a0e4-c0c95ca95b1e,La Flûte enchantée: French pieces for flute and orchestra,1990,Album,,https://musicbrainz.org/release-group/5cabbf06-2f33-4ebf-a0e4-c0c95ca95b1e,
RC00764,FM074,Susan Milan,蘇珊・米蘭,MusicBrainz release-group API,3397494e-57f3-484b-a82d-16642088725f,7a30db0a-1cc9-49b7-baa5-5a6852b55738,"Mozart: Flute and Harp Concerto, K 299 (297c) / Oboe Concerto, K 271k / Salieri: Flute and Oboe Concerto",1992-05,Album,,https://musicbrainz.org/release-group/7a30db0a-1cc9-49b7-baa5-5a6852b55738,
RC00765,FM074,Susan Milan,蘇珊・米蘭,MusicBrainz release-group API,3397494e-57f3-484b-a82d-16642088725f,874f8d7c-9ee6-45d9-b1dc-5bf8f9b62e57,Serenade / Trio / Duo,1992,Album,,https://musicbrainz.org/release-group/874f8d7c-9ee6-45d9-b1dc-5bf8f9b62e57,
RC00766,FM074,Susan Milan,蘇珊・米蘭,MusicBrainz release-group API,3397494e-57f3-484b-a82d-16642088725f,a1f3d672-1bb6-4630-a2aa-4c1df4fa5ca0,"Schubert: Introduction & Variations on ""Trockne Blumen"" / Reinecke: Undine Sonata, op. 167 / Martinů: Sonata for Flute & Piano",1990,Album,,https://musicbrainz.org/release-group/a1f3d672-1bb6-4630-a2aa-4c1df4fa5ca0,
RC00767,FM074,Susan Milan,蘇珊・米蘭,MusicBrainz release-group API,3397494e-57f3-484b-a82d-16642088725f,acf57e79-ad8a-40ea-b0b9-4dec4c4c9079,Five Impressions of a Holiday / Pastorale et Arlequinade / Four Sketches / Suite / Three Pictures,2004-10-11,Album,,https://musicbrainz.org/release-group/acf57e79-ad8a-40ea-b0b9-4dec4c4c9079,
RC00768,FM074,Susan Milan,蘇珊・米蘭,MusicBrainz release-group API,3397494e-57f3-484b-a82d-16642088725f,d62de5d7-24dc-4569-b08a-79edefd485b8,Flute Fantaisie: Virtuoso French Flute Repertoire,1988,Album,,https://musicbrainz.org/release-group/d62de5d7-24dc-4569-b08a-79edefd485b8,
RC00769,FM074,Susan Milan,蘇珊・米蘭,MusicBrainz release-group API,3397494e-57f3-484b-a82d-16642088725f,db0e022b-2853-46b7-bd97-e8a6208d0e94,Flute Quartets,1991,Album,,https://musicbrainz.org/release-group/db0e022b-2853-46b7-bd97-e8a6208d0e94,
RC00770,FM075,Wissam Boustany,威薩姆・布斯塔尼,MusicBrainz release-group API,144b3120-df12-4179-8643-cfff77ec27ef,0e078c4f-425d-4792-8d4a-91fb35b23739,This Invisible World,2011-11-01,Album,,https://musicbrainz.org/release-group/0e078c4f-425d-4792-8d4a-91fb35b23739,
RC00771,FM075,Wissam Boustany,威薩姆・布斯塔尼,MusicBrainz release-group API,144b3120-df12-4179-8643-cfff77ec27ef,bb1ca053-46f4-49fd-a7bf-373da67d7731,Mirror of Eternity,2011-11-01,Album,,https://musicbrainz.org/release-group/bb1ca053-46f4-49fd-a7bf-373da67d7731,
RC00772,FM078,Lorna McGhee,洛娜・麥吉,MusicBrainz release-group API,e277339f-2cd5-4dac-beb9-09550ff77cb9,b74e42fb-13a8-4a7a-adbf-bb3897f9402b,Still,2015,Album,,https://musicbrainz.org/release-group/b74e42fb-13a8-4a7a-adbf-bb3897f9402b,
RC00773,FM079,Paul Edmund-Davies,保羅・艾德蒙-戴維斯,MusicBrainz release-group API,19c8b988-af0d-45fd-ad5c-76fd6db6d786,6f308d66-d4d4-4f1e-addf-4db91efd9f66,Cello Concertos / The Emperor and the Bird of Paradise,2003,Album,,https://musicbrainz.org/release-group/6f308d66-d4d4-4f1e-addf-4db91efd9f66,
RC00774,FM080,Jeffrey Khaner,傑弗里・卡納,MusicBrainz release-group API,3bc57292-6464-447a-bcc9-8e6074776978,12483d3d-013d-4257-b7bd-d0cb8dbe7e1e,Flute Concerto / Violin Concerto,2006-05,Album,,https://musicbrainz.org/release-group/12483d3d-013d-4257-b7bd-d0cb8dbe7e1e,
RC00775,FM080,Jeffrey Khaner,傑弗里・卡納,MusicBrainz release-group API,3bc57292-6464-447a-bcc9-8e6074776978,54d2cccd-9077-40b3-95b8-713344ba71fe,British Flute Music,2001-12,Album,,https://musicbrainz.org/release-group/54d2cccd-9077-40b3-95b8-713344ba71fe,
RC00776,FM080,Jeffrey Khaner,傑弗里・卡納,MusicBrainz release-group API,3bc57292-6464-447a-bcc9-8e6074776978,6bcf383a-edec-45a8-801e-c2a5d11d130e,Area 31,2005,Album,,https://musicbrainz.org/release-group/6bcf383a-edec-45a8-801e-c2a5d11d130e,
RC00777,FM080,Jeffrey Khaner,傑弗里・卡納,MusicBrainz release-group API,3bc57292-6464-447a-bcc9-8e6074776978,e6262998-39c4-4b47-b242-eda52ed19888,Czech Flute Music,2012-07-10,Album,,https://musicbrainz.org/release-group/e6262998-39c4-4b47-b242-eda52ed19888,
RC00778,FM084,Alexa Still,亞歷克莎・史蒂爾,MusicBrainz release-group API,1c741872-62a9-4ced-b59f-7229513ad2af,52c16395-dfd2-41f4-bb5c-2b924fc573e5,Intimate Masterpieces,2013-10-01,Album,,https://musicbrainz.org/release-group/52c16395-dfd2-41f4-bb5c-2b924fc573e5,
RC00779,FM084,Alexa Still,亞歷克莎・史蒂爾,MusicBrainz release-group API,1c741872-62a9-4ced-b59f-7229513ad2af,6e2d3b56-2ea6-416b-85bb-1c426bd2dee5,Syzygy,2018-01-26,Album,,https://musicbrainz.org/release-group/6e2d3b56-2ea6-416b-85bb-1c426bd2dee5,
RC00780,FM084,Alexa Still,亞歷克莎・史蒂爾,MusicBrainz release-group API,1c741872-62a9-4ced-b59f-7229513ad2af,9e690bf9-f57f-463d-b927-1de56c77a127,Alexa Still Flute,1991,Album,,https://musicbrainz.org/release-group/9e690bf9-f57f-463d-b927-1de56c77a127,
RC00781,FM084,Alexa Still,亞歷克莎・史蒂爾,MusicBrainz release-group API,1c741872-62a9-4ced-b59f-7229513ad2af,cc15d957-d926-4549-b343-0379caaa2f96,Convergent Winds. Music of Paul Hindemith,2018-06-15,Album,,https://musicbrainz.org/release-group/cc15d957-d926-4549-b343-0379caaa2f96,
RC00782,FM091,Jasmine Choi,崔娜卿,MusicBrainz release-group API,5deae4f5-5424-4ff3-9d47-bd7cbe8e891a,1aa90e49-1b68-43b5-9403-c58b89716e9e,The Telemann Files by Jasmine Choi: 12 Fantasies for Solo Flute,2015-02,Album,,https://musicbrainz.org/release-group/1aa90e49-1b68-43b5-9403-c58b89716e9e,
RC00783,FM091,Jasmine Choi,崔娜卿,MusicBrainz release-group API,5deae4f5-5424-4ff3-9d47-bd7cbe8e891a,2b2b50a8-b68d-478d-8764-e13ee4f39e6d,Brahms / Schumann / Reinecke,2020-12-11,Album,,https://musicbrainz.org/release-group/2b2b50a8-b68d-478d-8764-e13ee4f39e6d,
RC00784,FM091,Jasmine Choi,崔娜卿,MusicBrainz release-group API,5deae4f5-5424-4ff3-9d47-bd7cbe8e891a,5f96c073-feb8-46a7-8cbc-f3a0da1921cc,Claude Bolling Suite for Flute and Jazz Trio,,Album,,https://musicbrainz.org/release-group/5f96c073-feb8-46a7-8cbc-f3a0da1921cc,
RC00785,FM091,Jasmine Choi,崔娜卿,MusicBrainz release-group API,5deae4f5-5424-4ff3-9d47-bd7cbe8e891a,86a2c2fd-6ae5-4b53-a4c3-0d88bd0bb66d,"Composer's Notebook, Vol. 2",2025-02,Album,,https://musicbrainz.org/release-group/86a2c2fd-6ae5-4b53-a4c3-0d88bd0bb66d,
RC00786,FM091,Jasmine Choi,崔娜卿,MusicBrainz release-group API,5deae4f5-5424-4ff3-9d47-bd7cbe8e891a,a5879794-6e22-4b3d-ae51-568f502edf91,"5 Quartets with Flute: K. 370, K. 285, K. 285a, K. 285b, K. 298",2013-10-18,Album,,https://musicbrainz.org/release-group/a5879794-6e22-4b3d-ae51-568f502edf91,
RC00787,FM092,Shigenori Kudo,工藤重典,MusicBrainz release-group API,446b99b2-7c1f-4b9d-8736-76d24f958b41,0b276a4f-25ac-48fc-8e33-7eb7f69eb471,French Music for Flute and Harp,1991,Album,,https://musicbrainz.org/release-group/0b276a4f-25ac-48fc-8e33-7eb7f69eb471,
RC00788,FM092,Shigenori Kudo,工藤重典,MusicBrainz release-group API,446b99b2-7c1f-4b9d-8736-76d24f958b41,49d1e18e-7fda-42cd-aa15-1d813c7e60dd,Un Musicien au temps de Casanova - Galuppi Concertos,,Album,,https://musicbrainz.org/release-group/49d1e18e-7fda-42cd-aa15-1d813c7e60dd,
RC00789,FM092,Shigenori Kudo,工藤重典,MusicBrainz release-group API,446b99b2-7c1f-4b9d-8736-76d24f958b41,d89ce784-f3e0-426e-b659-75bf5decfda6,"Japanese Guitar Music, Vol. 4",2018-08,Album,,https://musicbrainz.org/release-group/d89ce784-f3e0-426e-b659-75bf5decfda6,
RC00790,FM092,Shigenori Kudo,工藤重典,MusicBrainz release-group API,446b99b2-7c1f-4b9d-8736-76d24f958b41,f6e5e635-ce0b-4053-a6f7-0c318f3a587f,Four Seasons,2002,Album,,https://musicbrainz.org/release-group/f6e5e635-ce0b-4053-a6f7-0c318f3a587f,
RC00791,FM093,Kazunori Seo,瀨尾和紀,MusicBrainz release-group API,331fd8c8-cb66-4c0e-939a-2710f2a198cd,113023f7-0da0-46e6-bd8c-d3d09c5aeb9b,Works for Flute • 2,2018-06,Album,,https://musicbrainz.org/release-group/113023f7-0da0-46e6-bd8c-d3d09c5aeb9b,
RC00792,FM093,Kazunori Seo,瀨尾和紀,MusicBrainz release-group API,331fd8c8-cb66-4c0e-939a-2710f2a198cd,15a89223-5a3e-4069-9bca-3b780a234e3f,"Flute Concertos, Volume 1",2001-06,Album,,https://musicbrainz.org/release-group/15a89223-5a3e-4069-9bca-3b780a234e3f,
RC00793,FM093,Kazunori Seo,瀨尾和紀,MusicBrainz release-group API,331fd8c8-cb66-4c0e-939a-2710f2a198cd,962a3298-f6fc-423f-9e2f-6ae204f69732,Duets for Two Flutes,2019-01,Album,,https://musicbrainz.org/release-group/962a3298-f6fc-423f-9e2f-6ae204f69732,
RC00794,FM093,Kazunori Seo,瀨尾和紀,MusicBrainz release-group API,331fd8c8-cb66-4c0e-939a-2710f2a198cd,afdfdd36-42b5-4f14-a07c-5a69f5d7e8fd,The Essential Kazunori Seo,2025-06-16,Album,Compilation,https://musicbrainz.org/release-group/afdfdd36-42b5-4f14-a07c-5a69f5d7e8fd,
RC00795,FM093,Kazunori Seo,瀨尾和紀,MusicBrainz release-group API,331fd8c8-cb66-4c0e-939a-2710f2a198cd,b1fe391e-cb77-438c-9b3a-d0d081dcd110,Works for Flute • 1,2018-03,Album,,https://musicbrainz.org/release-group/b1fe391e-cb77-438c-9b3a-d0d081dcd110,
RC00796,FM093,Kazunori Seo,瀨尾和紀,MusicBrainz release-group API,331fd8c8-cb66-4c0e-939a-2710f2a198cd,f3d1ea26-d9ef-4300-a483-08f87e2a40e8,Music For Flute And Piano,2015,Album,,https://musicbrainz.org/release-group/f3d1ea26-d9ef-4300-a483-08f87e2a40e8,
RC00797,FM093,Kazunori Seo,瀨尾和紀,MusicBrainz release-group API,331fd8c8-cb66-4c0e-939a-2710f2a198cd,fb1aca20-db89-4ddb-96e1-dd1f1e8e3d81,"Flute Concertos, Volume 2",2001-07,Album,,https://musicbrainz.org/release-group/fb1aca20-db89-4ddb-96e1-dd1f1e8e3d81,
RC00798,FM098,Davide Formisano,達維德・福爾米薩諾,MusicBrainz release-group API,08ca97f9-7b7d-4012-a20d-59306c5b6f93,0af434f8-8357-41ff-8db7-d19635d971f8,Kammermusik für Flöte,1999,Album,,https://musicbrainz.org/release-group/0af434f8-8357-41ff-8db7-d19635d971f8,
RC00799,FM098,Davide Formisano,達維德・福爾米薩諾,MusicBrainz release-group API,08ca97f9-7b7d-4012-a20d-59306c5b6f93,f3a45239-3466-41aa-82d2-2765c893f5e4,Portrait,2015,Album,,https://musicbrainz.org/release-group/f3a45239-3466-41aa-82d2-2765c893f5e4,
RC00800,FM100,Demarre McGill,德馬爾・麥吉爾,MusicBrainz release-group API,c9943d97-ffc1-4021-ad04-1e3a7260e189,64fcba61-de54-4337-8bd0-f5967eb428bf,Winged Creatures,2019-05-10,Album,,https://musicbrainz.org/release-group/64fcba61-de54-4337-8bd0-f5967eb428bf,
RC00801,FM100,Demarre McGill,德馬爾・麥吉爾,MusicBrainz release-group API,c9943d97-ffc1-4021-ad04-1e3a7260e189,f4f63d0b-33d0-4eaa-91a3-6b165752b98b,La Source d'un regard / Oboe Concerto / Flute Concerto / Cello Concerto,2019-07-26,Album,,https://musicbrainz.org/release-group/f4f63d0b-33d0-4eaa-91a3-6b165752b98b,
