scholarly_search_id,person_id,name_en,name_zh,search_type,url,purpose
SS0001,FM001,Johann Joachim Quantz,約翰・約阿希姆・匡茲,google_scholar,https://scholar.google.com/scholar?q=%22Johann%20Joachim%20Quantz%22%20flute,"Search Google Scholar for papers, citations and books."
SS0002,FM001,Johann Joachim Quantz,約翰・約阿希姆・匡茲,crossref,https://search.crossref.org/?q=%22Johann%20Joachim%20Quantz%22%20flute,Search Crossref for DOI-bearing publications.
SS0003,FM001,Johann Joachim Quantz,約翰・約阿希姆・匡茲,semantic_scholar,https://www.semanticscholar.org/search?q=%22Johann%20Joachim%20Quantz%22%20flute&sort=relevance,Search Semantic Scholar for papers and citations.
SS0004,FM001,Johann Joachim Quantz,約翰・約阿希姆・匡茲,worldcat_books,https://search.worldcat.org/search?q=%22Johann%20Joachim%20Quantz%22%20flute,"Search WorldCat for books, recordings, theses and library holdings."
SS0005,FM001,Johann Joachim Quantz,約翰・約阿希姆・匡茲,worldcat_dissertations,https://search.worldcat.org/search?q=%22Johann%20Joachim%20Quantz%22%20flute%20dissertation%20OR%20thesis,Search WorldCat for thesis/dissertation holdings.
SS0006,FM001,Johann Joachim Quantz,約翰・約阿希姆・匡茲,library_of_congress,https://catalog.loc.gov/vwebv/search?searchArg=%22Johann%20Joachim%20Quantz%22%20flute&searchCode=GKEY%5E*&searchType=0,Search Library of Congress catalogue.
SS0007,FM001,Johann Joachim Quantz,約翰・約阿希姆・匡茲,jstor,https://www.jstor.org/action/doBasicSearch?Query=%22Johann%20Joachim%20Quantz%22%20flute,Search JSTOR for journals and book chapters.
SS0008,FM001,Johann Joachim Quantz,約翰・約阿希姆・匡茲,project_muse,https://muse.jhu.edu/search?action=search&query=%22Johann%20Joachim%20Quantz%22%20flute,Search Project MUSE for humanities scholarship.
SS0009,FM001,Johann Joachim Quantz,約翰・約阿希姆・匡茲,proquest,https://www.proquest.com/search?query=%22Johann%20Joachim%20Quantz%22%20flute,Search ProQuest for dissertations and scholarly databases; access may require login.
SS0010,FM001,Johann Joachim Quantz,約翰・約阿希姆・匡茲,rilm,https://www.rilm.org/,Use RILM Abstracts with the query text; RILM usually requires institutional access.
SS0011,FM001,Johann Joachim Quantz,約翰・約阿希姆・匡茲,nfa_site,https://www.google.com/search?q=%22Johann%20Joachim%20Quantz%22%20flute%20site%3Anfaonline.org,Search National Flute Association pages and publications.
SS0012,FM002,Theobald Boehm,特奧巴德・伯姆,google_scholar,https://scholar.google.com/scholar?q=%22Theobald%20Boehm%22%20flute,"Search Google Scholar for papers, citations and books."
SS0013,FM002,Theobald Boehm,特奧巴德・伯姆,crossref,https://search.crossref.org/?q=%22Theobald%20Boehm%22%20flute,Search Crossref for DOI-bearing publications.
SS0014,FM002,Theobald Boehm,特奧巴德・伯姆,semantic_scholar,https://www.semanticscholar.org/search?q=%22Theobald%20Boehm%22%20flute&sort=relevance,Search Semantic Scholar for papers and citations.
SS0015,FM002,Theobald Boehm,特奧巴德・伯姆,worldcat_books,https://search.worldcat.org/search?q=%22Theobald%20Boehm%22%20flute,"Search WorldCat for books, recordings, theses and library holdings."
SS0016,FM002,Theobald Boehm,特奧巴德・伯姆,worldcat_dissertations,https://search.worldcat.org/search?q=%22Theobald%20Boehm%22%20flute%20dissertation%20OR%20thesis,Search WorldCat for thesis/dissertation holdings.
SS0017,FM002,Theobald Boehm,特奧巴德・伯姆,library_of_congress,https://catalog.loc.gov/vwebv/search?searchArg=%22Theobald%20Boehm%22%20flute&searchCode=GKEY%5E*&searchType=0,Search Library of Congress catalogue.
SS0018,FM002,Theobald Boehm,特奧巴德・伯姆,jstor,https://www.jstor.org/action/doBasicSearch?Query=%22Theobald%20Boehm%22%20flute,Search JSTOR for journals and book chapters.
SS0019,FM002,Theobald Boehm,特奧巴德・伯姆,project_muse,https://muse.jhu.edu/search?action=search&query=%22Theobald%20Boehm%22%20flute,Search Project MUSE for humanities scholarship.
SS0020,FM002,Theobald Boehm,特奧巴德・伯姆,proquest,https://www.proquest.com/search?query=%22Theobald%20Boehm%22%20flute,Search ProQuest for dissertations and scholarly databases; access may require login.
SS0021,FM002,Theobald Boehm,特奧巴德・伯姆,rilm,https://www.rilm.org/,Use RILM Abstracts with the query text; RILM usually requires institutional access.
SS0022,FM002,Theobald Boehm,特奧巴德・伯姆,nfa_site,https://www.google.com/search?q=%22Theobald%20Boehm%22%20flute%20site%3Anfaonline.org,Search National Flute Association pages and publications.
SS0023,FM003,Charles Nicholson,查爾斯・尼科爾森,google_scholar,https://scholar.google.com/scholar?q=%22Charles%20Nicholson%22%20flute,"Search Google Scholar for papers, citations and books."
SS0024,FM003,Charles Nicholson,查爾斯・尼科爾森,crossref,https://search.crossref.org/?q=%22Charles%20Nicholson%22%20flute,Search Crossref for DOI-bearing publications.
SS0025,FM003,Charles Nicholson,查爾斯・尼科爾森,semantic_scholar,https://www.semanticscholar.org/search?q=%22Charles%20Nicholson%22%20flute&sort=relevance,Search Semantic Scholar for papers and citations.
SS0026,FM003,Charles Nicholson,查爾斯・尼科爾森,worldcat_books,https://search.worldcat.org/search?q=%22Charles%20Nicholson%22%20flute,"Search WorldCat for books, recordings, theses and library holdings."
SS0027,FM003,Charles Nicholson,查爾斯・尼科爾森,worldcat_dissertations,https://search.worldcat.org/search?q=%22Charles%20Nicholson%22%20flute%20dissertation%20OR%20thesis,Search WorldCat for thesis/dissertation holdings.
SS0028,FM003,Charles Nicholson,查爾斯・尼科爾森,library_of_congress,https://catalog.loc.gov/vwebv/search?searchArg=%22Charles%20Nicholson%22%20flute&searchCode=GKEY%5E*&searchType=0,Search Library of Congress catalogue.
SS0029,FM003,Charles Nicholson,查爾斯・尼科爾森,jstor,https://www.jstor.org/action/doBasicSearch?Query=%22Charles%20Nicholson%22%20flute,Search JSTOR for journals and book chapters.
SS0030,FM003,Charles Nicholson,查爾斯・尼科爾森,project_muse,https://muse.jhu.edu/search?action=search&query=%22Charles%20Nicholson%22%20flute,Search Project MUSE for humanities scholarship.
SS0031,FM003,Charles Nicholson,查爾斯・尼科爾森,proquest,https://www.proquest.com/search?query=%22Charles%20Nicholson%22%20flute,Search ProQuest for dissertations and scholarly databases; access may require login.
SS0032,FM003,Charles Nicholson,查爾斯・尼科爾森,rilm,https://www.rilm.org/,Use RILM Abstracts with the query text; RILM usually requires institutional access.
SS0033,FM003,Charles Nicholson,查爾斯・尼科爾森,nfa_site,https://www.google.com/search?q=%22Charles%20Nicholson%22%20flute%20site%3Anfaonline.org,Search National Flute Association pages and publications.
SS0034,FM004,Jean-Louis Tulou,讓-路易・圖盧,google_scholar,https://scholar.google.com/scholar?q=%22Jean-Louis%20Tulou%22%20flute,"Search Google Scholar for papers, citations and books."
SS0035,FM004,Jean-Louis Tulou,讓-路易・圖盧,crossref,https://search.crossref.org/?q=%22Jean-Louis%20Tulou%22%20flute,Search Crossref for DOI-bearing publications.
SS0036,FM004,Jean-Louis Tulou,讓-路易・圖盧,semantic_scholar,https://www.semanticscholar.org/search?q=%22Jean-Louis%20Tulou%22%20flute&sort=relevance,Search Semantic Scholar for papers and citations.
SS0037,FM004,Jean-Louis Tulou,讓-路易・圖盧,worldcat_books,https://search.worldcat.org/search?q=%22Jean-Louis%20Tulou%22%20flute,"Search WorldCat for books, recordings, theses and library holdings."
SS0038,FM004,Jean-Louis Tulou,讓-路易・圖盧,worldcat_dissertations,https://search.worldcat.org/search?q=%22Jean-Louis%20Tulou%22%20flute%20dissertation%20OR%20thesis,Search WorldCat for thesis/dissertation holdings.
SS0039,FM004,Jean-Louis Tulou,讓-路易・圖盧,library_of_congress,https://catalog.loc.gov/vwebv/search?searchArg=%22Jean-Louis%20Tulou%22%20flute&searchCode=GKEY%5E*&searchType=0,Search Library of Congress catalogue.
SS0040,FM004,Jean-Louis Tulou,讓-路易・圖盧,jstor,https://www.jstor.org/action/doBasicSearch?Query=%22Jean-Louis%20Tulou%22%20flute,Search JSTOR for journals and book chapters.
SS0041,FM004,Jean-Louis Tulou,讓-路易・圖盧,project_muse,https://muse.jhu.edu/search?action=search&query=%22Jean-Louis%20Tulou%22%20flute,Search Project MUSE for humanities scholarship.
SS0042,FM004,Jean-Louis Tulou,讓-路易・圖盧,proquest,https://www.proquest.com/search?query=%22Jean-Louis%20Tulou%22%20flute,Search ProQuest for dissertations and scholarly databases; access may require login.
SS0043,FM004,Jean-Louis Tulou,讓-路易・圖盧,rilm,https://www.rilm.org/,Use RILM Abstracts with the query text; RILM usually requires institutional access.
SS0044,FM004,Jean-Louis Tulou,讓-路易・圖盧,nfa_site,https://www.google.com/search?q=%22Jean-Louis%20Tulou%22%20flute%20site%3Anfaonline.org,Search National Flute Association pages and publications.
SS0045,FM005,Louis Dorus,路易・多魯斯,google_scholar,https://scholar.google.com/scholar?q=%22Louis%20Dorus%22%20flute,"Search Google Scholar for papers, citations and books."
SS0046,FM005,Louis Dorus,路易・多魯斯,crossref,https://search.crossref.org/?q=%22Louis%20Dorus%22%20flute,Search Crossref for DOI-bearing publications.
SS0047,FM005,Louis Dorus,路易・多魯斯,semantic_scholar,https://www.semanticscholar.org/search?q=%22Louis%20Dorus%22%20flute&sort=relevance,Search Semantic Scholar for papers and citations.
SS0048,FM005,Louis Dorus,路易・多魯斯,worldcat_books,https://search.worldcat.org/search?q=%22Louis%20Dorus%22%20flute,"Search WorldCat for books, recordings, theses and library holdings."
SS0049,FM005,Louis Dorus,路易・多魯斯,worldcat_dissertations,https://search.worldcat.org/search?q=%22Louis%20Dorus%22%20flute%20dissertation%20OR%20thesis,Search WorldCat for thesis/dissertation holdings.
SS0050,FM005,Louis Dorus,路易・多魯斯,library_of_congress,https://catalog.loc.gov/vwebv/search?searchArg=%22Louis%20Dorus%22%20flute&searchCode=GKEY%5E*&searchType=0,Search Library of Congress catalogue.
SS0051,FM005,Louis Dorus,路易・多魯斯,jstor,https://www.jstor.org/action/doBasicSearch?Query=%22Louis%20Dorus%22%20flute,Search JSTOR for journals and book chapters.
SS0052,FM005,Louis Dorus,路易・多魯斯,project_muse,https://muse.jhu.edu/search?action=search&query=%22Louis%20Dorus%22%20flute,Search Project MUSE for humanities scholarship.
SS0053,FM005,Louis Dorus,路易・多魯斯,proquest,https://www.proquest.com/search?query=%22Louis%20Dorus%22%20flute,Search ProQuest for dissertations and scholarly databases; access may require login.
SS0054,FM005,Louis Dorus,路易・多魯斯,rilm,https://www.rilm.org/,Use RILM Abstracts with the query text; RILM usually requires institutional access.
SS0055,FM005,Louis Dorus,路易・多魯斯,nfa_site,https://www.google.com/search?q=%22Louis%20Dorus%22%20flute%20site%3Anfaonline.org,Search National Flute Association pages and publications.
SS0056,FM006,Joseph-Henri Altès,約瑟夫-亨利・阿爾泰斯,google_scholar,https://scholar.google.com/scholar?q=%22Joseph-Henri%20Alt%C3%A8s%22%20flute,"Search Google Scholar for papers, citations and books."
SS0057,FM006,Joseph-Henri Altès,約瑟夫-亨利・阿爾泰斯,crossref,https://search.crossref.org/?q=%22Joseph-Henri%20Alt%C3%A8s%22%20flute,Search Crossref for DOI-bearing publications.
SS0058,FM006,Joseph-Henri Altès,約瑟夫-亨利・阿爾泰斯,semantic_scholar,https://www.semanticscholar.org/search?q=%22Joseph-Henri%20Alt%C3%A8s%22%20flute&sort=relevance,Search Semantic Scholar for papers and citations.
SS0059,FM006,Joseph-Henri Altès,約瑟夫-亨利・阿爾泰斯,worldcat_books,https://search.worldcat.org/search?q=%22Joseph-Henri%20Alt%C3%A8s%22%20flute,"Search WorldCat for books, recordings, theses and library holdings."
SS0060,FM006,Joseph-Henri Altès,約瑟夫-亨利・阿爾泰斯,worldcat_dissertations,https://search.worldcat.org/search?q=%22Joseph-Henri%20Alt%C3%A8s%22%20flute%20dissertation%20OR%20thesis,Search WorldCat for thesis/dissertation holdings.
SS0061,FM006,Joseph-Henri Altès,約瑟夫-亨利・阿爾泰斯,library_of_congress,https://catalog.loc.gov/vwebv/search?searchArg=%22Joseph-Henri%20Alt%C3%A8s%22%20flute&searchCode=GKEY%5E*&searchType=0,Search Library of Congress catalogue.
SS0062,FM006,Joseph-Henri Altès,約瑟夫-亨利・阿爾泰斯,jstor,https://www.jstor.org/action/doBasicSearch?Query=%22Joseph-Henri%20Alt%C3%A8s%22%20flute,Search JSTOR for journals and book chapters.
SS0063,FM006,Joseph-Henri Altès,約瑟夫-亨利・阿爾泰斯,project_muse,https://muse.jhu.edu/search?action=search&query=%22Joseph-Henri%20Alt%C3%A8s%22%20flute,Search Project MUSE for humanities scholarship.
SS0064,FM006,Joseph-Henri Altès,約瑟夫-亨利・阿爾泰斯,proquest,https://www.proquest.com/search?query=%22Joseph-Henri%20Alt%C3%A8s%22%20flute,Search ProQuest for dissertations and scholarly databases; access may require login.
SS0065,FM006,Joseph-Henri Altès,約瑟夫-亨利・阿爾泰斯,rilm,https://www.rilm.org/,Use RILM Abstracts with the query text; RILM usually requires institutional access.
SS0066,FM006,Joseph-Henri Altès,約瑟夫-亨利・阿爾泰斯,nfa_site,https://www.google.com/search?q=%22Joseph-Henri%20Alt%C3%A8s%22%20flute%20site%3Anfaonline.org,Search National Flute Association pages and publications.
SS0067,FM007,Paul Taffanel,保羅・塔法奈爾,google_scholar,https://scholar.google.com/scholar?q=%22Paul%20Taffanel%22%20flute,"Search Google Scholar for papers, citations and books."
SS0068,FM007,Paul Taffanel,保羅・塔法奈爾,crossref,https://search.crossref.org/?q=%22Paul%20Taffanel%22%20flute,Search Crossref for DOI-bearing publications.
SS0069,FM007,Paul Taffanel,保羅・塔法奈爾,semantic_scholar,https://www.semanticscholar.org/search?q=%22Paul%20Taffanel%22%20flute&sort=relevance,Search Semantic Scholar for papers and citations.
SS0070,FM007,Paul Taffanel,保羅・塔法奈爾,worldcat_books,https://search.worldcat.org/search?q=%22Paul%20Taffanel%22%20flute,"Search WorldCat for books, recordings, theses and library holdings."
SS0071,FM007,Paul Taffanel,保羅・塔法奈爾,worldcat_dissertations,https://search.worldcat.org/search?q=%22Paul%20Taffanel%22%20flute%20dissertation%20OR%20thesis,Search WorldCat for thesis/dissertation holdings.
SS0072,FM007,Paul Taffanel,保羅・塔法奈爾,library_of_congress,https://catalog.loc.gov/vwebv/search?searchArg=%22Paul%20Taffanel%22%20flute&searchCode=GKEY%5E*&searchType=0,Search Library of Congress catalogue.
SS0073,FM007,Paul Taffanel,保羅・塔法奈爾,jstor,https://www.jstor.org/action/doBasicSearch?Query=%22Paul%20Taffanel%22%20flute,Search JSTOR for journals and book chapters.
SS0074,FM007,Paul Taffanel,保羅・塔法奈爾,project_muse,https://muse.jhu.edu/search?action=search&query=%22Paul%20Taffanel%22%20flute,Search Project MUSE for humanities scholarship.
SS0075,FM007,Paul Taffanel,保羅・塔法奈爾,proquest,https://www.proquest.com/search?query=%22Paul%20Taffanel%22%20flute,Search ProQuest for dissertations and scholarly databases; access may require login.
SS0076,FM007,Paul Taffanel,保羅・塔法奈爾,rilm,https://www.rilm.org/,Use RILM Abstracts with the query text; RILM usually requires institutional access.
SS0077,FM007,Paul Taffanel,保羅・塔法奈爾,nfa_site,https://www.google.com/search?q=%22Paul%20Taffanel%22%20flute%20site%3Anfaonline.org,Search National Flute Association pages and publications.
SS0078,FM008,Philippe Gaubert,菲利普・高貝爾,google_scholar,https://scholar.google.com/scholar?q=%22Philippe%20Gaubert%22%20flute,"Search Google Scholar for papers, citations and books."
SS0079,FM008,Philippe Gaubert,菲利普・高貝爾,crossref,https://search.crossref.org/?q=%22Philippe%20Gaubert%22%20flute,Search Crossref for DOI-bearing publications.
SS0080,FM008,Philippe Gaubert,菲利普・高貝爾,semantic_scholar,https://www.semanticscholar.org/search?q=%22Philippe%20Gaubert%22%20flute&sort=relevance,Search Semantic Scholar for papers and citations.
SS0081,FM008,Philippe Gaubert,菲利普・高貝爾,worldcat_books,https://search.worldcat.org/search?q=%22Philippe%20Gaubert%22%20flute,"Search WorldCat for books, recordings, theses and library holdings."
SS0082,FM008,Philippe Gaubert,菲利普・高貝爾,worldcat_dissertations,https://search.worldcat.org/search?q=%22Philippe%20Gaubert%22%20flute%20dissertation%20OR%20thesis,Search WorldCat for thesis/dissertation holdings.
SS0083,FM008,Philippe Gaubert,菲利普・高貝爾,library_of_congress,https://catalog.loc.gov/vwebv/search?searchArg=%22Philippe%20Gaubert%22%20flute&searchCode=GKEY%5E*&searchType=0,Search Library of Congress catalogue.
SS0084,FM008,Philippe Gaubert,菲利普・高貝爾,jstor,https://www.jstor.org/action/doBasicSearch?Query=%22Philippe%20Gaubert%22%20flute,Search JSTOR for journals and book chapters.
SS0085,FM008,Philippe Gaubert,菲利普・高貝爾,project_muse,https://muse.jhu.edu/search?action=search&query=%22Philippe%20Gaubert%22%20flute,Search Project MUSE for humanities scholarship.
SS0086,FM008,Philippe Gaubert,菲利普・高貝爾,proquest,https://www.proquest.com/search?query=%22Philippe%20Gaubert%22%20flute,Search ProQuest for dissertations and scholarly databases; access may require login.
SS0087,FM008,Philippe Gaubert,菲利普・高貝爾,rilm,https://www.rilm.org/,Use RILM Abstracts with the query text; RILM usually requires institutional access.
SS0088,FM008,Philippe Gaubert,菲利普・高貝爾,nfa_site,https://www.google.com/search?q=%22Philippe%20Gaubert%22%20flute%20site%3Anfaonline.org,Search National Flute Association pages and publications.
SS0089,FM009,Adolphe Hennebains,阿道夫・亨內班,google_scholar,https://scholar.google.com/scholar?q=%22Adolphe%20Hennebains%22%20flute,"Search Google Scholar for papers, citations and books."
SS0090,FM009,Adolphe Hennebains,阿道夫・亨內班,crossref,https://search.crossref.org/?q=%22Adolphe%20Hennebains%22%20flute,Search Crossref for DOI-bearing publications.
SS0091,FM009,Adolphe Hennebains,阿道夫・亨內班,semantic_scholar,https://www.semanticscholar.org/search?q=%22Adolphe%20Hennebains%22%20flute&sort=relevance,Search Semantic Scholar for papers and citations.
SS0092,FM009,Adolphe Hennebains,阿道夫・亨內班,worldcat_books,https://search.worldcat.org/search?q=%22Adolphe%20Hennebains%22%20flute,"Search WorldCat for books, recordings, theses and library holdings."
SS0093,FM009,Adolphe Hennebains,阿道夫・亨內班,worldcat_dissertations,https://search.worldcat.org/search?q=%22Adolphe%20Hennebains%22%20flute%20dissertation%20OR%20thesis,Search WorldCat for thesis/dissertation holdings.
SS0094,FM009,Adolphe Hennebains,阿道夫・亨內班,library_of_congress,https://catalog.loc.gov/vwebv/search?searchArg=%22Adolphe%20Hennebains%22%20flute&searchCode=GKEY%5E*&searchType=0,Search Library of Congress catalogue.
SS0095,FM009,Adolphe Hennebains,阿道夫・亨內班,jstor,https://www.jstor.org/action/doBasicSearch?Query=%22Adolphe%20Hennebains%22%20flute,Search JSTOR for journals and book chapters.
SS0096,FM009,Adolphe Hennebains,阿道夫・亨內班,project_muse,https://muse.jhu.edu/search?action=search&query=%22Adolphe%20Hennebains%22%20flute,Search Project MUSE for humanities scholarship.
SS0097,FM009,Adolphe Hennebains,阿道夫・亨內班,proquest,https://www.proquest.com/search?query=%22Adolphe%20Hennebains%22%20flute,Search ProQuest for dissertations and scholarly databases; access may require login.
SS0098,FM009,Adolphe Hennebains,阿道夫・亨內班,rilm,https://www.rilm.org/,Use RILM Abstracts with the query text; RILM usually requires institutional access.
SS0099,FM009,Adolphe Hennebains,阿道夫・亨內班,nfa_site,https://www.google.com/search?q=%22Adolphe%20Hennebains%22%20flute%20site%3Anfaonline.org,Search National Flute Association pages and publications.
SS0100,FM010,Georges Barrère,喬治・巴雷爾,google_scholar,https://scholar.google.com/scholar?q=%22Georges%20Barr%C3%A8re%22%20flute,"Search Google Scholar for papers, citations and books."
SS0101,FM010,Georges Barrère,喬治・巴雷爾,crossref,https://search.crossref.org/?q=%22Georges%20Barr%C3%A8re%22%20flute,Search Crossref for DOI-bearing publications.
SS0102,FM010,Georges Barrère,喬治・巴雷爾,semantic_scholar,https://www.semanticscholar.org/search?q=%22Georges%20Barr%C3%A8re%22%20flute&sort=relevance,Search Semantic Scholar for papers and citations.
SS0103,FM010,Georges Barrère,喬治・巴雷爾,worldcat_books,https://search.worldcat.org/search?q=%22Georges%20Barr%C3%A8re%22%20flute,"Search WorldCat for books, recordings, theses and library holdings."
SS0104,FM010,Georges Barrère,喬治・巴雷爾,worldcat_dissertations,https://search.worldcat.org/search?q=%22Georges%20Barr%C3%A8re%22%20flute%20dissertation%20OR%20thesis,Search WorldCat for thesis/dissertation holdings.
SS0105,FM010,Georges Barrère,喬治・巴雷爾,library_of_congress,https://catalog.loc.gov/vwebv/search?searchArg=%22Georges%20Barr%C3%A8re%22%20flute&searchCode=GKEY%5E*&searchType=0,Search Library of Congress catalogue.
SS0106,FM010,Georges Barrère,喬治・巴雷爾,jstor,https://www.jstor.org/action/doBasicSearch?Query=%22Georges%20Barr%C3%A8re%22%20flute,Search JSTOR for journals and book chapters.
SS0107,FM010,Georges Barrère,喬治・巴雷爾,project_muse,https://muse.jhu.edu/search?action=search&query=%22Georges%20Barr%C3%A8re%22%20flute,Search Project MUSE for humanities scholarship.
SS0108,FM010,Georges Barrère,喬治・巴雷爾,proquest,https://www.proquest.com/search?query=%22Georges%20Barr%C3%A8re%22%20flute,Search ProQuest for dissertations and scholarly databases; access may require login.
SS0109,FM010,Georges Barrère,喬治・巴雷爾,rilm,https://www.rilm.org/,Use RILM Abstracts with the query text; RILM usually requires institutional access.
SS0110,FM010,Georges Barrère,喬治・巴雷爾,nfa_site,https://www.google.com/search?q=%22Georges%20Barr%C3%A8re%22%20flute%20site%3Anfaonline.org,Search National Flute Association pages and publications.
SS0111,FM011,Louis Fleury,路易・弗勒里,google_scholar,https://scholar.google.com/scholar?q=%22Louis%20Fleury%22%20flute,"Search Google Scholar for papers, citations and books."
SS0112,FM011,Louis Fleury,路易・弗勒里,crossref,https://search.crossref.org/?q=%22Louis%20Fleury%22%20flute,Search Crossref for DOI-bearing publications.
SS0113,FM011,Louis Fleury,路易・弗勒里,semantic_scholar,https://www.semanticscholar.org/search?q=%22Louis%20Fleury%22%20flute&sort=relevance,Search Semantic Scholar for papers and citations.
SS0114,FM011,Louis Fleury,路易・弗勒里,worldcat_books,https://search.worldcat.org/search?q=%22Louis%20Fleury%22%20flute,"Search WorldCat for books, recordings, theses and library holdings."
SS0115,FM011,Louis Fleury,路易・弗勒里,worldcat_dissertations,https://search.worldcat.org/search?q=%22Louis%20Fleury%22%20flute%20dissertation%20OR%20thesis,Search WorldCat for thesis/dissertation holdings.
SS0116,FM011,Louis Fleury,路易・弗勒里,library_of_congress,https://catalog.loc.gov/vwebv/search?searchArg=%22Louis%20Fleury%22%20flute&searchCode=GKEY%5E*&searchType=0,Search Library of Congress catalogue.
SS0117,FM011,Louis Fleury,路易・弗勒里,jstor,https://www.jstor.org/action/doBasicSearch?Query=%22Louis%20Fleury%22%20flute,Search JSTOR for journals and book chapters.
SS0118,FM011,Louis Fleury,路易・弗勒里,project_muse,https://muse.jhu.edu/search?action=search&query=%22Louis%20Fleury%22%20flute,Search Project MUSE for humanities scholarship.
SS0119,FM011,Louis Fleury,路易・弗勒里,proquest,https://www.proquest.com/search?query=%22Louis%20Fleury%22%20flute,Search ProQuest for dissertations and scholarly databases; access may require login.
SS0120,FM011,Louis Fleury,路易・弗勒里,rilm,https://www.rilm.org/,Use RILM Abstracts with the query text; RILM usually requires institutional access.
SS0121,FM011,Louis Fleury,路易・弗勒里,nfa_site,https://www.google.com/search?q=%22Louis%20Fleury%22%20flute%20site%3Anfaonline.org,Search National Flute Association pages and publications.
SS0122,FM012,Marcel Moyse,馬塞爾・莫伊茲,google_scholar,https://scholar.google.com/scholar?q=%22Marcel%20Moyse%22%20flute,"Search Google Scholar for papers, citations and books."
SS0123,FM012,Marcel Moyse,馬塞爾・莫伊茲,crossref,https://search.crossref.org/?q=%22Marcel%20Moyse%22%20flute,Search Crossref for DOI-bearing publications.
SS0124,FM012,Marcel Moyse,馬塞爾・莫伊茲,semantic_scholar,https://www.semanticscholar.org/search?q=%22Marcel%20Moyse%22%20flute&sort=relevance,Search Semantic Scholar for papers and citations.
SS0125,FM012,Marcel Moyse,馬塞爾・莫伊茲,worldcat_books,https://search.worldcat.org/search?q=%22Marcel%20Moyse%22%20flute,"Search WorldCat for books, recordings, theses and library holdings."
SS0126,FM012,Marcel Moyse,馬塞爾・莫伊茲,worldcat_dissertations,https://search.worldcat.org/search?q=%22Marcel%20Moyse%22%20flute%20dissertation%20OR%20thesis,Search WorldCat for thesis/dissertation holdings.
SS0127,FM012,Marcel Moyse,馬塞爾・莫伊茲,library_of_congress,https://catalog.loc.gov/vwebv/search?searchArg=%22Marcel%20Moyse%22%20flute&searchCode=GKEY%5E*&searchType=0,Search Library of Congress catalogue.
SS0128,FM012,Marcel Moyse,馬塞爾・莫伊茲,jstor,https://www.jstor.org/action/doBasicSearch?Query=%22Marcel%20Moyse%22%20flute,Search JSTOR for journals and book chapters.
SS0129,FM012,Marcel Moyse,馬塞爾・莫伊茲,project_muse,https://muse.jhu.edu/search?action=search&query=%22Marcel%20Moyse%22%20flute,Search Project MUSE for humanities scholarship.
SS0130,FM012,Marcel Moyse,馬塞爾・莫伊茲,proquest,https://www.proquest.com/search?query=%22Marcel%20Moyse%22%20flute,Search ProQuest for dissertations and scholarly databases; access may require login.
SS0131,FM012,Marcel Moyse,馬塞爾・莫伊茲,rilm,https://www.rilm.org/,Use RILM Abstracts with the query text; RILM usually requires institutional access.
SS0132,FM012,Marcel Moyse,馬塞爾・莫伊茲,nfa_site,https://www.google.com/search?q=%22Marcel%20Moyse%22%20flute%20site%3Anfaonline.org,Search National Flute Association pages and publications.
SS0133,FM013,René Le Roy,勒內・勒魯瓦,google_scholar,https://scholar.google.com/scholar?q=%22Ren%C3%A9%20Le%20Roy%22%20flute,"Search Google Scholar for papers, citations and books."
SS0134,FM013,René Le Roy,勒內・勒魯瓦,crossref,https://search.crossref.org/?q=%22Ren%C3%A9%20Le%20Roy%22%20flute,Search Crossref for DOI-bearing publications.
SS0135,FM013,René Le Roy,勒內・勒魯瓦,semantic_scholar,https://www.semanticscholar.org/search?q=%22Ren%C3%A9%20Le%20Roy%22%20flute&sort=relevance,Search Semantic Scholar for papers and citations.
SS0136,FM013,René Le Roy,勒內・勒魯瓦,worldcat_books,https://search.worldcat.org/search?q=%22Ren%C3%A9%20Le%20Roy%22%20flute,"Search WorldCat for books, recordings, theses and library holdings."
SS0137,FM013,René Le Roy,勒內・勒魯瓦,worldcat_dissertations,https://search.worldcat.org/search?q=%22Ren%C3%A9%20Le%20Roy%22%20flute%20dissertation%20OR%20thesis,Search WorldCat for thesis/dissertation holdings.
SS0138,FM013,René Le Roy,勒內・勒魯瓦,library_of_congress,https://catalog.loc.gov/vwebv/search?searchArg=%22Ren%C3%A9%20Le%20Roy%22%20flute&searchCode=GKEY%5E*&searchType=0,Search Library of Congress catalogue.
SS0139,FM013,René Le Roy,勒內・勒魯瓦,jstor,https://www.jstor.org/action/doBasicSearch?Query=%22Ren%C3%A9%20Le%20Roy%22%20flute,Search JSTOR for journals and book chapters.
SS0140,FM013,René Le Roy,勒內・勒魯瓦,project_muse,https://muse.jhu.edu/search?action=search&query=%22Ren%C3%A9%20Le%20Roy%22%20flute,Search Project MUSE for humanities scholarship.
SS0141,FM013,René Le Roy,勒內・勒魯瓦,proquest,https://www.proquest.com/search?query=%22Ren%C3%A9%20Le%20Roy%22%20flute,Search ProQuest for dissertations and scholarly databases; access may require login.
SS0142,FM013,René Le Roy,勒內・勒魯瓦,rilm,https://www.rilm.org/,Use RILM Abstracts with the query text; RILM usually requires institutional access.
SS0143,FM013,René Le Roy,勒內・勒魯瓦,nfa_site,https://www.google.com/search?q=%22Ren%C3%A9%20Le%20Roy%22%20flute%20site%3Anfaonline.org,Search National Flute Association pages and publications.
SS0144,FM014,Gaston Crunelle,加斯東・克呂內爾,google_scholar,https://scholar.google.com/scholar?q=%22Gaston%20Crunelle%22%20flute,"Search Google Scholar for papers, citations and books."
SS0145,FM014,Gaston Crunelle,加斯東・克呂內爾,crossref,https://search.crossref.org/?q=%22Gaston%20Crunelle%22%20flute,Search Crossref for DOI-bearing publications.
SS0146,FM014,Gaston Crunelle,加斯東・克呂內爾,semantic_scholar,https://www.semanticscholar.org/search?q=%22Gaston%20Crunelle%22%20flute&sort=relevance,Search Semantic Scholar for papers and citations.
SS0147,FM014,Gaston Crunelle,加斯東・克呂內爾,worldcat_books,https://search.worldcat.org/search?q=%22Gaston%20Crunelle%22%20flute,"Search WorldCat for books, recordings, theses and library holdings."
SS0148,FM014,Gaston Crunelle,加斯東・克呂內爾,worldcat_dissertations,https://search.worldcat.org/search?q=%22Gaston%20Crunelle%22%20flute%20dissertation%20OR%20thesis,Search WorldCat for thesis/dissertation holdings.
SS0149,FM014,Gaston Crunelle,加斯東・克呂內爾,library_of_congress,https://catalog.loc.gov/vwebv/search?searchArg=%22Gaston%20Crunelle%22%20flute&searchCode=GKEY%5E*&searchType=0,Search Library of Congress catalogue.
SS0150,FM014,Gaston Crunelle,加斯東・克呂內爾,jstor,https://www.jstor.org/action/doBasicSearch?Query=%22Gaston%20Crunelle%22%20flute,Search JSTOR for journals and book chapters.
SS0151,FM014,Gaston Crunelle,加斯東・克呂內爾,project_muse,https://muse.jhu.edu/search?action=search&query=%22Gaston%20Crunelle%22%20flute,Search Project MUSE for humanities scholarship.
SS0152,FM014,Gaston Crunelle,加斯東・克呂內爾,proquest,https://www.proquest.com/search?query=%22Gaston%20Crunelle%22%20flute,Search ProQuest for dissertations and scholarly databases; access may require login.
SS0153,FM014,Gaston Crunelle,加斯東・克呂內爾,rilm,https://www.rilm.org/,Use RILM Abstracts with the query text; RILM usually requires institutional access.
SS0154,FM014,Gaston Crunelle,加斯東・克呂內爾,nfa_site,https://www.google.com/search?q=%22Gaston%20Crunelle%22%20flute%20site%3Anfaonline.org,Search National Flute Association pages and publications.
SS0155,FM015,Leonardo De Lorenzo,萊昂納多・德洛倫佐,google_scholar,https://scholar.google.com/scholar?q=%22Leonardo%20De%20Lorenzo%22%20flute,"Search Google Scholar for papers, citations and books."
SS0156,FM015,Leonardo De Lorenzo,萊昂納多・德洛倫佐,crossref,https://search.crossref.org/?q=%22Leonardo%20De%20Lorenzo%22%20flute,Search Crossref for DOI-bearing publications.
SS0157,FM015,Leonardo De Lorenzo,萊昂納多・德洛倫佐,semantic_scholar,https://www.semanticscholar.org/search?q=%22Leonardo%20De%20Lorenzo%22%20flute&sort=relevance,Search Semantic Scholar for papers and citations.
SS0158,FM015,Leonardo De Lorenzo,萊昂納多・德洛倫佐,worldcat_books,https://search.worldcat.org/search?q=%22Leonardo%20De%20Lorenzo%22%20flute,"Search WorldCat for books, recordings, theses and library holdings."
SS0159,FM015,Leonardo De Lorenzo,萊昂納多・德洛倫佐,worldcat_dissertations,https://search.worldcat.org/search?q=%22Leonardo%20De%20Lorenzo%22%20flute%20dissertation%20OR%20thesis,Search WorldCat for thesis/dissertation holdings.
SS0160,FM015,Leonardo De Lorenzo,萊昂納多・德洛倫佐,library_of_congress,https://catalog.loc.gov/vwebv/search?searchArg=%22Leonardo%20De%20Lorenzo%22%20flute&searchCode=GKEY%5E*&searchType=0,Search Library of Congress catalogue.
SS0161,FM015,Leonardo De Lorenzo,萊昂納多・德洛倫佐,jstor,https://www.jstor.org/action/doBasicSearch?Query=%22Leonardo%20De%20Lorenzo%22%20flute,Search JSTOR for journals and book chapters.
SS0162,FM015,Leonardo De Lorenzo,萊昂納多・德洛倫佐,project_muse,https://muse.jhu.edu/search?action=search&query=%22Leonardo%20De%20Lorenzo%22%20flute,Search Project MUSE for humanities scholarship.
SS0163,FM015,Leonardo De Lorenzo,萊昂納多・德洛倫佐,proquest,https://www.proquest.com/search?query=%22Leonardo%20De%20Lorenzo%22%20flute,Search ProQuest for dissertations and scholarly databases; access may require login.
SS0164,FM015,Leonardo De Lorenzo,萊昂納多・德洛倫佐,rilm,https://www.rilm.org/,Use RILM Abstracts with the query text; RILM usually requires institutional access.
SS0165,FM015,Leonardo De Lorenzo,萊昂納多・德洛倫佐,nfa_site,https://www.google.com/search?q=%22Leonardo%20De%20Lorenzo%22%20flute%20site%3Anfaonline.org,Search National Flute Association pages and publications.
SS0166,FM016,Georges Laurent,喬治・洛朗,google_scholar,https://scholar.google.com/scholar?q=%22Georges%20Laurent%22%20flute,"Search Google Scholar for papers, citations and books."
SS0167,FM016,Georges Laurent,喬治・洛朗,crossref,https://search.crossref.org/?q=%22Georges%20Laurent%22%20flute,Search Crossref for DOI-bearing publications.
SS0168,FM016,Georges Laurent,喬治・洛朗,semantic_scholar,https://www.semanticscholar.org/search?q=%22Georges%20Laurent%22%20flute&sort=relevance,Search Semantic Scholar for papers and citations.
SS0169,FM016,Georges Laurent,喬治・洛朗,worldcat_books,https://search.worldcat.org/search?q=%22Georges%20Laurent%22%20flute,"Search WorldCat for books, recordings, theses and library holdings."
SS0170,FM016,Georges Laurent,喬治・洛朗,worldcat_dissertations,https://search.worldcat.org/search?q=%22Georges%20Laurent%22%20flute%20dissertation%20OR%20thesis,Search WorldCat for thesis/dissertation holdings.
SS0171,FM016,Georges Laurent,喬治・洛朗,library_of_congress,https://catalog.loc.gov/vwebv/search?searchArg=%22Georges%20Laurent%22%20flute&searchCode=GKEY%5E*&searchType=0,Search Library of Congress catalogue.
SS0172,FM016,Georges Laurent,喬治・洛朗,jstor,https://www.jstor.org/action/doBasicSearch?Query=%22Georges%20Laurent%22%20flute,Search JSTOR for journals and book chapters.
SS0173,FM016,Georges Laurent,喬治・洛朗,project_muse,https://muse.jhu.edu/search?action=search&query=%22Georges%20Laurent%22%20flute,Search Project MUSE for humanities scholarship.
SS0174,FM016,Georges Laurent,喬治・洛朗,proquest,https://www.proquest.com/search?query=%22Georges%20Laurent%22%20flute,Search ProQuest for dissertations and scholarly databases; access may require login.
SS0175,FM016,Georges Laurent,喬治・洛朗,rilm,https://www.rilm.org/,Use RILM Abstracts with the query text; RILM usually requires institutional access.
SS0176,FM016,Georges Laurent,喬治・洛朗,nfa_site,https://www.google.com/search?q=%22Georges%20Laurent%22%20flute%20site%3Anfaonline.org,Search National Flute Association pages and publications.
SS0177,FM017,William Kincaid,威廉・金凱德,google_scholar,https://scholar.google.com/scholar?q=%22William%20Kincaid%22%20flute,"Search Google Scholar for papers, citations and books."
SS0178,FM017,William Kincaid,威廉・金凱德,crossref,https://search.crossref.org/?q=%22William%20Kincaid%22%20flute,Search Crossref for DOI-bearing publications.
SS0179,FM017,William Kincaid,威廉・金凱德,semantic_scholar,https://www.semanticscholar.org/search?q=%22William%20Kincaid%22%20flute&sort=relevance,Search Semantic Scholar for papers and citations.
SS0180,FM017,William Kincaid,威廉・金凱德,worldcat_books,https://search.worldcat.org/search?q=%22William%20Kincaid%22%20flute,"Search WorldCat for books, recordings, theses and library holdings."
SS0181,FM017,William Kincaid,威廉・金凱德,worldcat_dissertations,https://search.worldcat.org/search?q=%22William%20Kincaid%22%20flute%20dissertation%20OR%20thesis,Search WorldCat for thesis/dissertation holdings.
SS0182,FM017,William Kincaid,威廉・金凱德,library_of_congress,https://catalog.loc.gov/vwebv/search?searchArg=%22William%20Kincaid%22%20flute&searchCode=GKEY%5E*&searchType=0,Search Library of Congress catalogue.
SS0183,FM017,William Kincaid,威廉・金凱德,jstor,https://www.jstor.org/action/doBasicSearch?Query=%22William%20Kincaid%22%20flute,Search JSTOR for journals and book chapters.
SS0184,FM017,William Kincaid,威廉・金凱德,project_muse,https://muse.jhu.edu/search?action=search&query=%22William%20Kincaid%22%20flute,Search Project MUSE for humanities scholarship.
SS0185,FM017,William Kincaid,威廉・金凱德,proquest,https://www.proquest.com/search?query=%22William%20Kincaid%22%20flute,Search ProQuest for dissertations and scholarly databases; access may require login.
SS0186,FM017,William Kincaid,威廉・金凱德,rilm,https://www.rilm.org/,Use RILM Abstracts with the query text; RILM usually requires institutional access.
SS0187,FM017,William Kincaid,威廉・金凱德,nfa_site,https://www.google.com/search?q=%22William%20Kincaid%22%20flute%20site%3Anfaonline.org,Search National Flute Association pages and publications.
SS0188,FM018,Joseph Mariano,約瑟夫・馬里亞諾,google_scholar,https://scholar.google.com/scholar?q=%22Joseph%20Mariano%22%20flute,"Search Google Scholar for papers, citations and books."
SS0189,FM018,Joseph Mariano,約瑟夫・馬里亞諾,crossref,https://search.crossref.org/?q=%22Joseph%20Mariano%22%20flute,Search Crossref for DOI-bearing publications.
SS0190,FM018,Joseph Mariano,約瑟夫・馬里亞諾,semantic_scholar,https://www.semanticscholar.org/search?q=%22Joseph%20Mariano%22%20flute&sort=relevance,Search Semantic Scholar for papers and citations.
SS0191,FM018,Joseph Mariano,約瑟夫・馬里亞諾,worldcat_books,https://search.worldcat.org/search?q=%22Joseph%20Mariano%22%20flute,"Search WorldCat for books, recordings, theses and library holdings."
SS0192,FM018,Joseph Mariano,約瑟夫・馬里亞諾,worldcat_dissertations,https://search.worldcat.org/search?q=%22Joseph%20Mariano%22%20flute%20dissertation%20OR%20thesis,Search WorldCat for thesis/dissertation holdings.
SS0193,FM018,Joseph Mariano,約瑟夫・馬里亞諾,library_of_congress,https://catalog.loc.gov/vwebv/search?searchArg=%22Joseph%20Mariano%22%20flute&searchCode=GKEY%5E*&searchType=0,Search Library of Congress catalogue.
SS0194,FM018,Joseph Mariano,約瑟夫・馬里亞諾,jstor,https://www.jstor.org/action/doBasicSearch?Query=%22Joseph%20Mariano%22%20flute,Search JSTOR for journals and book chapters.
SS0195,FM018,Joseph Mariano,約瑟夫・馬里亞諾,project_muse,https://muse.jhu.edu/search?action=search&query=%22Joseph%20Mariano%22%20flute,Search Project MUSE for humanities scholarship.
SS0196,FM018,Joseph Mariano,約瑟夫・馬里亞諾,proquest,https://www.proquest.com/search?query=%22Joseph%20Mariano%22%20flute,Search ProQuest for dissertations and scholarly databases; access may require login.
SS0197,FM018,Joseph Mariano,約瑟夫・馬里亞諾,rilm,https://www.rilm.org/,Use RILM Abstracts with the query text; RILM usually requires institutional access.
SS0198,FM018,Joseph Mariano,約瑟夫・馬里亞諾,nfa_site,https://www.google.com/search?q=%22Joseph%20Mariano%22%20flute%20site%3Anfaonline.org,Search National Flute Association pages and publications.
SS0199,FM019,Julius Baker,朱利葉斯・貝克,google_scholar,https://scholar.google.com/scholar?q=%22Julius%20Baker%22%20flute,"Search Google Scholar for papers, citations and books."
SS0200,FM019,Julius Baker,朱利葉斯・貝克,crossref,https://search.crossref.org/?q=%22Julius%20Baker%22%20flute,Search Crossref for DOI-bearing publications.
SS0201,FM019,Julius Baker,朱利葉斯・貝克,semantic_scholar,https://www.semanticscholar.org/search?q=%22Julius%20Baker%22%20flute&sort=relevance,Search Semantic Scholar for papers and citations.
SS0202,FM019,Julius Baker,朱利葉斯・貝克,worldcat_books,https://search.worldcat.org/search?q=%22Julius%20Baker%22%20flute,"Search WorldCat for books, recordings, theses and library holdings."
SS0203,FM019,Julius Baker,朱利葉斯・貝克,worldcat_dissertations,https://search.worldcat.org/search?q=%22Julius%20Baker%22%20flute%20dissertation%20OR%20thesis,Search WorldCat for thesis/dissertation holdings.
SS0204,FM019,Julius Baker,朱利葉斯・貝克,library_of_congress,https://catalog.loc.gov/vwebv/search?searchArg=%22Julius%20Baker%22%20flute&searchCode=GKEY%5E*&searchType=0,Search Library of Congress catalogue.
SS0205,FM019,Julius Baker,朱利葉斯・貝克,jstor,https://www.jstor.org/action/doBasicSearch?Query=%22Julius%20Baker%22%20flute,Search JSTOR for journals and book chapters.
SS0206,FM019,Julius Baker,朱利葉斯・貝克,project_muse,https://muse.jhu.edu/search?action=search&query=%22Julius%20Baker%22%20flute,Search Project MUSE for humanities scholarship.
SS0207,FM019,Julius Baker,朱利葉斯・貝克,proquest,https://www.proquest.com/search?query=%22Julius%20Baker%22%20flute,Search ProQuest for dissertations and scholarly databases; access may require login.
SS0208,FM019,Julius Baker,朱利葉斯・貝克,rilm,https://www.rilm.org/,Use RILM Abstracts with the query text; RILM usually requires institutional access.
SS0209,FM019,Julius Baker,朱利葉斯・貝克,nfa_site,https://www.google.com/search?q=%22Julius%20Baker%22%20flute%20site%3Anfaonline.org,Search National Flute Association pages and publications.
SS0210,FM020,Jean-Pierre Rampal,讓-皮耶・朗帕爾,google_scholar,https://scholar.google.com/scholar?q=%22Jean-Pierre%20Rampal%22%20flute,"Search Google Scholar for papers, citations and books."
SS0211,FM020,Jean-Pierre Rampal,讓-皮耶・朗帕爾,crossref,https://search.crossref.org/?q=%22Jean-Pierre%20Rampal%22%20flute,Search Crossref for DOI-bearing publications.
SS0212,FM020,Jean-Pierre Rampal,讓-皮耶・朗帕爾,semantic_scholar,https://www.semanticscholar.org/search?q=%22Jean-Pierre%20Rampal%22%20flute&sort=relevance,Search Semantic Scholar for papers and citations.
SS0213,FM020,Jean-Pierre Rampal,讓-皮耶・朗帕爾,worldcat_books,https://search.worldcat.org/search?q=%22Jean-Pierre%20Rampal%22%20flute,"Search WorldCat for books, recordings, theses and library holdings."
SS0214,FM020,Jean-Pierre Rampal,讓-皮耶・朗帕爾,worldcat_dissertations,https://search.worldcat.org/search?q=%22Jean-Pierre%20Rampal%22%20flute%20dissertation%20OR%20thesis,Search WorldCat for thesis/dissertation holdings.
SS0215,FM020,Jean-Pierre Rampal,讓-皮耶・朗帕爾,library_of_congress,https://catalog.loc.gov/vwebv/search?searchArg=%22Jean-Pierre%20Rampal%22%20flute&searchCode=GKEY%5E*&searchType=0,Search Library of Congress catalogue.
SS0216,FM020,Jean-Pierre Rampal,讓-皮耶・朗帕爾,jstor,https://www.jstor.org/action/doBasicSearch?Query=%22Jean-Pierre%20Rampal%22%20flute,Search JSTOR for journals and book chapters.
SS0217,FM020,Jean-Pierre Rampal,讓-皮耶・朗帕爾,project_muse,https://muse.jhu.edu/search?action=search&query=%22Jean-Pierre%20Rampal%22%20flute,Search Project MUSE for humanities scholarship.
SS0218,FM020,Jean-Pierre Rampal,讓-皮耶・朗帕爾,proquest,https://www.proquest.com/search?query=%22Jean-Pierre%20Rampal%22%20flute,Search ProQuest for dissertations and scholarly databases; access may require login.
SS0219,FM020,Jean-Pierre Rampal,讓-皮耶・朗帕爾,rilm,https://www.rilm.org/,Use RILM Abstracts with the query text; RILM usually requires institutional access.
SS0220,FM020,Jean-Pierre Rampal,讓-皮耶・朗帕爾,nfa_site,https://www.google.com/search?q=%22Jean-Pierre%20Rampal%22%20flute%20site%3Anfaonline.org,Search National Flute Association pages and publications.
SS0221,FM021,Alain Marion,阿蘭・馬里翁,google_scholar,https://scholar.google.com/scholar?q=%22Alain%20Marion%22%20flute,"Search Google Scholar for papers, citations and books."
SS0222,FM021,Alain Marion,阿蘭・馬里翁,crossref,https://search.crossref.org/?q=%22Alain%20Marion%22%20flute,Search Crossref for DOI-bearing publications.
SS0223,FM021,Alain Marion,阿蘭・馬里翁,semantic_scholar,https://www.semanticscholar.org/search?q=%22Alain%20Marion%22%20flute&sort=relevance,Search Semantic Scholar for papers and citations.
SS0224,FM021,Alain Marion,阿蘭・馬里翁,worldcat_books,https://search.worldcat.org/search?q=%22Alain%20Marion%22%20flute,"Search WorldCat for books, recordings, theses and library holdings."
SS0225,FM021,Alain Marion,阿蘭・馬里翁,worldcat_dissertations,https://search.worldcat.org/search?q=%22Alain%20Marion%22%20flute%20dissertation%20OR%20thesis,Search WorldCat for thesis/dissertation holdings.
SS0226,FM021,Alain Marion,阿蘭・馬里翁,library_of_congress,https://catalog.loc.gov/vwebv/search?searchArg=%22Alain%20Marion%22%20flute&searchCode=GKEY%5E*&searchType=0,Search Library of Congress catalogue.
SS0227,FM021,Alain Marion,阿蘭・馬里翁,jstor,https://www.jstor.org/action/doBasicSearch?Query=%22Alain%20Marion%22%20flute,Search JSTOR for journals and book chapters.
SS0228,FM021,Alain Marion,阿蘭・馬里翁,project_muse,https://muse.jhu.edu/search?action=search&query=%22Alain%20Marion%22%20flute,Search Project MUSE for humanities scholarship.
SS0229,FM021,Alain Marion,阿蘭・馬里翁,proquest,https://www.proquest.com/search?query=%22Alain%20Marion%22%20flute,Search ProQuest for dissertations and scholarly databases; access may require login.
SS0230,FM021,Alain Marion,阿蘭・馬里翁,rilm,https://www.rilm.org/,Use RILM Abstracts with the query text; RILM usually requires institutional access.
SS0231,FM021,Alain Marion,阿蘭・馬里翁,nfa_site,https://www.google.com/search?q=%22Alain%20Marion%22%20flute%20site%3Anfaonline.org,Search National Flute Association pages and publications.
SS0232,FM022,Maxence Larrieu,馬克桑斯・拉里厄,google_scholar,https://scholar.google.com/scholar?q=%22Maxence%20Larrieu%22%20flute,"Search Google Scholar for papers, citations and books."
SS0233,FM022,Maxence Larrieu,馬克桑斯・拉里厄,crossref,https://search.crossref.org/?q=%22Maxence%20Larrieu%22%20flute,Search Crossref for DOI-bearing publications.
SS0234,FM022,Maxence Larrieu,馬克桑斯・拉里厄,semantic_scholar,https://www.semanticscholar.org/search?q=%22Maxence%20Larrieu%22%20flute&sort=relevance,Search Semantic Scholar for papers and citations.
SS0235,FM022,Maxence Larrieu,馬克桑斯・拉里厄,worldcat_books,https://search.worldcat.org/search?q=%22Maxence%20Larrieu%22%20flute,"Search WorldCat for books, recordings, theses and library holdings."
SS0236,FM022,Maxence Larrieu,馬克桑斯・拉里厄,worldcat_dissertations,https://search.worldcat.org/search?q=%22Maxence%20Larrieu%22%20flute%20dissertation%20OR%20thesis,Search WorldCat for thesis/dissertation holdings.
SS0237,FM022,Maxence Larrieu,馬克桑斯・拉里厄,library_of_congress,https://catalog.loc.gov/vwebv/search?searchArg=%22Maxence%20Larrieu%22%20flute&searchCode=GKEY%5E*&searchType=0,Search Library of Congress catalogue.
SS0238,FM022,Maxence Larrieu,馬克桑斯・拉里厄,jstor,https://www.jstor.org/action/doBasicSearch?Query=%22Maxence%20Larrieu%22%20flute,Search JSTOR for journals and book chapters.
SS0239,FM022,Maxence Larrieu,馬克桑斯・拉里厄,project_muse,https://muse.jhu.edu/search?action=search&query=%22Maxence%20Larrieu%22%20flute,Search Project MUSE for humanities scholarship.
SS0240,FM022,Maxence Larrieu,馬克桑斯・拉里厄,proquest,https://www.proquest.com/search?query=%22Maxence%20Larrieu%22%20flute,Search ProQuest for dissertations and scholarly databases; access may require login.
SS0241,FM022,Maxence Larrieu,馬克桑斯・拉里厄,rilm,https://www.rilm.org/,Use RILM Abstracts with the query text; RILM usually requires institutional access.
SS0242,FM022,Maxence Larrieu,馬克桑斯・拉里厄,nfa_site,https://www.google.com/search?q=%22Maxence%20Larrieu%22%20flute%20site%3Anfaonline.org,Search National Flute Association pages and publications.
SS0243,FM023,Aurèle Nicolet,奧雷勒・尼科萊,google_scholar,https://scholar.google.com/scholar?q=%22Aur%C3%A8le%20Nicolet%22%20flute,"Search Google Scholar for papers, citations and books."
SS0244,FM023,Aurèle Nicolet,奧雷勒・尼科萊,crossref,https://search.crossref.org/?q=%22Aur%C3%A8le%20Nicolet%22%20flute,Search Crossref for DOI-bearing publications.
SS0245,FM023,Aurèle Nicolet,奧雷勒・尼科萊,semantic_scholar,https://www.semanticscholar.org/search?q=%22Aur%C3%A8le%20Nicolet%22%20flute&sort=relevance,Search Semantic Scholar for papers and citations.
SS0246,FM023,Aurèle Nicolet,奧雷勒・尼科萊,worldcat_books,https://search.worldcat.org/search?q=%22Aur%C3%A8le%20Nicolet%22%20flute,"Search WorldCat for books, recordings, theses and library holdings."
SS0247,FM023,Aurèle Nicolet,奧雷勒・尼科萊,worldcat_dissertations,https://search.worldcat.org/search?q=%22Aur%C3%A8le%20Nicolet%22%20flute%20dissertation%20OR%20thesis,Search WorldCat for thesis/dissertation holdings.
SS0248,FM023,Aurèle Nicolet,奧雷勒・尼科萊,library_of_congress,https://catalog.loc.gov/vwebv/search?searchArg=%22Aur%C3%A8le%20Nicolet%22%20flute&searchCode=GKEY%5E*&searchType=0,Search Library of Congress catalogue.
SS0249,FM023,Aurèle Nicolet,奧雷勒・尼科萊,jstor,https://www.jstor.org/action/doBasicSearch?Query=%22Aur%C3%A8le%20Nicolet%22%20flute,Search JSTOR for journals and book chapters.
SS0250,FM023,Aurèle Nicolet,奧雷勒・尼科萊,project_muse,https://muse.jhu.edu/search?action=search&query=%22Aur%C3%A8le%20Nicolet%22%20flute,Search Project MUSE for humanities scholarship.
SS0251,FM023,Aurèle Nicolet,奧雷勒・尼科萊,proquest,https://www.proquest.com/search?query=%22Aur%C3%A8le%20Nicolet%22%20flute,Search ProQuest for dissertations and scholarly databases; access may require login.
SS0252,FM023,Aurèle Nicolet,奧雷勒・尼科萊,rilm,https://www.rilm.org/,Use RILM Abstracts with the query text; RILM usually requires institutional access.
SS0253,FM023,Aurèle Nicolet,奧雷勒・尼科萊,nfa_site,https://www.google.com/search?q=%22Aur%C3%A8le%20Nicolet%22%20flute%20site%3Anfaonline.org,Search National Flute Association pages and publications.
SS0254,FM024,Peter-Lukas Graf,彼得-盧卡斯・格拉夫,google_scholar,https://scholar.google.com/scholar?q=%22Peter-Lukas%20Graf%22%20flute,"Search Google Scholar for papers, citations and books."
SS0255,FM024,Peter-Lukas Graf,彼得-盧卡斯・格拉夫,crossref,https://search.crossref.org/?q=%22Peter-Lukas%20Graf%22%20flute,Search Crossref for DOI-bearing publications.
SS0256,FM024,Peter-Lukas Graf,彼得-盧卡斯・格拉夫,semantic_scholar,https://www.semanticscholar.org/search?q=%22Peter-Lukas%20Graf%22%20flute&sort=relevance,Search Semantic Scholar for papers and citations.
SS0257,FM024,Peter-Lukas Graf,彼得-盧卡斯・格拉夫,worldcat_books,https://search.worldcat.org/search?q=%22Peter-Lukas%20Graf%22%20flute,"Search WorldCat for books, recordings, theses and library holdings."
SS0258,FM024,Peter-Lukas Graf,彼得-盧卡斯・格拉夫,worldcat_dissertations,https://search.worldcat.org/search?q=%22Peter-Lukas%20Graf%22%20flute%20dissertation%20OR%20thesis,Search WorldCat for thesis/dissertation holdings.
SS0259,FM024,Peter-Lukas Graf,彼得-盧卡斯・格拉夫,library_of_congress,https://catalog.loc.gov/vwebv/search?searchArg=%22Peter-Lukas%20Graf%22%20flute&searchCode=GKEY%5E*&searchType=0,Search Library of Congress catalogue.
SS0260,FM024,Peter-Lukas Graf,彼得-盧卡斯・格拉夫,jstor,https://www.jstor.org/action/doBasicSearch?Query=%22Peter-Lukas%20Graf%22%20flute,Search JSTOR for journals and book chapters.
SS0261,FM024,Peter-Lukas Graf,彼得-盧卡斯・格拉夫,project_muse,https://muse.jhu.edu/search?action=search&query=%22Peter-Lukas%20Graf%22%20flute,Search Project MUSE for humanities scholarship.
SS0262,FM024,Peter-Lukas Graf,彼得-盧卡斯・格拉夫,proquest,https://www.proquest.com/search?query=%22Peter-Lukas%20Graf%22%20flute,Search ProQuest for dissertations and scholarly databases; access may require login.
SS0263,FM024,Peter-Lukas Graf,彼得-盧卡斯・格拉夫,rilm,https://www.rilm.org/,Use RILM Abstracts with the query text; RILM usually requires institutional access.
SS0264,FM024,Peter-Lukas Graf,彼得-盧卡斯・格拉夫,nfa_site,https://www.google.com/search?q=%22Peter-Lukas%20Graf%22%20flute%20site%3Anfaonline.org,Search National Flute Association pages and publications.
SS0265,FM025,Severino Gazzelloni,塞韋里諾・加澤洛尼,google_scholar,https://scholar.google.com/scholar?q=%22Severino%20Gazzelloni%22%20flute,"Search Google Scholar for papers, citations and books."
SS0266,FM025,Severino Gazzelloni,塞韋里諾・加澤洛尼,crossref,https://search.crossref.org/?q=%22Severino%20Gazzelloni%22%20flute,Search Crossref for DOI-bearing publications.
SS0267,FM025,Severino Gazzelloni,塞韋里諾・加澤洛尼,semantic_scholar,https://www.semanticscholar.org/search?q=%22Severino%20Gazzelloni%22%20flute&sort=relevance,Search Semantic Scholar for papers and citations.
SS0268,FM025,Severino Gazzelloni,塞韋里諾・加澤洛尼,worldcat_books,https://search.worldcat.org/search?q=%22Severino%20Gazzelloni%22%20flute,"Search WorldCat for books, recordings, theses and library holdings."
SS0269,FM025,Severino Gazzelloni,塞韋里諾・加澤洛尼,worldcat_dissertations,https://search.worldcat.org/search?q=%22Severino%20Gazzelloni%22%20flute%20dissertation%20OR%20thesis,Search WorldCat for thesis/dissertation holdings.
SS0270,FM025,Severino Gazzelloni,塞韋里諾・加澤洛尼,library_of_congress,https://catalog.loc.gov/vwebv/search?searchArg=%22Severino%20Gazzelloni%22%20flute&searchCode=GKEY%5E*&searchType=0,Search Library of Congress catalogue.
SS0271,FM025,Severino Gazzelloni,塞韋里諾・加澤洛尼,jstor,https://www.jstor.org/action/doBasicSearch?Query=%22Severino%20Gazzelloni%22%20flute,Search JSTOR for journals and book chapters.
SS0272,FM025,Severino Gazzelloni,塞韋里諾・加澤洛尼,project_muse,https://muse.jhu.edu/search?action=search&query=%22Severino%20Gazzelloni%22%20flute,Search Project MUSE for humanities scholarship.
SS0273,FM025,Severino Gazzelloni,塞韋里諾・加澤洛尼,proquest,https://www.proquest.com/search?query=%22Severino%20Gazzelloni%22%20flute,Search ProQuest for dissertations and scholarly databases; access may require login.
SS0274,FM025,Severino Gazzelloni,塞韋里諾・加澤洛尼,rilm,https://www.rilm.org/,Use RILM Abstracts with the query text; RILM usually requires institutional access.
SS0275,FM025,Severino Gazzelloni,塞韋里諾・加澤洛尼,nfa_site,https://www.google.com/search?q=%22Severino%20Gazzelloni%22%20flute%20site%3Anfaonline.org,Search National Flute Association pages and publications.
SS0276,FM026,James Galway,詹姆斯・高威,google_scholar,https://scholar.google.com/scholar?q=%22James%20Galway%22%20flute,"Search Google Scholar for papers, citations and books."
SS0277,FM026,James Galway,詹姆斯・高威,crossref,https://search.crossref.org/?q=%22James%20Galway%22%20flute,Search Crossref for DOI-bearing publications.
SS0278,FM026,James Galway,詹姆斯・高威,semantic_scholar,https://www.semanticscholar.org/search?q=%22James%20Galway%22%20flute&sort=relevance,Search Semantic Scholar for papers and citations.
SS0279,FM026,James Galway,詹姆斯・高威,worldcat_books,https://search.worldcat.org/search?q=%22James%20Galway%22%20flute,"Search WorldCat for books, recordings, theses and library holdings."
SS0280,FM026,James Galway,詹姆斯・高威,worldcat_dissertations,https://search.worldcat.org/search?q=%22James%20Galway%22%20flute%20dissertation%20OR%20thesis,Search WorldCat for thesis/dissertation holdings.
SS0281,FM026,James Galway,詹姆斯・高威,library_of_congress,https://catalog.loc.gov/vwebv/search?searchArg=%22James%20Galway%22%20flute&searchCode=GKEY%5E*&searchType=0,Search Library of Congress catalogue.
SS0282,FM026,James Galway,詹姆斯・高威,jstor,https://www.jstor.org/action/doBasicSearch?Query=%22James%20Galway%22%20flute,Search JSTOR for journals and book chapters.
SS0283,FM026,James Galway,詹姆斯・高威,project_muse,https://muse.jhu.edu/search?action=search&query=%22James%20Galway%22%20flute,Search Project MUSE for humanities scholarship.
SS0284,FM026,James Galway,詹姆斯・高威,proquest,https://www.proquest.com/search?query=%22James%20Galway%22%20flute,Search ProQuest for dissertations and scholarly databases; access may require login.
SS0285,FM026,James Galway,詹姆斯・高威,rilm,https://www.rilm.org/,Use RILM Abstracts with the query text; RILM usually requires institutional access.
SS0286,FM026,James Galway,詹姆斯・高威,nfa_site,https://www.google.com/search?q=%22James%20Galway%22%20flute%20site%3Anfaonline.org,Search National Flute Association pages and publications.
SS0287,FM027,William Bennett,威廉・班奈特,google_scholar,https://scholar.google.com/scholar?q=%22William%20Bennett%22%20flute,"Search Google Scholar for papers, citations and books."
SS0288,FM027,William Bennett,威廉・班奈特,crossref,https://search.crossref.org/?q=%22William%20Bennett%22%20flute,Search Crossref for DOI-bearing publications.
SS0289,FM027,William Bennett,威廉・班奈特,semantic_scholar,https://www.semanticscholar.org/search?q=%22William%20Bennett%22%20flute&sort=relevance,Search Semantic Scholar for papers and citations.
SS0290,FM027,William Bennett,威廉・班奈特,worldcat_books,https://search.worldcat.org/search?q=%22William%20Bennett%22%20flute,"Search WorldCat for books, recordings, theses and library holdings."
SS0291,FM027,William Bennett,威廉・班奈特,worldcat_dissertations,https://search.worldcat.org/search?q=%22William%20Bennett%22%20flute%20dissertation%20OR%20thesis,Search WorldCat for thesis/dissertation holdings.
SS0292,FM027,William Bennett,威廉・班奈特,library_of_congress,https://catalog.loc.gov/vwebv/search?searchArg=%22William%20Bennett%22%20flute&searchCode=GKEY%5E*&searchType=0,Search Library of Congress catalogue.
SS0293,FM027,William Bennett,威廉・班奈特,jstor,https://www.jstor.org/action/doBasicSearch?Query=%22William%20Bennett%22%20flute,Search JSTOR for journals and book chapters.
SS0294,FM027,William Bennett,威廉・班奈特,project_muse,https://muse.jhu.edu/search?action=search&query=%22William%20Bennett%22%20flute,Search Project MUSE for humanities scholarship.
SS0295,FM027,William Bennett,威廉・班奈特,proquest,https://www.proquest.com/search?query=%22William%20Bennett%22%20flute,Search ProQuest for dissertations and scholarly databases; access may require login.
SS0296,FM027,William Bennett,威廉・班奈特,rilm,https://www.rilm.org/,Use RILM Abstracts with the query text; RILM usually requires institutional access.
SS0297,FM027,William Bennett,威廉・班奈特,nfa_site,https://www.google.com/search?q=%22William%20Bennett%22%20flute%20site%3Anfaonline.org,Search National Flute Association pages and publications.
SS0298,FM028,Geoffrey Gilbert,傑弗里・吉爾伯特,google_scholar,https://scholar.google.com/scholar?q=%22Geoffrey%20Gilbert%22%20flute,"Search Google Scholar for papers, citations and books."
SS0299,FM028,Geoffrey Gilbert,傑弗里・吉爾伯特,crossref,https://search.crossref.org/?q=%22Geoffrey%20Gilbert%22%20flute,Search Crossref for DOI-bearing publications.
SS0300,FM028,Geoffrey Gilbert,傑弗里・吉爾伯特,semantic_scholar,https://www.semanticscholar.org/search?q=%22Geoffrey%20Gilbert%22%20flute&sort=relevance,Search Semantic Scholar for papers and citations.
SS0301,FM028,Geoffrey Gilbert,傑弗里・吉爾伯特,worldcat_books,https://search.worldcat.org/search?q=%22Geoffrey%20Gilbert%22%20flute,"Search WorldCat for books, recordings, theses and library holdings."
SS0302,FM028,Geoffrey Gilbert,傑弗里・吉爾伯特,worldcat_dissertations,https://search.worldcat.org/search?q=%22Geoffrey%20Gilbert%22%20flute%20dissertation%20OR%20thesis,Search WorldCat for thesis/dissertation holdings.
SS0303,FM028,Geoffrey Gilbert,傑弗里・吉爾伯特,library_of_congress,https://catalog.loc.gov/vwebv/search?searchArg=%22Geoffrey%20Gilbert%22%20flute&searchCode=GKEY%5E*&searchType=0,Search Library of Congress catalogue.
SS0304,FM028,Geoffrey Gilbert,傑弗里・吉爾伯特,jstor,https://www.jstor.org/action/doBasicSearch?Query=%22Geoffrey%20Gilbert%22%20flute,Search JSTOR for journals and book chapters.
SS0305,FM028,Geoffrey Gilbert,傑弗里・吉爾伯特,project_muse,https://muse.jhu.edu/search?action=search&query=%22Geoffrey%20Gilbert%22%20flute,Search Project MUSE for humanities scholarship.
SS0306,FM028,Geoffrey Gilbert,傑弗里・吉爾伯特,proquest,https://www.proquest.com/search?query=%22Geoffrey%20Gilbert%22%20flute,Search ProQuest for dissertations and scholarly databases; access may require login.
SS0307,FM028,Geoffrey Gilbert,傑弗里・吉爾伯特,rilm,https://www.rilm.org/,Use RILM Abstracts with the query text; RILM usually requires institutional access.
SS0308,FM028,Geoffrey Gilbert,傑弗里・吉爾伯特,nfa_site,https://www.google.com/search?q=%22Geoffrey%20Gilbert%22%20flute%20site%3Anfaonline.org,Search National Flute Association pages and publications.
SS0309,FM029,Michel Debost,米歇爾・德博斯特,google_scholar,https://scholar.google.com/scholar?q=%22Michel%20Debost%22%20flute,"Search Google Scholar for papers, citations and books."
SS0310,FM029,Michel Debost,米歇爾・德博斯特,crossref,https://search.crossref.org/?q=%22Michel%20Debost%22%20flute,Search Crossref for DOI-bearing publications.
SS0311,FM029,Michel Debost,米歇爾・德博斯特,semantic_scholar,https://www.semanticscholar.org/search?q=%22Michel%20Debost%22%20flute&sort=relevance,Search Semantic Scholar for papers and citations.
SS0312,FM029,Michel Debost,米歇爾・德博斯特,worldcat_books,https://search.worldcat.org/search?q=%22Michel%20Debost%22%20flute,"Search WorldCat for books, recordings, theses and library holdings."
SS0313,FM029,Michel Debost,米歇爾・德博斯特,worldcat_dissertations,https://search.worldcat.org/search?q=%22Michel%20Debost%22%20flute%20dissertation%20OR%20thesis,Search WorldCat for thesis/dissertation holdings.
SS0314,FM029,Michel Debost,米歇爾・德博斯特,library_of_congress,https://catalog.loc.gov/vwebv/search?searchArg=%22Michel%20Debost%22%20flute&searchCode=GKEY%5E*&searchType=0,Search Library of Congress catalogue.
SS0315,FM029,Michel Debost,米歇爾・德博斯特,jstor,https://www.jstor.org/action/doBasicSearch?Query=%22Michel%20Debost%22%20flute,Search JSTOR for journals and book chapters.
SS0316,FM029,Michel Debost,米歇爾・德博斯特,project_muse,https://muse.jhu.edu/search?action=search&query=%22Michel%20Debost%22%20flute,Search Project MUSE for humanities scholarship.
SS0317,FM029,Michel Debost,米歇爾・德博斯特,proquest,https://www.proquest.com/search?query=%22Michel%20Debost%22%20flute,Search ProQuest for dissertations and scholarly databases; access may require login.
SS0318,FM029,Michel Debost,米歇爾・德博斯特,rilm,https://www.rilm.org/,Use RILM Abstracts with the query text; RILM usually requires institutional access.
SS0319,FM029,Michel Debost,米歇爾・德博斯特,nfa_site,https://www.google.com/search?q=%22Michel%20Debost%22%20flute%20site%3Anfaonline.org,Search National Flute Association pages and publications.
SS0320,FM030,Trevor Wye,特雷弗・懷伊,google_scholar,https://scholar.google.com/scholar?q=%22Trevor%20Wye%22%20flute,"Search Google Scholar for papers, citations and books."
SS0321,FM030,Trevor Wye,特雷弗・懷伊,crossref,https://search.crossref.org/?q=%22Trevor%20Wye%22%20flute,Search Crossref for DOI-bearing publications.
SS0322,FM030,Trevor Wye,特雷弗・懷伊,semantic_scholar,https://www.semanticscholar.org/search?q=%22Trevor%20Wye%22%20flute&sort=relevance,Search Semantic Scholar for papers and citations.
SS0323,FM030,Trevor Wye,特雷弗・懷伊,worldcat_books,https://search.worldcat.org/search?q=%22Trevor%20Wye%22%20flute,"Search WorldCat for books, recordings, theses and library holdings."
SS0324,FM030,Trevor Wye,特雷弗・懷伊,worldcat_dissertations,https://search.worldcat.org/search?q=%22Trevor%20Wye%22%20flute%20dissertation%20OR%20thesis,Search WorldCat for thesis/dissertation holdings.
SS0325,FM030,Trevor Wye,特雷弗・懷伊,library_of_congress,https://catalog.loc.gov/vwebv/search?searchArg=%22Trevor%20Wye%22%20flute&searchCode=GKEY%5E*&searchType=0,Search Library of Congress catalogue.
SS0326,FM030,Trevor Wye,特雷弗・懷伊,jstor,https://www.jstor.org/action/doBasicSearch?Query=%22Trevor%20Wye%22%20flute,Search JSTOR for journals and book chapters.
SS0327,FM030,Trevor Wye,特雷弗・懷伊,project_muse,https://muse.jhu.edu/search?action=search&query=%22Trevor%20Wye%22%20flute,Search Project MUSE for humanities scholarship.
SS0328,FM030,Trevor Wye,特雷弗・懷伊,proquest,https://www.proquest.com/search?query=%22Trevor%20Wye%22%20flute,Search ProQuest for dissertations and scholarly databases; access may require login.
SS0329,FM030,Trevor Wye,特雷弗・懷伊,rilm,https://www.rilm.org/,Use RILM Abstracts with the query text; RILM usually requires institutional access.
SS0330,FM030,Trevor Wye,特雷弗・懷伊,nfa_site,https://www.google.com/search?q=%22Trevor%20Wye%22%20flute%20site%3Anfaonline.org,Search National Flute Association pages and publications.
SS0331,FM031,Louis Moyse,路易・莫伊茲,google_scholar,https://scholar.google.com/scholar?q=%22Louis%20Moyse%22%20flute,"Search Google Scholar for papers, citations and books."
SS0332,FM031,Louis Moyse,路易・莫伊茲,crossref,https://search.crossref.org/?q=%22Louis%20Moyse%22%20flute,Search Crossref for DOI-bearing publications.
SS0333,FM031,Louis Moyse,路易・莫伊茲,semantic_scholar,https://www.semanticscholar.org/search?q=%22Louis%20Moyse%22%20flute&sort=relevance,Search Semantic Scholar for papers and citations.
SS0334,FM031,Louis Moyse,路易・莫伊茲,worldcat_books,https://search.worldcat.org/search?q=%22Louis%20Moyse%22%20flute,"Search WorldCat for books, recordings, theses and library holdings."
SS0335,FM031,Louis Moyse,路易・莫伊茲,worldcat_dissertations,https://search.worldcat.org/search?q=%22Louis%20Moyse%22%20flute%20dissertation%20OR%20thesis,Search WorldCat for thesis/dissertation holdings.
SS0336,FM031,Louis Moyse,路易・莫伊茲,library_of_congress,https://catalog.loc.gov/vwebv/search?searchArg=%22Louis%20Moyse%22%20flute&searchCode=GKEY%5E*&searchType=0,Search Library of Congress catalogue.
SS0337,FM031,Louis Moyse,路易・莫伊茲,jstor,https://www.jstor.org/action/doBasicSearch?Query=%22Louis%20Moyse%22%20flute,Search JSTOR for journals and book chapters.
SS0338,FM031,Louis Moyse,路易・莫伊茲,project_muse,https://muse.jhu.edu/search?action=search&query=%22Louis%20Moyse%22%20flute,Search Project MUSE for humanities scholarship.
SS0339,FM031,Louis Moyse,路易・莫伊茲,proquest,https://www.proquest.com/search?query=%22Louis%20Moyse%22%20flute,Search ProQuest for dissertations and scholarly databases; access may require login.
SS0340,FM031,Louis Moyse,路易・莫伊茲,rilm,https://www.rilm.org/,Use RILM Abstracts with the query text; RILM usually requires institutional access.
SS0341,FM031,Louis Moyse,路易・莫伊茲,nfa_site,https://www.google.com/search?q=%22Louis%20Moyse%22%20flute%20site%3Anfaonline.org,Search National Flute Association pages and publications.
SS0342,FM032,Robert Willoughby,羅伯特・威洛比,google_scholar,https://scholar.google.com/scholar?q=%22Robert%20Willoughby%22%20flute,"Search Google Scholar for papers, citations and books."
SS0343,FM032,Robert Willoughby,羅伯特・威洛比,crossref,https://search.crossref.org/?q=%22Robert%20Willoughby%22%20flute,Search Crossref for DOI-bearing publications.
SS0344,FM032,Robert Willoughby,羅伯特・威洛比,semantic_scholar,https://www.semanticscholar.org/search?q=%22Robert%20Willoughby%22%20flute&sort=relevance,Search Semantic Scholar for papers and citations.
SS0345,FM032,Robert Willoughby,羅伯特・威洛比,worldcat_books,https://search.worldcat.org/search?q=%22Robert%20Willoughby%22%20flute,"Search WorldCat for books, recordings, theses and library holdings."
SS0346,FM032,Robert Willoughby,羅伯特・威洛比,worldcat_dissertations,https://search.worldcat.org/search?q=%22Robert%20Willoughby%22%20flute%20dissertation%20OR%20thesis,Search WorldCat for thesis/dissertation holdings.
SS0347,FM032,Robert Willoughby,羅伯特・威洛比,library_of_congress,https://catalog.loc.gov/vwebv/search?searchArg=%22Robert%20Willoughby%22%20flute&searchCode=GKEY%5E*&searchType=0,Search Library of Congress catalogue.
SS0348,FM032,Robert Willoughby,羅伯特・威洛比,jstor,https://www.jstor.org/action/doBasicSearch?Query=%22Robert%20Willoughby%22%20flute,Search JSTOR for journals and book chapters.
SS0349,FM032,Robert Willoughby,羅伯特・威洛比,project_muse,https://muse.jhu.edu/search?action=search&query=%22Robert%20Willoughby%22%20flute,Search Project MUSE for humanities scholarship.
SS0350,FM032,Robert Willoughby,羅伯特・威洛比,proquest,https://www.proquest.com/search?query=%22Robert%20Willoughby%22%20flute,Search ProQuest for dissertations and scholarly databases; access may require login.
SS0351,FM032,Robert Willoughby,羅伯特・威洛比,rilm,https://www.rilm.org/,Use RILM Abstracts with the query text; RILM usually requires institutional access.
SS0352,FM032,Robert Willoughby,羅伯特・威洛比,nfa_site,https://www.google.com/search?q=%22Robert%20Willoughby%22%20flute%20site%3Anfaonline.org,Search National Flute Association pages and publications.
SS0353,FM033,Samuel Baron,塞繆爾・巴倫,google_scholar,https://scholar.google.com/scholar?q=%22Samuel%20Baron%22%20flute,"Search Google Scholar for papers, citations and books."
SS0354,FM033,Samuel Baron,塞繆爾・巴倫,crossref,https://search.crossref.org/?q=%22Samuel%20Baron%22%20flute,Search Crossref for DOI-bearing publications.
SS0355,FM033,Samuel Baron,塞繆爾・巴倫,semantic_scholar,https://www.semanticscholar.org/search?q=%22Samuel%20Baron%22%20flute&sort=relevance,Search Semantic Scholar for papers and citations.
SS0356,FM033,Samuel Baron,塞繆爾・巴倫,worldcat_books,https://search.worldcat.org/search?q=%22Samuel%20Baron%22%20flute,"Search WorldCat for books, recordings, theses and library holdings."
SS0357,FM033,Samuel Baron,塞繆爾・巴倫,worldcat_dissertations,https://search.worldcat.org/search?q=%22Samuel%20Baron%22%20flute%20dissertation%20OR%20thesis,Search WorldCat for thesis/dissertation holdings.
SS0358,FM033,Samuel Baron,塞繆爾・巴倫,library_of_congress,https://catalog.loc.gov/vwebv/search?searchArg=%22Samuel%20Baron%22%20flute&searchCode=GKEY%5E*&searchType=0,Search Library of Congress catalogue.
SS0359,FM033,Samuel Baron,塞繆爾・巴倫,jstor,https://www.jstor.org/action/doBasicSearch?Query=%22Samuel%20Baron%22%20flute,Search JSTOR for journals and book chapters.
SS0360,FM033,Samuel Baron,塞繆爾・巴倫,project_muse,https://muse.jhu.edu/search?action=search&query=%22Samuel%20Baron%22%20flute,Search Project MUSE for humanities scholarship.
SS0361,FM033,Samuel Baron,塞繆爾・巴倫,proquest,https://www.proquest.com/search?query=%22Samuel%20Baron%22%20flute,Search ProQuest for dissertations and scholarly databases; access may require login.
SS0362,FM033,Samuel Baron,塞繆爾・巴倫,rilm,https://www.rilm.org/,Use RILM Abstracts with the query text; RILM usually requires institutional access.
SS0363,FM033,Samuel Baron,塞繆爾・巴倫,nfa_site,https://www.google.com/search?q=%22Samuel%20Baron%22%20flute%20site%3Anfaonline.org,Search National Flute Association pages and publications.
SS0364,FM034,Albert Tipton,阿爾伯特・蒂普頓,google_scholar,https://scholar.google.com/scholar?q=%22Albert%20Tipton%22%20flute,"Search Google Scholar for papers, citations and books."
SS0365,FM034,Albert Tipton,阿爾伯特・蒂普頓,crossref,https://search.crossref.org/?q=%22Albert%20Tipton%22%20flute,Search Crossref for DOI-bearing publications.
SS0366,FM034,Albert Tipton,阿爾伯特・蒂普頓,semantic_scholar,https://www.semanticscholar.org/search?q=%22Albert%20Tipton%22%20flute&sort=relevance,Search Semantic Scholar for papers and citations.
SS0367,FM034,Albert Tipton,阿爾伯特・蒂普頓,worldcat_books,https://search.worldcat.org/search?q=%22Albert%20Tipton%22%20flute,"Search WorldCat for books, recordings, theses and library holdings."
SS0368,FM034,Albert Tipton,阿爾伯特・蒂普頓,worldcat_dissertations,https://search.worldcat.org/search?q=%22Albert%20Tipton%22%20flute%20dissertation%20OR%20thesis,Search WorldCat for thesis/dissertation holdings.
SS0369,FM034,Albert Tipton,阿爾伯特・蒂普頓,library_of_congress,https://catalog.loc.gov/vwebv/search?searchArg=%22Albert%20Tipton%22%20flute&searchCode=GKEY%5E*&searchType=0,Search Library of Congress catalogue.
SS0370,FM034,Albert Tipton,阿爾伯特・蒂普頓,jstor,https://www.jstor.org/action/doBasicSearch?Query=%22Albert%20Tipton%22%20flute,Search JSTOR for journals and book chapters.
SS0371,FM034,Albert Tipton,阿爾伯特・蒂普頓,project_muse,https://muse.jhu.edu/search?action=search&query=%22Albert%20Tipton%22%20flute,Search Project MUSE for humanities scholarship.
SS0372,FM034,Albert Tipton,阿爾伯特・蒂普頓,proquest,https://www.proquest.com/search?query=%22Albert%20Tipton%22%20flute,Search ProQuest for dissertations and scholarly databases; access may require login.
SS0373,FM034,Albert Tipton,阿爾伯特・蒂普頓,rilm,https://www.rilm.org/,Use RILM Abstracts with the query text; RILM usually requires institutional access.
SS0374,FM034,Albert Tipton,阿爾伯特・蒂普頓,nfa_site,https://www.google.com/search?q=%22Albert%20Tipton%22%20flute%20site%3Anfaonline.org,Search National Flute Association pages and publications.
SS0375,FM035,Frances Blaisdell,弗朗西絲・布萊斯德爾,google_scholar,https://scholar.google.com/scholar?q=%22Frances%20Blaisdell%22%20flute,"Search Google Scholar for papers, citations and books."
SS0376,FM035,Frances Blaisdell,弗朗西絲・布萊斯德爾,crossref,https://search.crossref.org/?q=%22Frances%20Blaisdell%22%20flute,Search Crossref for DOI-bearing publications.
SS0377,FM035,Frances Blaisdell,弗朗西絲・布萊斯德爾,semantic_scholar,https://www.semanticscholar.org/search?q=%22Frances%20Blaisdell%22%20flute&sort=relevance,Search Semantic Scholar for papers and citations.
SS0378,FM035,Frances Blaisdell,弗朗西絲・布萊斯德爾,worldcat_books,https://search.worldcat.org/search?q=%22Frances%20Blaisdell%22%20flute,"Search WorldCat for books, recordings, theses and library holdings."
SS0379,FM035,Frances Blaisdell,弗朗西絲・布萊斯德爾,worldcat_dissertations,https://search.worldcat.org/search?q=%22Frances%20Blaisdell%22%20flute%20dissertation%20OR%20thesis,Search WorldCat for thesis/dissertation holdings.
SS0380,FM035,Frances Blaisdell,弗朗西絲・布萊斯德爾,library_of_congress,https://catalog.loc.gov/vwebv/search?searchArg=%22Frances%20Blaisdell%22%20flute&searchCode=GKEY%5E*&searchType=0,Search Library of Congress catalogue.
SS0381,FM035,Frances Blaisdell,弗朗西絲・布萊斯德爾,jstor,https://www.jstor.org/action/doBasicSearch?Query=%22Frances%20Blaisdell%22%20flute,Search JSTOR for journals and book chapters.
SS0382,FM035,Frances Blaisdell,弗朗西絲・布萊斯德爾,project_muse,https://muse.jhu.edu/search?action=search&query=%22Frances%20Blaisdell%22%20flute,Search Project MUSE for humanities scholarship.
SS0383,FM035,Frances Blaisdell,弗朗西絲・布萊斯德爾,proquest,https://www.proquest.com/search?query=%22Frances%20Blaisdell%22%20flute,Search ProQuest for dissertations and scholarly databases; access may require login.
SS0384,FM035,Frances Blaisdell,弗朗西絲・布萊斯德爾,rilm,https://www.rilm.org/,Use RILM Abstracts with the query text; RILM usually requires institutional access.
SS0385,FM035,Frances Blaisdell,弗朗西絲・布萊斯德爾,nfa_site,https://www.google.com/search?q=%22Frances%20Blaisdell%22%20flute%20site%3Anfaonline.org,Search National Flute Association pages and publications.
SS0386,FM036,Doriot Anthony Dwyer,多里奧特・安東尼・德懷爾,google_scholar,https://scholar.google.com/scholar?q=%22Doriot%20Anthony%20Dwyer%22%20flute,"Search Google Scholar for papers, citations and books."
SS0387,FM036,Doriot Anthony Dwyer,多里奧特・安東尼・德懷爾,crossref,https://search.crossref.org/?q=%22Doriot%20Anthony%20Dwyer%22%20flute,Search Crossref for DOI-bearing publications.
SS0388,FM036,Doriot Anthony Dwyer,多里奧特・安東尼・德懷爾,semantic_scholar,https://www.semanticscholar.org/search?q=%22Doriot%20Anthony%20Dwyer%22%20flute&sort=relevance,Search Semantic Scholar for papers and citations.
SS0389,FM036,Doriot Anthony Dwyer,多里奧特・安東尼・德懷爾,worldcat_books,https://search.worldcat.org/search?q=%22Doriot%20Anthony%20Dwyer%22%20flute,"Search WorldCat for books, recordings, theses and library holdings."
SS0390,FM036,Doriot Anthony Dwyer,多里奧特・安東尼・德懷爾,worldcat_dissertations,https://search.worldcat.org/search?q=%22Doriot%20Anthony%20Dwyer%22%20flute%20dissertation%20OR%20thesis,Search WorldCat for thesis/dissertation holdings.
SS0391,FM036,Doriot Anthony Dwyer,多里奧特・安東尼・德懷爾,library_of_congress,https://catalog.loc.gov/vwebv/search?searchArg=%22Doriot%20Anthony%20Dwyer%22%20flute&searchCode=GKEY%5E*&searchType=0,Search Library of Congress catalogue.
SS0392,FM036,Doriot Anthony Dwyer,多里奧特・安東尼・德懷爾,jstor,https://www.jstor.org/action/doBasicSearch?Query=%22Doriot%20Anthony%20Dwyer%22%20flute,Search JSTOR for journals and book chapters.
SS0393,FM036,Doriot Anthony Dwyer,多里奧特・安東尼・德懷爾,project_muse,https://muse.jhu.edu/search?action=search&query=%22Doriot%20Anthony%20Dwyer%22%20flute,Search Project MUSE for humanities scholarship.
SS0394,FM036,Doriot Anthony Dwyer,多里奧特・安東尼・德懷爾,proquest,https://www.proquest.com/search?query=%22Doriot%20Anthony%20Dwyer%22%20flute,Search ProQuest for dissertations and scholarly databases; access may require login.
SS0395,FM036,Doriot Anthony Dwyer,多里奧特・安東尼・德懷爾,rilm,https://www.rilm.org/,Use RILM Abstracts with the query text; RILM usually requires institutional access.
SS0396,FM036,Doriot Anthony Dwyer,多里奧特・安東尼・德懷爾,nfa_site,https://www.google.com/search?q=%22Doriot%20Anthony%20Dwyer%22%20flute%20site%3Anfaonline.org,Search National Flute Association pages and publications.
SS0397,FM037,Lois Schaefer,露易絲・謝弗,google_scholar,https://scholar.google.com/scholar?q=%22Lois%20Schaefer%22%20flute,"Search Google Scholar for papers, citations and books."
SS0398,FM037,Lois Schaefer,露易絲・謝弗,crossref,https://search.crossref.org/?q=%22Lois%20Schaefer%22%20flute,Search Crossref for DOI-bearing publications.
SS0399,FM037,Lois Schaefer,露易絲・謝弗,semantic_scholar,https://www.semanticscholar.org/search?q=%22Lois%20Schaefer%22%20flute&sort=relevance,Search Semantic Scholar for papers and citations.
SS0400,FM037,Lois Schaefer,露易絲・謝弗,worldcat_books,https://search.worldcat.org/search?q=%22Lois%20Schaefer%22%20flute,"Search WorldCat for books, recordings, theses and library holdings."
SS0401,FM037,Lois Schaefer,露易絲・謝弗,worldcat_dissertations,https://search.worldcat.org/search?q=%22Lois%20Schaefer%22%20flute%20dissertation%20OR%20thesis,Search WorldCat for thesis/dissertation holdings.
SS0402,FM037,Lois Schaefer,露易絲・謝弗,library_of_congress,https://catalog.loc.gov/vwebv/search?searchArg=%22Lois%20Schaefer%22%20flute&searchCode=GKEY%5E*&searchType=0,Search Library of Congress catalogue.
SS0403,FM037,Lois Schaefer,露易絲・謝弗,jstor,https://www.jstor.org/action/doBasicSearch?Query=%22Lois%20Schaefer%22%20flute,Search JSTOR for journals and book chapters.
SS0404,FM037,Lois Schaefer,露易絲・謝弗,project_muse,https://muse.jhu.edu/search?action=search&query=%22Lois%20Schaefer%22%20flute,Search Project MUSE for humanities scholarship.
SS0405,FM037,Lois Schaefer,露易絲・謝弗,proquest,https://www.proquest.com/search?query=%22Lois%20Schaefer%22%20flute,Search ProQuest for dissertations and scholarly databases; access may require login.
SS0406,FM037,Lois Schaefer,露易絲・謝弗,rilm,https://www.rilm.org/,Use RILM Abstracts with the query text; RILM usually requires institutional access.
SS0407,FM037,Lois Schaefer,露易絲・謝弗,nfa_site,https://www.google.com/search?q=%22Lois%20Schaefer%22%20flute%20site%3Anfaonline.org,Search National Flute Association pages and publications.
SS0408,FM038,Bernard Goldberg,伯納德・戈德堡,google_scholar,https://scholar.google.com/scholar?q=%22Bernard%20Goldberg%22%20flute,"Search Google Scholar for papers, citations and books."
SS0409,FM038,Bernard Goldberg,伯納德・戈德堡,crossref,https://search.crossref.org/?q=%22Bernard%20Goldberg%22%20flute,Search Crossref for DOI-bearing publications.
SS0410,FM038,Bernard Goldberg,伯納德・戈德堡,semantic_scholar,https://www.semanticscholar.org/search?q=%22Bernard%20Goldberg%22%20flute&sort=relevance,Search Semantic Scholar for papers and citations.
SS0411,FM038,Bernard Goldberg,伯納德・戈德堡,worldcat_books,https://search.worldcat.org/search?q=%22Bernard%20Goldberg%22%20flute,"Search WorldCat for books, recordings, theses and library holdings."
SS0412,FM038,Bernard Goldberg,伯納德・戈德堡,worldcat_dissertations,https://search.worldcat.org/search?q=%22Bernard%20Goldberg%22%20flute%20dissertation%20OR%20thesis,Search WorldCat for thesis/dissertation holdings.
SS0413,FM038,Bernard Goldberg,伯納德・戈德堡,library_of_congress,https://catalog.loc.gov/vwebv/search?searchArg=%22Bernard%20Goldberg%22%20flute&searchCode=GKEY%5E*&searchType=0,Search Library of Congress catalogue.
SS0414,FM038,Bernard Goldberg,伯納德・戈德堡,jstor,https://www.jstor.org/action/doBasicSearch?Query=%22Bernard%20Goldberg%22%20flute,Search JSTOR for journals and book chapters.
SS0415,FM038,Bernard Goldberg,伯納德・戈德堡,project_muse,https://muse.jhu.edu/search?action=search&query=%22Bernard%20Goldberg%22%20flute,Search Project MUSE for humanities scholarship.
SS0416,FM038,Bernard Goldberg,伯納德・戈德堡,proquest,https://www.proquest.com/search?query=%22Bernard%20Goldberg%22%20flute,Search ProQuest for dissertations and scholarly databases; access may require login.
SS0417,FM038,Bernard Goldberg,伯納德・戈德堡,rilm,https://www.rilm.org/,Use RILM Abstracts with the query text; RILM usually requires institutional access.
SS0418,FM038,Bernard Goldberg,伯納德・戈德堡,nfa_site,https://www.google.com/search?q=%22Bernard%20Goldberg%22%20flute%20site%3Anfaonline.org,Search National Flute Association pages and publications.
SS0419,FM039,John Krell,約翰・克雷爾,google_scholar,https://scholar.google.com/scholar?q=%22John%20Krell%22%20flute,"Search Google Scholar for papers, citations and books."
SS0420,FM039,John Krell,約翰・克雷爾,crossref,https://search.crossref.org/?q=%22John%20Krell%22%20flute,Search Crossref for DOI-bearing publications.
SS0421,FM039,John Krell,約翰・克雷爾,semantic_scholar,https://www.semanticscholar.org/search?q=%22John%20Krell%22%20flute&sort=relevance,Search Semantic Scholar for papers and citations.
SS0422,FM039,John Krell,約翰・克雷爾,worldcat_books,https://search.worldcat.org/search?q=%22John%20Krell%22%20flute,"Search WorldCat for books, recordings, theses and library holdings."
SS0423,FM039,John Krell,約翰・克雷爾,worldcat_dissertations,https://search.worldcat.org/search?q=%22John%20Krell%22%20flute%20dissertation%20OR%20thesis,Search WorldCat for thesis/dissertation holdings.
SS0424,FM039,John Krell,約翰・克雷爾,library_of_congress,https://catalog.loc.gov/vwebv/search?searchArg=%22John%20Krell%22%20flute&searchCode=GKEY%5E*&searchType=0,Search Library of Congress catalogue.
SS0425,FM039,John Krell,約翰・克雷爾,jstor,https://www.jstor.org/action/doBasicSearch?Query=%22John%20Krell%22%20flute,Search JSTOR for journals and book chapters.
SS0426,FM039,John Krell,約翰・克雷爾,project_muse,https://muse.jhu.edu/search?action=search&query=%22John%20Krell%22%20flute,Search Project MUSE for humanities scholarship.
SS0427,FM039,John Krell,約翰・克雷爾,proquest,https://www.proquest.com/search?query=%22John%20Krell%22%20flute,Search ProQuest for dissertations and scholarly databases; access may require login.
SS0428,FM039,John Krell,約翰・克雷爾,rilm,https://www.rilm.org/,Use RILM Abstracts with the query text; RILM usually requires institutional access.
SS0429,FM039,John Krell,約翰・克雷爾,nfa_site,https://www.google.com/search?q=%22John%20Krell%22%20flute%20site%3Anfaonline.org,Search National Flute Association pages and publications.
SS0430,FM040,Walfrid Kujala,瓦爾弗里德・庫亞拉,google_scholar,https://scholar.google.com/scholar?q=%22Walfrid%20Kujala%22%20flute,"Search Google Scholar for papers, citations and books."
SS0431,FM040,Walfrid Kujala,瓦爾弗里德・庫亞拉,crossref,https://search.crossref.org/?q=%22Walfrid%20Kujala%22%20flute,Search Crossref for DOI-bearing publications.
SS0432,FM040,Walfrid Kujala,瓦爾弗里德・庫亞拉,semantic_scholar,https://www.semanticscholar.org/search?q=%22Walfrid%20Kujala%22%20flute&sort=relevance,Search Semantic Scholar for papers and citations.
SS0433,FM040,Walfrid Kujala,瓦爾弗里德・庫亞拉,worldcat_books,https://search.worldcat.org/search?q=%22Walfrid%20Kujala%22%20flute,"Search WorldCat for books, recordings, theses and library holdings."
SS0434,FM040,Walfrid Kujala,瓦爾弗里德・庫亞拉,worldcat_dissertations,https://search.worldcat.org/search?q=%22Walfrid%20Kujala%22%20flute%20dissertation%20OR%20thesis,Search WorldCat for thesis/dissertation holdings.
SS0435,FM040,Walfrid Kujala,瓦爾弗里德・庫亞拉,library_of_congress,https://catalog.loc.gov/vwebv/search?searchArg=%22Walfrid%20Kujala%22%20flute&searchCode=GKEY%5E*&searchType=0,Search Library of Congress catalogue.
SS0436,FM040,Walfrid Kujala,瓦爾弗里德・庫亞拉,jstor,https://www.jstor.org/action/doBasicSearch?Query=%22Walfrid%20Kujala%22%20flute,Search JSTOR for journals and book chapters.
SS0437,FM040,Walfrid Kujala,瓦爾弗里德・庫亞拉,project_muse,https://muse.jhu.edu/search?action=search&query=%22Walfrid%20Kujala%22%20flute,Search Project MUSE for humanities scholarship.
SS0438,FM040,Walfrid Kujala,瓦爾弗里德・庫亞拉,proquest,https://www.proquest.com/search?query=%22Walfrid%20Kujala%22%20flute,Search ProQuest for dissertations and scholarly databases; access may require login.
SS0439,FM040,Walfrid Kujala,瓦爾弗里德・庫亞拉,rilm,https://www.rilm.org/,Use RILM Abstracts with the query text; RILM usually requires institutional access.
SS0440,FM040,Walfrid Kujala,瓦爾弗里德・庫亞拉,nfa_site,https://www.google.com/search?q=%22Walfrid%20Kujala%22%20flute%20site%3Anfaonline.org,Search National Flute Association pages and publications.
SS0441,FM041,Donald Peck,唐納德・佩克,google_scholar,https://scholar.google.com/scholar?q=%22Donald%20Peck%22%20flute,"Search Google Scholar for papers, citations and books."
SS0442,FM041,Donald Peck,唐納德・佩克,crossref,https://search.crossref.org/?q=%22Donald%20Peck%22%20flute,Search Crossref for DOI-bearing publications.
SS0443,FM041,Donald Peck,唐納德・佩克,semantic_scholar,https://www.semanticscholar.org/search?q=%22Donald%20Peck%22%20flute&sort=relevance,Search Semantic Scholar for papers and citations.
SS0444,FM041,Donald Peck,唐納德・佩克,worldcat_books,https://search.worldcat.org/search?q=%22Donald%20Peck%22%20flute,"Search WorldCat for books, recordings, theses and library holdings."
SS0445,FM041,Donald Peck,唐納德・佩克,worldcat_dissertations,https://search.worldcat.org/search?q=%22Donald%20Peck%22%20flute%20dissertation%20OR%20thesis,Search WorldCat for thesis/dissertation holdings.
SS0446,FM041,Donald Peck,唐納德・佩克,library_of_congress,https://catalog.loc.gov/vwebv/search?searchArg=%22Donald%20Peck%22%20flute&searchCode=GKEY%5E*&searchType=0,Search Library of Congress catalogue.
SS0447,FM041,Donald Peck,唐納德・佩克,jstor,https://www.jstor.org/action/doBasicSearch?Query=%22Donald%20Peck%22%20flute,Search JSTOR for journals and book chapters.
SS0448,FM041,Donald Peck,唐納德・佩克,project_muse,https://muse.jhu.edu/search?action=search&query=%22Donald%20Peck%22%20flute,Search Project MUSE for humanities scholarship.
SS0449,FM041,Donald Peck,唐納德・佩克,proquest,https://www.proquest.com/search?query=%22Donald%20Peck%22%20flute,Search ProQuest for dissertations and scholarly databases; access may require login.
SS0450,FM041,Donald Peck,唐納德・佩克,rilm,https://www.rilm.org/,Use RILM Abstracts with the query text; RILM usually requires institutional access.
SS0451,FM041,Donald Peck,唐納德・佩克,nfa_site,https://www.google.com/search?q=%22Donald%20Peck%22%20flute%20site%3Anfaonline.org,Search National Flute Association pages and publications.
SS0452,FM042,Jeanne Baxtresser,珍妮・巴克斯特雷瑟,google_scholar,https://scholar.google.com/scholar?q=%22Jeanne%20Baxtresser%22%20flute,"Search Google Scholar for papers, citations and books."
SS0453,FM042,Jeanne Baxtresser,珍妮・巴克斯特雷瑟,crossref,https://search.crossref.org/?q=%22Jeanne%20Baxtresser%22%20flute,Search Crossref for DOI-bearing publications.
SS0454,FM042,Jeanne Baxtresser,珍妮・巴克斯特雷瑟,semantic_scholar,https://www.semanticscholar.org/search?q=%22Jeanne%20Baxtresser%22%20flute&sort=relevance,Search Semantic Scholar for papers and citations.
SS0455,FM042,Jeanne Baxtresser,珍妮・巴克斯特雷瑟,worldcat_books,https://search.worldcat.org/search?q=%22Jeanne%20Baxtresser%22%20flute,"Search WorldCat for books, recordings, theses and library holdings."
SS0456,FM042,Jeanne Baxtresser,珍妮・巴克斯特雷瑟,worldcat_dissertations,https://search.worldcat.org/search?q=%22Jeanne%20Baxtresser%22%20flute%20dissertation%20OR%20thesis,Search WorldCat for thesis/dissertation holdings.
SS0457,FM042,Jeanne Baxtresser,珍妮・巴克斯特雷瑟,library_of_congress,https://catalog.loc.gov/vwebv/search?searchArg=%22Jeanne%20Baxtresser%22%20flute&searchCode=GKEY%5E*&searchType=0,Search Library of Congress catalogue.
SS0458,FM042,Jeanne Baxtresser,珍妮・巴克斯特雷瑟,jstor,https://www.jstor.org/action/doBasicSearch?Query=%22Jeanne%20Baxtresser%22%20flute,Search JSTOR for journals and book chapters.
SS0459,FM042,Jeanne Baxtresser,珍妮・巴克斯特雷瑟,project_muse,https://muse.jhu.edu/search?action=search&query=%22Jeanne%20Baxtresser%22%20flute,Search Project MUSE for humanities scholarship.
SS0460,FM042,Jeanne Baxtresser,珍妮・巴克斯特雷瑟,proquest,https://www.proquest.com/search?query=%22Jeanne%20Baxtresser%22%20flute,Search ProQuest for dissertations and scholarly databases; access may require login.
SS0461,FM042,Jeanne Baxtresser,珍妮・巴克斯特雷瑟,rilm,https://www.rilm.org/,Use RILM Abstracts with the query text; RILM usually requires institutional access.
SS0462,FM042,Jeanne Baxtresser,珍妮・巴克斯特雷瑟,nfa_site,https://www.google.com/search?q=%22Jeanne%20Baxtresser%22%20flute%20site%3Anfaonline.org,Search National Flute Association pages and publications.
SS0463,FM043,Bonita Boyd,博妮塔・博伊德,google_scholar,https://scholar.google.com/scholar?q=%22Bonita%20Boyd%22%20flute,"Search Google Scholar for papers, citations and books."
SS0464,FM043,Bonita Boyd,博妮塔・博伊德,crossref,https://search.crossref.org/?q=%22Bonita%20Boyd%22%20flute,Search Crossref for DOI-bearing publications.
SS0465,FM043,Bonita Boyd,博妮塔・博伊德,semantic_scholar,https://www.semanticscholar.org/search?q=%22Bonita%20Boyd%22%20flute&sort=relevance,Search Semantic Scholar for papers and citations.
SS0466,FM043,Bonita Boyd,博妮塔・博伊德,worldcat_books,https://search.worldcat.org/search?q=%22Bonita%20Boyd%22%20flute,"Search WorldCat for books, recordings, theses and library holdings."
SS0467,FM043,Bonita Boyd,博妮塔・博伊德,worldcat_dissertations,https://search.worldcat.org/search?q=%22Bonita%20Boyd%22%20flute%20dissertation%20OR%20thesis,Search WorldCat for thesis/dissertation holdings.
SS0468,FM043,Bonita Boyd,博妮塔・博伊德,library_of_congress,https://catalog.loc.gov/vwebv/search?searchArg=%22Bonita%20Boyd%22%20flute&searchCode=GKEY%5E*&searchType=0,Search Library of Congress catalogue.
SS0469,FM043,Bonita Boyd,博妮塔・博伊德,jstor,https://www.jstor.org/action/doBasicSearch?Query=%22Bonita%20Boyd%22%20flute,Search JSTOR for journals and book chapters.
SS0470,FM043,Bonita Boyd,博妮塔・博伊德,project_muse,https://muse.jhu.edu/search?action=search&query=%22Bonita%20Boyd%22%20flute,Search Project MUSE for humanities scholarship.
SS0471,FM043,Bonita Boyd,博妮塔・博伊德,proquest,https://www.proquest.com/search?query=%22Bonita%20Boyd%22%20flute,Search ProQuest for dissertations and scholarly databases; access may require login.
SS0472,FM043,Bonita Boyd,博妮塔・博伊德,rilm,https://www.rilm.org/,Use RILM Abstracts with the query text; RILM usually requires institutional access.
SS0473,FM043,Bonita Boyd,博妮塔・博伊德,nfa_site,https://www.google.com/search?q=%22Bonita%20Boyd%22%20flute%20site%3Anfaonline.org,Search National Flute Association pages and publications.
SS0474,FM044,Carol Wincenc,卡羅爾・溫森克,google_scholar,https://scholar.google.com/scholar?q=%22Carol%20Wincenc%22%20flute,"Search Google Scholar for papers, citations and books."
SS0475,FM044,Carol Wincenc,卡羅爾・溫森克,crossref,https://search.crossref.org/?q=%22Carol%20Wincenc%22%20flute,Search Crossref for DOI-bearing publications.
SS0476,FM044,Carol Wincenc,卡羅爾・溫森克,semantic_scholar,https://www.semanticscholar.org/search?q=%22Carol%20Wincenc%22%20flute&sort=relevance,Search Semantic Scholar for papers and citations.
SS0477,FM044,Carol Wincenc,卡羅爾・溫森克,worldcat_books,https://search.worldcat.org/search?q=%22Carol%20Wincenc%22%20flute,"Search WorldCat for books, recordings, theses and library holdings."
SS0478,FM044,Carol Wincenc,卡羅爾・溫森克,worldcat_dissertations,https://search.worldcat.org/search?q=%22Carol%20Wincenc%22%20flute%20dissertation%20OR%20thesis,Search WorldCat for thesis/dissertation holdings.
SS0479,FM044,Carol Wincenc,卡羅爾・溫森克,library_of_congress,https://catalog.loc.gov/vwebv/search?searchArg=%22Carol%20Wincenc%22%20flute&searchCode=GKEY%5E*&searchType=0,Search Library of Congress catalogue.
SS0480,FM044,Carol Wincenc,卡羅爾・溫森克,jstor,https://www.jstor.org/action/doBasicSearch?Query=%22Carol%20Wincenc%22%20flute,Search JSTOR for journals and book chapters.
SS0481,FM044,Carol Wincenc,卡羅爾・溫森克,project_muse,https://muse.jhu.edu/search?action=search&query=%22Carol%20Wincenc%22%20flute,Search Project MUSE for humanities scholarship.
SS0482,FM044,Carol Wincenc,卡羅爾・溫森克,proquest,https://www.proquest.com/search?query=%22Carol%20Wincenc%22%20flute,Search ProQuest for dissertations and scholarly databases; access may require login.
SS0483,FM044,Carol Wincenc,卡羅爾・溫森克,rilm,https://www.rilm.org/,Use RILM Abstracts with the query text; RILM usually requires institutional access.
SS0484,FM044,Carol Wincenc,卡羅爾・溫森克,nfa_site,https://www.google.com/search?q=%22Carol%20Wincenc%22%20flute%20site%3Anfaonline.org,Search National Flute Association pages and publications.
SS0485,FM045,Leone Buyse,萊昂・拜斯,google_scholar,https://scholar.google.com/scholar?q=%22Leone%20Buyse%22%20flute,"Search Google Scholar for papers, citations and books."
SS0486,FM045,Leone Buyse,萊昂・拜斯,crossref,https://search.crossref.org/?q=%22Leone%20Buyse%22%20flute,Search Crossref for DOI-bearing publications.
SS0487,FM045,Leone Buyse,萊昂・拜斯,semantic_scholar,https://www.semanticscholar.org/search?q=%22Leone%20Buyse%22%20flute&sort=relevance,Search Semantic Scholar for papers and citations.
SS0488,FM045,Leone Buyse,萊昂・拜斯,worldcat_books,https://search.worldcat.org/search?q=%22Leone%20Buyse%22%20flute,"Search WorldCat for books, recordings, theses and library holdings."
SS0489,FM045,Leone Buyse,萊昂・拜斯,worldcat_dissertations,https://search.worldcat.org/search?q=%22Leone%20Buyse%22%20flute%20dissertation%20OR%20thesis,Search WorldCat for thesis/dissertation holdings.
SS0490,FM045,Leone Buyse,萊昂・拜斯,library_of_congress,https://catalog.loc.gov/vwebv/search?searchArg=%22Leone%20Buyse%22%20flute&searchCode=GKEY%5E*&searchType=0,Search Library of Congress catalogue.
SS0491,FM045,Leone Buyse,萊昂・拜斯,jstor,https://www.jstor.org/action/doBasicSearch?Query=%22Leone%20Buyse%22%20flute,Search JSTOR for journals and book chapters.
SS0492,FM045,Leone Buyse,萊昂・拜斯,project_muse,https://muse.jhu.edu/search?action=search&query=%22Leone%20Buyse%22%20flute,Search Project MUSE for humanities scholarship.
SS0493,FM045,Leone Buyse,萊昂・拜斯,proquest,https://www.proquest.com/search?query=%22Leone%20Buyse%22%20flute,Search ProQuest for dissertations and scholarly databases; access may require login.
SS0494,FM045,Leone Buyse,萊昂・拜斯,rilm,https://www.rilm.org/,Use RILM Abstracts with the query text; RILM usually requires institutional access.
SS0495,FM045,Leone Buyse,萊昂・拜斯,nfa_site,https://www.google.com/search?q=%22Leone%20Buyse%22%20flute%20site%3Anfaonline.org,Search National Flute Association pages and publications.
SS0496,FM046,Paula Robison,寶拉・羅賓遜,google_scholar,https://scholar.google.com/scholar?q=%22Paula%20Robison%22%20flute,"Search Google Scholar for papers, citations and books."
SS0497,FM046,Paula Robison,寶拉・羅賓遜,crossref,https://search.crossref.org/?q=%22Paula%20Robison%22%20flute,Search Crossref for DOI-bearing publications.
SS0498,FM046,Paula Robison,寶拉・羅賓遜,semantic_scholar,https://www.semanticscholar.org/search?q=%22Paula%20Robison%22%20flute&sort=relevance,Search Semantic Scholar for papers and citations.
SS0499,FM046,Paula Robison,寶拉・羅賓遜,worldcat_books,https://search.worldcat.org/search?q=%22Paula%20Robison%22%20flute,"Search WorldCat for books, recordings, theses and library holdings."
SS0500,FM046,Paula Robison,寶拉・羅賓遜,worldcat_dissertations,https://search.worldcat.org/search?q=%22Paula%20Robison%22%20flute%20dissertation%20OR%20thesis,Search WorldCat for thesis/dissertation holdings.
SS0501,FM046,Paula Robison,寶拉・羅賓遜,library_of_congress,https://catalog.loc.gov/vwebv/search?searchArg=%22Paula%20Robison%22%20flute&searchCode=GKEY%5E*&searchType=0,Search Library of Congress catalogue.
SS0502,FM046,Paula Robison,寶拉・羅賓遜,jstor,https://www.jstor.org/action/doBasicSearch?Query=%22Paula%20Robison%22%20flute,Search JSTOR for journals and book chapters.
SS0503,FM046,Paula Robison,寶拉・羅賓遜,project_muse,https://muse.jhu.edu/search?action=search&query=%22Paula%20Robison%22%20flute,Search Project MUSE for humanities scholarship.
SS0504,FM046,Paula Robison,寶拉・羅賓遜,proquest,https://www.proquest.com/search?query=%22Paula%20Robison%22%20flute,Search ProQuest for dissertations and scholarly databases; access may require login.
SS0505,FM046,Paula Robison,寶拉・羅賓遜,rilm,https://www.rilm.org/,Use RILM Abstracts with the query text; RILM usually requires institutional access.
SS0506,FM046,Paula Robison,寶拉・羅賓遜,nfa_site,https://www.google.com/search?q=%22Paula%20Robison%22%20flute%20site%3Anfaonline.org,Search National Flute Association pages and publications.
SS0507,FM047,Ransom Wilson,蘭森・威爾遜,google_scholar,https://scholar.google.com/scholar?q=%22Ransom%20Wilson%22%20flute,"Search Google Scholar for papers, citations and books."
SS0508,FM047,Ransom Wilson,蘭森・威爾遜,crossref,https://search.crossref.org/?q=%22Ransom%20Wilson%22%20flute,Search Crossref for DOI-bearing publications.
SS0509,FM047,Ransom Wilson,蘭森・威爾遜,semantic_scholar,https://www.semanticscholar.org/search?q=%22Ransom%20Wilson%22%20flute&sort=relevance,Search Semantic Scholar for papers and citations.
SS0510,FM047,Ransom Wilson,蘭森・威爾遜,worldcat_books,https://search.worldcat.org/search?q=%22Ransom%20Wilson%22%20flute,"Search WorldCat for books, recordings, theses and library holdings."
SS0511,FM047,Ransom Wilson,蘭森・威爾遜,worldcat_dissertations,https://search.worldcat.org/search?q=%22Ransom%20Wilson%22%20flute%20dissertation%20OR%20thesis,Search WorldCat for thesis/dissertation holdings.
SS0512,FM047,Ransom Wilson,蘭森・威爾遜,library_of_congress,https://catalog.loc.gov/vwebv/search?searchArg=%22Ransom%20Wilson%22%20flute&searchCode=GKEY%5E*&searchType=0,Search Library of Congress catalogue.
SS0513,FM047,Ransom Wilson,蘭森・威爾遜,jstor,https://www.jstor.org/action/doBasicSearch?Query=%22Ransom%20Wilson%22%20flute,Search JSTOR for journals and book chapters.
SS0514,FM047,Ransom Wilson,蘭森・威爾遜,project_muse,https://muse.jhu.edu/search?action=search&query=%22Ransom%20Wilson%22%20flute,Search Project MUSE for humanities scholarship.
SS0515,FM047,Ransom Wilson,蘭森・威爾遜,proquest,https://www.proquest.com/search?query=%22Ransom%20Wilson%22%20flute,Search ProQuest for dissertations and scholarly databases; access may require login.
SS0516,FM047,Ransom Wilson,蘭森・威爾遜,rilm,https://www.rilm.org/,Use RILM Abstracts with the query text; RILM usually requires institutional access.
SS0517,FM047,Ransom Wilson,蘭森・威爾遜,nfa_site,https://www.google.com/search?q=%22Ransom%20Wilson%22%20flute%20site%3Anfaonline.org,Search National Flute Association pages and publications.
SS0518,FM048,Robert Aitken,羅伯特・艾特肯,google_scholar,https://scholar.google.com/scholar?q=%22Robert%20Aitken%22%20flute,"Search Google Scholar for papers, citations and books."
SS0519,FM048,Robert Aitken,羅伯特・艾特肯,crossref,https://search.crossref.org/?q=%22Robert%20Aitken%22%20flute,Search Crossref for DOI-bearing publications.
SS0520,FM048,Robert Aitken,羅伯特・艾特肯,semantic_scholar,https://www.semanticscholar.org/search?q=%22Robert%20Aitken%22%20flute&sort=relevance,Search Semantic Scholar for papers and citations.
SS0521,FM048,Robert Aitken,羅伯特・艾特肯,worldcat_books,https://search.worldcat.org/search?q=%22Robert%20Aitken%22%20flute,"Search WorldCat for books, recordings, theses and library holdings."
SS0522,FM048,Robert Aitken,羅伯特・艾特肯,worldcat_dissertations,https://search.worldcat.org/search?q=%22Robert%20Aitken%22%20flute%20dissertation%20OR%20thesis,Search WorldCat for thesis/dissertation holdings.
SS0523,FM048,Robert Aitken,羅伯特・艾特肯,library_of_congress,https://catalog.loc.gov/vwebv/search?searchArg=%22Robert%20Aitken%22%20flute&searchCode=GKEY%5E*&searchType=0,Search Library of Congress catalogue.
SS0524,FM048,Robert Aitken,羅伯特・艾特肯,jstor,https://www.jstor.org/action/doBasicSearch?Query=%22Robert%20Aitken%22%20flute,Search JSTOR for journals and book chapters.
SS0525,FM048,Robert Aitken,羅伯特・艾特肯,project_muse,https://muse.jhu.edu/search?action=search&query=%22Robert%20Aitken%22%20flute,Search Project MUSE for humanities scholarship.
SS0526,FM048,Robert Aitken,羅伯特・艾特肯,proquest,https://www.proquest.com/search?query=%22Robert%20Aitken%22%20flute,Search ProQuest for dissertations and scholarly databases; access may require login.
SS0527,FM048,Robert Aitken,羅伯特・艾特肯,rilm,https://www.rilm.org/,Use RILM Abstracts with the query text; RILM usually requires institutional access.
SS0528,FM048,Robert Aitken,羅伯特・艾特肯,nfa_site,https://www.google.com/search?q=%22Robert%20Aitken%22%20flute%20site%3Anfaonline.org,Search National Flute Association pages and publications.
SS0529,FM049,Hubert Laws,休伯特・勞斯,google_scholar,https://scholar.google.com/scholar?q=%22Hubert%20Laws%22%20flute,"Search Google Scholar for papers, citations and books."
SS0530,FM049,Hubert Laws,休伯特・勞斯,crossref,https://search.crossref.org/?q=%22Hubert%20Laws%22%20flute,Search Crossref for DOI-bearing publications.
SS0531,FM049,Hubert Laws,休伯特・勞斯,semantic_scholar,https://www.semanticscholar.org/search?q=%22Hubert%20Laws%22%20flute&sort=relevance,Search Semantic Scholar for papers and citations.
SS0532,FM049,Hubert Laws,休伯特・勞斯,worldcat_books,https://search.worldcat.org/search?q=%22Hubert%20Laws%22%20flute,"Search WorldCat for books, recordings, theses and library holdings."
SS0533,FM049,Hubert Laws,休伯特・勞斯,worldcat_dissertations,https://search.worldcat.org/search?q=%22Hubert%20Laws%22%20flute%20dissertation%20OR%20thesis,Search WorldCat for thesis/dissertation holdings.
SS0534,FM049,Hubert Laws,休伯特・勞斯,library_of_congress,https://catalog.loc.gov/vwebv/search?searchArg=%22Hubert%20Laws%22%20flute&searchCode=GKEY%5E*&searchType=0,Search Library of Congress catalogue.
SS0535,FM049,Hubert Laws,休伯特・勞斯,jstor,https://www.jstor.org/action/doBasicSearch?Query=%22Hubert%20Laws%22%20flute,Search JSTOR for journals and book chapters.
SS0536,FM049,Hubert Laws,休伯特・勞斯,project_muse,https://muse.jhu.edu/search?action=search&query=%22Hubert%20Laws%22%20flute,Search Project MUSE for humanities scholarship.
SS0537,FM049,Hubert Laws,休伯特・勞斯,proquest,https://www.proquest.com/search?query=%22Hubert%20Laws%22%20flute,Search ProQuest for dissertations and scholarly databases; access may require login.
SS0538,FM049,Hubert Laws,休伯特・勞斯,rilm,https://www.rilm.org/,Use RILM Abstracts with the query text; RILM usually requires institutional access.
SS0539,FM049,Hubert Laws,休伯特・勞斯,nfa_site,https://www.google.com/search?q=%22Hubert%20Laws%22%20flute%20site%3Anfaonline.org,Search National Flute Association pages and publications.
SS0540,FM050,James Pellerite,詹姆斯・佩勒賴特,google_scholar,https://scholar.google.com/scholar?q=%22James%20Pellerite%22%20flute,"Search Google Scholar for papers, citations and books."
SS0541,FM050,James Pellerite,詹姆斯・佩勒賴特,crossref,https://search.crossref.org/?q=%22James%20Pellerite%22%20flute,Search Crossref for DOI-bearing publications.
SS0542,FM050,James Pellerite,詹姆斯・佩勒賴特,semantic_scholar,https://www.semanticscholar.org/search?q=%22James%20Pellerite%22%20flute&sort=relevance,Search Semantic Scholar for papers and citations.
SS0543,FM050,James Pellerite,詹姆斯・佩勒賴特,worldcat_books,https://search.worldcat.org/search?q=%22James%20Pellerite%22%20flute,"Search WorldCat for books, recordings, theses and library holdings."
SS0544,FM050,James Pellerite,詹姆斯・佩勒賴特,worldcat_dissertations,https://search.worldcat.org/search?q=%22James%20Pellerite%22%20flute%20dissertation%20OR%20thesis,Search WorldCat for thesis/dissertation holdings.
SS0545,FM050,James Pellerite,詹姆斯・佩勒賴特,library_of_congress,https://catalog.loc.gov/vwebv/search?searchArg=%22James%20Pellerite%22%20flute&searchCode=GKEY%5E*&searchType=0,Search Library of Congress catalogue.
SS0546,FM050,James Pellerite,詹姆斯・佩勒賴特,jstor,https://www.jstor.org/action/doBasicSearch?Query=%22James%20Pellerite%22%20flute,Search JSTOR for journals and book chapters.
SS0547,FM050,James Pellerite,詹姆斯・佩勒賴特,project_muse,https://muse.jhu.edu/search?action=search&query=%22James%20Pellerite%22%20flute,Search Project MUSE for humanities scholarship.
SS0548,FM050,James Pellerite,詹姆斯・佩勒賴特,proquest,https://www.proquest.com/search?query=%22James%20Pellerite%22%20flute,Search ProQuest for dissertations and scholarly databases; access may require login.
SS0549,FM050,James Pellerite,詹姆斯・佩勒賴特,rilm,https://www.rilm.org/,Use RILM Abstracts with the query text; RILM usually requires institutional access.
SS0550,FM050,James Pellerite,詹姆斯・佩勒賴特,nfa_site,https://www.google.com/search?q=%22James%20Pellerite%22%20flute%20site%3Anfaonline.org,Search National Flute Association pages and publications.
SS0551,FM051,Robert Dick,羅伯特・迪克,google_scholar,https://scholar.google.com/scholar?q=%22Robert%20Dick%22%20flute,"Search Google Scholar for papers, citations and books."
SS0552,FM051,Robert Dick,羅伯特・迪克,crossref,https://search.crossref.org/?q=%22Robert%20Dick%22%20flute,Search Crossref for DOI-bearing publications.
SS0553,FM051,Robert Dick,羅伯特・迪克,semantic_scholar,https://www.semanticscholar.org/search?q=%22Robert%20Dick%22%20flute&sort=relevance,Search Semantic Scholar for papers and citations.
SS0554,FM051,Robert Dick,羅伯特・迪克,worldcat_books,https://search.worldcat.org/search?q=%22Robert%20Dick%22%20flute,"Search WorldCat for books, recordings, theses and library holdings."
SS0555,FM051,Robert Dick,羅伯特・迪克,worldcat_dissertations,https://search.worldcat.org/search?q=%22Robert%20Dick%22%20flute%20dissertation%20OR%20thesis,Search WorldCat for thesis/dissertation holdings.
SS0556,FM051,Robert Dick,羅伯特・迪克,library_of_congress,https://catalog.loc.gov/vwebv/search?searchArg=%22Robert%20Dick%22%20flute&searchCode=GKEY%5E*&searchType=0,Search Library of Congress catalogue.
SS0557,FM051,Robert Dick,羅伯特・迪克,jstor,https://www.jstor.org/action/doBasicSearch?Query=%22Robert%20Dick%22%20flute,Search JSTOR for journals and book chapters.
SS0558,FM051,Robert Dick,羅伯特・迪克,project_muse,https://muse.jhu.edu/search?action=search&query=%22Robert%20Dick%22%20flute,Search Project MUSE for humanities scholarship.
SS0559,FM051,Robert Dick,羅伯特・迪克,proquest,https://www.proquest.com/search?query=%22Robert%20Dick%22%20flute,Search ProQuest for dissertations and scholarly databases; access may require login.
SS0560,FM051,Robert Dick,羅伯特・迪克,rilm,https://www.rilm.org/,Use RILM Abstracts with the query text; RILM usually requires institutional access.
SS0561,FM051,Robert Dick,羅伯特・迪克,nfa_site,https://www.google.com/search?q=%22Robert%20Dick%22%20flute%20site%3Anfaonline.org,Search National Flute Association pages and publications.
SS0562,FM052,Harvey Sollberger,哈維・索爾伯格,google_scholar,https://scholar.google.com/scholar?q=%22Harvey%20Sollberger%22%20flute,"Search Google Scholar for papers, citations and books."
SS0563,FM052,Harvey Sollberger,哈維・索爾伯格,crossref,https://search.crossref.org/?q=%22Harvey%20Sollberger%22%20flute,Search Crossref for DOI-bearing publications.
SS0564,FM052,Harvey Sollberger,哈維・索爾伯格,semantic_scholar,https://www.semanticscholar.org/search?q=%22Harvey%20Sollberger%22%20flute&sort=relevance,Search Semantic Scholar for papers and citations.
SS0565,FM052,Harvey Sollberger,哈維・索爾伯格,worldcat_books,https://search.worldcat.org/search?q=%22Harvey%20Sollberger%22%20flute,"Search WorldCat for books, recordings, theses and library holdings."
SS0566,FM052,Harvey Sollberger,哈維・索爾伯格,worldcat_dissertations,https://search.worldcat.org/search?q=%22Harvey%20Sollberger%22%20flute%20dissertation%20OR%20thesis,Search WorldCat for thesis/dissertation holdings.
SS0567,FM052,Harvey Sollberger,哈維・索爾伯格,library_of_congress,https://catalog.loc.gov/vwebv/search?searchArg=%22Harvey%20Sollberger%22%20flute&searchCode=GKEY%5E*&searchType=0,Search Library of Congress catalogue.
SS0568,FM052,Harvey Sollberger,哈維・索爾伯格,jstor,https://www.jstor.org/action/doBasicSearch?Query=%22Harvey%20Sollberger%22%20flute,Search JSTOR for journals and book chapters.
SS0569,FM052,Harvey Sollberger,哈維・索爾伯格,project_muse,https://muse.jhu.edu/search?action=search&query=%22Harvey%20Sollberger%22%20flute,Search Project MUSE for humanities scholarship.
SS0570,FM052,Harvey Sollberger,哈維・索爾伯格,proquest,https://www.proquest.com/search?query=%22Harvey%20Sollberger%22%20flute,Search ProQuest for dissertations and scholarly databases; access may require login.
SS0571,FM052,Harvey Sollberger,哈維・索爾伯格,rilm,https://www.rilm.org/,Use RILM Abstracts with the query text; RILM usually requires institutional access.
SS0572,FM052,Harvey Sollberger,哈維・索爾伯格,nfa_site,https://www.google.com/search?q=%22Harvey%20Sollberger%22%20flute%20site%3Anfaonline.org,Search National Flute Association pages and publications.
SS0573,FM053,András Adorján,安德拉什・阿多揚,google_scholar,https://scholar.google.com/scholar?q=%22Andr%C3%A1s%20Adorj%C3%A1n%22%20flute,"Search Google Scholar for papers, citations and books."
SS0574,FM053,András Adorján,安德拉什・阿多揚,crossref,https://search.crossref.org/?q=%22Andr%C3%A1s%20Adorj%C3%A1n%22%20flute,Search Crossref for DOI-bearing publications.
SS0575,FM053,András Adorján,安德拉什・阿多揚,semantic_scholar,https://www.semanticscholar.org/search?q=%22Andr%C3%A1s%20Adorj%C3%A1n%22%20flute&sort=relevance,Search Semantic Scholar for papers and citations.
SS0576,FM053,András Adorján,安德拉什・阿多揚,worldcat_books,https://search.worldcat.org/search?q=%22Andr%C3%A1s%20Adorj%C3%A1n%22%20flute,"Search WorldCat for books, recordings, theses and library holdings."
SS0577,FM053,András Adorján,安德拉什・阿多揚,worldcat_dissertations,https://search.worldcat.org/search?q=%22Andr%C3%A1s%20Adorj%C3%A1n%22%20flute%20dissertation%20OR%20thesis,Search WorldCat for thesis/dissertation holdings.
SS0578,FM053,András Adorján,安德拉什・阿多揚,library_of_congress,https://catalog.loc.gov/vwebv/search?searchArg=%22Andr%C3%A1s%20Adorj%C3%A1n%22%20flute&searchCode=GKEY%5E*&searchType=0,Search Library of Congress catalogue.
SS0579,FM053,András Adorján,安德拉什・阿多揚,jstor,https://www.jstor.org/action/doBasicSearch?Query=%22Andr%C3%A1s%20Adorj%C3%A1n%22%20flute,Search JSTOR for journals and book chapters.
SS0580,FM053,András Adorján,安德拉什・阿多揚,project_muse,https://muse.jhu.edu/search?action=search&query=%22Andr%C3%A1s%20Adorj%C3%A1n%22%20flute,Search Project MUSE for humanities scholarship.
SS0581,FM053,András Adorján,安德拉什・阿多揚,proquest,https://www.proquest.com/search?query=%22Andr%C3%A1s%20Adorj%C3%A1n%22%20flute,Search ProQuest for dissertations and scholarly databases; access may require login.
SS0582,FM053,András Adorján,安德拉什・阿多揚,rilm,https://www.rilm.org/,Use RILM Abstracts with the query text; RILM usually requires institutional access.
SS0583,FM053,András Adorján,安德拉什・阿多揚,nfa_site,https://www.google.com/search?q=%22Andr%C3%A1s%20Adorj%C3%A1n%22%20flute%20site%3Anfaonline.org,Search National Flute Association pages and publications.
SS0584,FM054,Keith Underwood,基思・安德伍德,google_scholar,https://scholar.google.com/scholar?q=%22Keith%20Underwood%22%20flute,"Search Google Scholar for papers, citations and books."
SS0585,FM054,Keith Underwood,基思・安德伍德,crossref,https://search.crossref.org/?q=%22Keith%20Underwood%22%20flute,Search Crossref for DOI-bearing publications.
SS0586,FM054,Keith Underwood,基思・安德伍德,semantic_scholar,https://www.semanticscholar.org/search?q=%22Keith%20Underwood%22%20flute&sort=relevance,Search Semantic Scholar for papers and citations.
SS0587,FM054,Keith Underwood,基思・安德伍德,worldcat_books,https://search.worldcat.org/search?q=%22Keith%20Underwood%22%20flute,"Search WorldCat for books, recordings, theses and library holdings."
SS0588,FM054,Keith Underwood,基思・安德伍德,worldcat_dissertations,https://search.worldcat.org/search?q=%22Keith%20Underwood%22%20flute%20dissertation%20OR%20thesis,Search WorldCat for thesis/dissertation holdings.
SS0589,FM054,Keith Underwood,基思・安德伍德,library_of_congress,https://catalog.loc.gov/vwebv/search?searchArg=%22Keith%20Underwood%22%20flute&searchCode=GKEY%5E*&searchType=0,Search Library of Congress catalogue.
SS0590,FM054,Keith Underwood,基思・安德伍德,jstor,https://www.jstor.org/action/doBasicSearch?Query=%22Keith%20Underwood%22%20flute,Search JSTOR for journals and book chapters.
SS0591,FM054,Keith Underwood,基思・安德伍德,project_muse,https://muse.jhu.edu/search?action=search&query=%22Keith%20Underwood%22%20flute,Search Project MUSE for humanities scholarship.
SS0592,FM054,Keith Underwood,基思・安德伍德,proquest,https://www.proquest.com/search?query=%22Keith%20Underwood%22%20flute,Search ProQuest for dissertations and scholarly databases; access may require login.
SS0593,FM054,Keith Underwood,基思・安德伍德,rilm,https://www.rilm.org/,Use RILM Abstracts with the query text; RILM usually requires institutional access.
SS0594,FM054,Keith Underwood,基思・安德伍德,nfa_site,https://www.google.com/search?q=%22Keith%20Underwood%22%20flute%20site%3Anfaonline.org,Search National Flute Association pages and publications.
SS0595,FM055,Jim Walker,吉姆・沃克,google_scholar,https://scholar.google.com/scholar?q=%22Jim%20Walker%22%20flute,"Search Google Scholar for papers, citations and books."
SS0596,FM055,Jim Walker,吉姆・沃克,crossref,https://search.crossref.org/?q=%22Jim%20Walker%22%20flute,Search Crossref for DOI-bearing publications.
SS0597,FM055,Jim Walker,吉姆・沃克,semantic_scholar,https://www.semanticscholar.org/search?q=%22Jim%20Walker%22%20flute&sort=relevance,Search Semantic Scholar for papers and citations.
SS0598,FM055,Jim Walker,吉姆・沃克,worldcat_books,https://search.worldcat.org/search?q=%22Jim%20Walker%22%20flute,"Search WorldCat for books, recordings, theses and library holdings."
SS0599,FM055,Jim Walker,吉姆・沃克,worldcat_dissertations,https://search.worldcat.org/search?q=%22Jim%20Walker%22%20flute%20dissertation%20OR%20thesis,Search WorldCat for thesis/dissertation holdings.
SS0600,FM055,Jim Walker,吉姆・沃克,library_of_congress,https://catalog.loc.gov/vwebv/search?searchArg=%22Jim%20Walker%22%20flute&searchCode=GKEY%5E*&searchType=0,Search Library of Congress catalogue.
SS0601,FM055,Jim Walker,吉姆・沃克,jstor,https://www.jstor.org/action/doBasicSearch?Query=%22Jim%20Walker%22%20flute,Search JSTOR for journals and book chapters.
SS0602,FM055,Jim Walker,吉姆・沃克,project_muse,https://muse.jhu.edu/search?action=search&query=%22Jim%20Walker%22%20flute,Search Project MUSE for humanities scholarship.
SS0603,FM055,Jim Walker,吉姆・沃克,proquest,https://www.proquest.com/search?query=%22Jim%20Walker%22%20flute,Search ProQuest for dissertations and scholarly databases; access may require login.
SS0604,FM055,Jim Walker,吉姆・沃克,rilm,https://www.rilm.org/,Use RILM Abstracts with the query text; RILM usually requires institutional access.
SS0605,FM055,Jim Walker,吉姆・沃克,nfa_site,https://www.google.com/search?q=%22Jim%20Walker%22%20flute%20site%3Anfaonline.org,Search National Flute Association pages and publications.
SS0606,FM056,Barthold Kuijken,巴托爾德・奎肯,google_scholar,https://scholar.google.com/scholar?q=%22Barthold%20Kuijken%22%20flute,"Search Google Scholar for papers, citations and books."
SS0607,FM056,Barthold Kuijken,巴托爾德・奎肯,crossref,https://search.crossref.org/?q=%22Barthold%20Kuijken%22%20flute,Search Crossref for DOI-bearing publications.
SS0608,FM056,Barthold Kuijken,巴托爾德・奎肯,semantic_scholar,https://www.semanticscholar.org/search?q=%22Barthold%20Kuijken%22%20flute&sort=relevance,Search Semantic Scholar for papers and citations.
SS0609,FM056,Barthold Kuijken,巴托爾德・奎肯,worldcat_books,https://search.worldcat.org/search?q=%22Barthold%20Kuijken%22%20flute,"Search WorldCat for books, recordings, theses and library holdings."
SS0610,FM056,Barthold Kuijken,巴托爾德・奎肯,worldcat_dissertations,https://search.worldcat.org/search?q=%22Barthold%20Kuijken%22%20flute%20dissertation%20OR%20thesis,Search WorldCat for thesis/dissertation holdings.
SS0611,FM056,Barthold Kuijken,巴托爾德・奎肯,library_of_congress,https://catalog.loc.gov/vwebv/search?searchArg=%22Barthold%20Kuijken%22%20flute&searchCode=GKEY%5E*&searchType=0,Search Library of Congress catalogue.
SS0612,FM056,Barthold Kuijken,巴托爾德・奎肯,jstor,https://www.jstor.org/action/doBasicSearch?Query=%22Barthold%20Kuijken%22%20flute,Search JSTOR for journals and book chapters.
SS0613,FM056,Barthold Kuijken,巴托爾德・奎肯,project_muse,https://muse.jhu.edu/search?action=search&query=%22Barthold%20Kuijken%22%20flute,Search Project MUSE for humanities scholarship.
SS0614,FM056,Barthold Kuijken,巴托爾德・奎肯,proquest,https://www.proquest.com/search?query=%22Barthold%20Kuijken%22%20flute,Search ProQuest for dissertations and scholarly databases; access may require login.
SS0615,FM056,Barthold Kuijken,巴托爾德・奎肯,rilm,https://www.rilm.org/,Use RILM Abstracts with the query text; RILM usually requires institutional access.
SS0616,FM056,Barthold Kuijken,巴托爾德・奎肯,nfa_site,https://www.google.com/search?q=%22Barthold%20Kuijken%22%20flute%20site%3Anfaonline.org,Search National Flute Association pages and publications.
SS0617,FM057,Frans Brüggen,弗蘭斯・布呂根,google_scholar,https://scholar.google.com/scholar?q=%22Frans%20Br%C3%BCggen%22%20flute,"Search Google Scholar for papers, citations and books."
SS0618,FM057,Frans Brüggen,弗蘭斯・布呂根,crossref,https://search.crossref.org/?q=%22Frans%20Br%C3%BCggen%22%20flute,Search Crossref for DOI-bearing publications.
SS0619,FM057,Frans Brüggen,弗蘭斯・布呂根,semantic_scholar,https://www.semanticscholar.org/search?q=%22Frans%20Br%C3%BCggen%22%20flute&sort=relevance,Search Semantic Scholar for papers and citations.
SS0620,FM057,Frans Brüggen,弗蘭斯・布呂根,worldcat_books,https://search.worldcat.org/search?q=%22Frans%20Br%C3%BCggen%22%20flute,"Search WorldCat for books, recordings, theses and library holdings."
SS0621,FM057,Frans Brüggen,弗蘭斯・布呂根,worldcat_dissertations,https://search.worldcat.org/search?q=%22Frans%20Br%C3%BCggen%22%20flute%20dissertation%20OR%20thesis,Search WorldCat for thesis/dissertation holdings.
SS0622,FM057,Frans Brüggen,弗蘭斯・布呂根,library_of_congress,https://catalog.loc.gov/vwebv/search?searchArg=%22Frans%20Br%C3%BCggen%22%20flute&searchCode=GKEY%5E*&searchType=0,Search Library of Congress catalogue.
SS0623,FM057,Frans Brüggen,弗蘭斯・布呂根,jstor,https://www.jstor.org/action/doBasicSearch?Query=%22Frans%20Br%C3%BCggen%22%20flute,Search JSTOR for journals and book chapters.
SS0624,FM057,Frans Brüggen,弗蘭斯・布呂根,project_muse,https://muse.jhu.edu/search?action=search&query=%22Frans%20Br%C3%BCggen%22%20flute,Search Project MUSE for humanities scholarship.
SS0625,FM057,Frans Brüggen,弗蘭斯・布呂根,proquest,https://www.proquest.com/search?query=%22Frans%20Br%C3%BCggen%22%20flute,Search ProQuest for dissertations and scholarly databases; access may require login.
SS0626,FM057,Frans Brüggen,弗蘭斯・布呂根,rilm,https://www.rilm.org/,Use RILM Abstracts with the query text; RILM usually requires institutional access.
SS0627,FM057,Frans Brüggen,弗蘭斯・布呂根,nfa_site,https://www.google.com/search?q=%22Frans%20Br%C3%BCggen%22%20flute%20site%3Anfaonline.org,Search National Flute Association pages and publications.
SS0628,FM058,Stephen Preston,史蒂芬・普雷斯頓,google_scholar,https://scholar.google.com/scholar?q=%22Stephen%20Preston%22%20flute,"Search Google Scholar for papers, citations and books."
SS0629,FM058,Stephen Preston,史蒂芬・普雷斯頓,crossref,https://search.crossref.org/?q=%22Stephen%20Preston%22%20flute,Search Crossref for DOI-bearing publications.
SS0630,FM058,Stephen Preston,史蒂芬・普雷斯頓,semantic_scholar,https://www.semanticscholar.org/search?q=%22Stephen%20Preston%22%20flute&sort=relevance,Search Semantic Scholar for papers and citations.
SS0631,FM058,Stephen Preston,史蒂芬・普雷斯頓,worldcat_books,https://search.worldcat.org/search?q=%22Stephen%20Preston%22%20flute,"Search WorldCat for books, recordings, theses and library holdings."
SS0632,FM058,Stephen Preston,史蒂芬・普雷斯頓,worldcat_dissertations,https://search.worldcat.org/search?q=%22Stephen%20Preston%22%20flute%20dissertation%20OR%20thesis,Search WorldCat for thesis/dissertation holdings.
SS0633,FM058,Stephen Preston,史蒂芬・普雷斯頓,library_of_congress,https://catalog.loc.gov/vwebv/search?searchArg=%22Stephen%20Preston%22%20flute&searchCode=GKEY%5E*&searchType=0,Search Library of Congress catalogue.
SS0634,FM058,Stephen Preston,史蒂芬・普雷斯頓,jstor,https://www.jstor.org/action/doBasicSearch?Query=%22Stephen%20Preston%22%20flute,Search JSTOR for journals and book chapters.
SS0635,FM058,Stephen Preston,史蒂芬・普雷斯頓,project_muse,https://muse.jhu.edu/search?action=search&query=%22Stephen%20Preston%22%20flute,Search Project MUSE for humanities scholarship.
SS0636,FM058,Stephen Preston,史蒂芬・普雷斯頓,proquest,https://www.proquest.com/search?query=%22Stephen%20Preston%22%20flute,Search ProQuest for dissertations and scholarly databases; access may require login.
SS0637,FM058,Stephen Preston,史蒂芬・普雷斯頓,rilm,https://www.rilm.org/,Use RILM Abstracts with the query text; RILM usually requires institutional access.
SS0638,FM058,Stephen Preston,史蒂芬・普雷斯頓,nfa_site,https://www.google.com/search?q=%22Stephen%20Preston%22%20flute%20site%3Anfaonline.org,Search National Flute Association pages and publications.
SS0639,FM059,Wilbert Hazelzet,威爾伯特・哈澤爾澤特,google_scholar,https://scholar.google.com/scholar?q=%22Wilbert%20Hazelzet%22%20flute,"Search Google Scholar for papers, citations and books."
SS0640,FM059,Wilbert Hazelzet,威爾伯特・哈澤爾澤特,crossref,https://search.crossref.org/?q=%22Wilbert%20Hazelzet%22%20flute,Search Crossref for DOI-bearing publications.
SS0641,FM059,Wilbert Hazelzet,威爾伯特・哈澤爾澤特,semantic_scholar,https://www.semanticscholar.org/search?q=%22Wilbert%20Hazelzet%22%20flute&sort=relevance,Search Semantic Scholar for papers and citations.
SS0642,FM059,Wilbert Hazelzet,威爾伯特・哈澤爾澤特,worldcat_books,https://search.worldcat.org/search?q=%22Wilbert%20Hazelzet%22%20flute,"Search WorldCat for books, recordings, theses and library holdings."
SS0643,FM059,Wilbert Hazelzet,威爾伯特・哈澤爾澤特,worldcat_dissertations,https://search.worldcat.org/search?q=%22Wilbert%20Hazelzet%22%20flute%20dissertation%20OR%20thesis,Search WorldCat for thesis/dissertation holdings.
SS0644,FM059,Wilbert Hazelzet,威爾伯特・哈澤爾澤特,library_of_congress,https://catalog.loc.gov/vwebv/search?searchArg=%22Wilbert%20Hazelzet%22%20flute&searchCode=GKEY%5E*&searchType=0,Search Library of Congress catalogue.
SS0645,FM059,Wilbert Hazelzet,威爾伯特・哈澤爾澤特,jstor,https://www.jstor.org/action/doBasicSearch?Query=%22Wilbert%20Hazelzet%22%20flute,Search JSTOR for journals and book chapters.
SS0646,FM059,Wilbert Hazelzet,威爾伯特・哈澤爾澤特,project_muse,https://muse.jhu.edu/search?action=search&query=%22Wilbert%20Hazelzet%22%20flute,Search Project MUSE for humanities scholarship.
SS0647,FM059,Wilbert Hazelzet,威爾伯特・哈澤爾澤特,proquest,https://www.proquest.com/search?query=%22Wilbert%20Hazelzet%22%20flute,Search ProQuest for dissertations and scholarly databases; access may require login.
SS0648,FM059,Wilbert Hazelzet,威爾伯特・哈澤爾澤特,rilm,https://www.rilm.org/,Use RILM Abstracts with the query text; RILM usually requires institutional access.
SS0649,FM059,Wilbert Hazelzet,威爾伯特・哈澤爾澤特,nfa_site,https://www.google.com/search?q=%22Wilbert%20Hazelzet%22%20flute%20site%3Anfaonline.org,Search National Flute Association pages and publications.
SS0650,FM060,Rachel Brown,瑞秋・布朗,google_scholar,https://scholar.google.com/scholar?q=%22Rachel%20Brown%22%20flute,"Search Google Scholar for papers, citations and books."
SS0651,FM060,Rachel Brown,瑞秋・布朗,crossref,https://search.crossref.org/?q=%22Rachel%20Brown%22%20flute,Search Crossref for DOI-bearing publications.
SS0652,FM060,Rachel Brown,瑞秋・布朗,semantic_scholar,https://www.semanticscholar.org/search?q=%22Rachel%20Brown%22%20flute&sort=relevance,Search Semantic Scholar for papers and citations.
SS0653,FM060,Rachel Brown,瑞秋・布朗,worldcat_books,https://search.worldcat.org/search?q=%22Rachel%20Brown%22%20flute,"Search WorldCat for books, recordings, theses and library holdings."
SS0654,FM060,Rachel Brown,瑞秋・布朗,worldcat_dissertations,https://search.worldcat.org/search?q=%22Rachel%20Brown%22%20flute%20dissertation%20OR%20thesis,Search WorldCat for thesis/dissertation holdings.
SS0655,FM060,Rachel Brown,瑞秋・布朗,library_of_congress,https://catalog.loc.gov/vwebv/search?searchArg=%22Rachel%20Brown%22%20flute&searchCode=GKEY%5E*&searchType=0,Search Library of Congress catalogue.
SS0656,FM060,Rachel Brown,瑞秋・布朗,jstor,https://www.jstor.org/action/doBasicSearch?Query=%22Rachel%20Brown%22%20flute,Search JSTOR for journals and book chapters.
SS0657,FM060,Rachel Brown,瑞秋・布朗,project_muse,https://muse.jhu.edu/search?action=search&query=%22Rachel%20Brown%22%20flute,Search Project MUSE for humanities scholarship.
SS0658,FM060,Rachel Brown,瑞秋・布朗,proquest,https://www.proquest.com/search?query=%22Rachel%20Brown%22%20flute,Search ProQuest for dissertations and scholarly databases; access may require login.
SS0659,FM060,Rachel Brown,瑞秋・布朗,rilm,https://www.rilm.org/,Use RILM Abstracts with the query text; RILM usually requires institutional access.
SS0660,FM060,Rachel Brown,瑞秋・布朗,nfa_site,https://www.google.com/search?q=%22Rachel%20Brown%22%20flute%20site%3Anfaonline.org,Search National Flute Association pages and publications.
SS0661,FM061,Lisa Beznosiuk,麗莎・貝茲諾修克,google_scholar,https://scholar.google.com/scholar?q=%22Lisa%20Beznosiuk%22%20flute,"Search Google Scholar for papers, citations and books."
SS0662,FM061,Lisa Beznosiuk,麗莎・貝茲諾修克,crossref,https://search.crossref.org/?q=%22Lisa%20Beznosiuk%22%20flute,Search Crossref for DOI-bearing publications.
SS0663,FM061,Lisa Beznosiuk,麗莎・貝茲諾修克,semantic_scholar,https://www.semanticscholar.org/search?q=%22Lisa%20Beznosiuk%22%20flute&sort=relevance,Search Semantic Scholar for papers and citations.
SS0664,FM061,Lisa Beznosiuk,麗莎・貝茲諾修克,worldcat_books,https://search.worldcat.org/search?q=%22Lisa%20Beznosiuk%22%20flute,"Search WorldCat for books, recordings, theses and library holdings."
SS0665,FM061,Lisa Beznosiuk,麗莎・貝茲諾修克,worldcat_dissertations,https://search.worldcat.org/search?q=%22Lisa%20Beznosiuk%22%20flute%20dissertation%20OR%20thesis,Search WorldCat for thesis/dissertation holdings.
SS0666,FM061,Lisa Beznosiuk,麗莎・貝茲諾修克,library_of_congress,https://catalog.loc.gov/vwebv/search?searchArg=%22Lisa%20Beznosiuk%22%20flute&searchCode=GKEY%5E*&searchType=0,Search Library of Congress catalogue.
SS0667,FM061,Lisa Beznosiuk,麗莎・貝茲諾修克,jstor,https://www.jstor.org/action/doBasicSearch?Query=%22Lisa%20Beznosiuk%22%20flute,Search JSTOR for journals and book chapters.
SS0668,FM061,Lisa Beznosiuk,麗莎・貝茲諾修克,project_muse,https://muse.jhu.edu/search?action=search&query=%22Lisa%20Beznosiuk%22%20flute,Search Project MUSE for humanities scholarship.
SS0669,FM061,Lisa Beznosiuk,麗莎・貝茲諾修克,proquest,https://www.proquest.com/search?query=%22Lisa%20Beznosiuk%22%20flute,Search ProQuest for dissertations and scholarly databases; access may require login.
SS0670,FM061,Lisa Beznosiuk,麗莎・貝茲諾修克,rilm,https://www.rilm.org/,Use RILM Abstracts with the query text; RILM usually requires institutional access.
SS0671,FM061,Lisa Beznosiuk,麗莎・貝茲諾修克,nfa_site,https://www.google.com/search?q=%22Lisa%20Beznosiuk%22%20flute%20site%3Anfaonline.org,Search National Flute Association pages and publications.
SS0672,FM062,Claire Guimond,克萊兒・吉蒙,google_scholar,https://scholar.google.com/scholar?q=%22Claire%20Guimond%22%20flute,"Search Google Scholar for papers, citations and books."
SS0673,FM062,Claire Guimond,克萊兒・吉蒙,crossref,https://search.crossref.org/?q=%22Claire%20Guimond%22%20flute,Search Crossref for DOI-bearing publications.
SS0674,FM062,Claire Guimond,克萊兒・吉蒙,semantic_scholar,https://www.semanticscholar.org/search?q=%22Claire%20Guimond%22%20flute&sort=relevance,Search Semantic Scholar for papers and citations.
SS0675,FM062,Claire Guimond,克萊兒・吉蒙,worldcat_books,https://search.worldcat.org/search?q=%22Claire%20Guimond%22%20flute,"Search WorldCat for books, recordings, theses and library holdings."
SS0676,FM062,Claire Guimond,克萊兒・吉蒙,worldcat_dissertations,https://search.worldcat.org/search?q=%22Claire%20Guimond%22%20flute%20dissertation%20OR%20thesis,Search WorldCat for thesis/dissertation holdings.
SS0677,FM062,Claire Guimond,克萊兒・吉蒙,library_of_congress,https://catalog.loc.gov/vwebv/search?searchArg=%22Claire%20Guimond%22%20flute&searchCode=GKEY%5E*&searchType=0,Search Library of Congress catalogue.
SS0678,FM062,Claire Guimond,克萊兒・吉蒙,jstor,https://www.jstor.org/action/doBasicSearch?Query=%22Claire%20Guimond%22%20flute,Search JSTOR for journals and book chapters.
SS0679,FM062,Claire Guimond,克萊兒・吉蒙,project_muse,https://muse.jhu.edu/search?action=search&query=%22Claire%20Guimond%22%20flute,Search Project MUSE for humanities scholarship.
SS0680,FM062,Claire Guimond,克萊兒・吉蒙,proquest,https://www.proquest.com/search?query=%22Claire%20Guimond%22%20flute,Search ProQuest for dissertations and scholarly databases; access may require login.
SS0681,FM062,Claire Guimond,克萊兒・吉蒙,rilm,https://www.rilm.org/,Use RILM Abstracts with the query text; RILM usually requires institutional access.
SS0682,FM062,Claire Guimond,克萊兒・吉蒙,nfa_site,https://www.google.com/search?q=%22Claire%20Guimond%22%20flute%20site%3Anfaonline.org,Search National Flute Association pages and publications.
SS0683,FM063,Pierre-Yves Artaud,皮耶-伊夫・阿爾托,google_scholar,https://scholar.google.com/scholar?q=%22Pierre-Yves%20Artaud%22%20flute,"Search Google Scholar for papers, citations and books."
SS0684,FM063,Pierre-Yves Artaud,皮耶-伊夫・阿爾托,crossref,https://search.crossref.org/?q=%22Pierre-Yves%20Artaud%22%20flute,Search Crossref for DOI-bearing publications.
SS0685,FM063,Pierre-Yves Artaud,皮耶-伊夫・阿爾托,semantic_scholar,https://www.semanticscholar.org/search?q=%22Pierre-Yves%20Artaud%22%20flute&sort=relevance,Search Semantic Scholar for papers and citations.
SS0686,FM063,Pierre-Yves Artaud,皮耶-伊夫・阿爾托,worldcat_books,https://search.worldcat.org/search?q=%22Pierre-Yves%20Artaud%22%20flute,"Search WorldCat for books, recordings, theses and library holdings."
SS0687,FM063,Pierre-Yves Artaud,皮耶-伊夫・阿爾托,worldcat_dissertations,https://search.worldcat.org/search?q=%22Pierre-Yves%20Artaud%22%20flute%20dissertation%20OR%20thesis,Search WorldCat for thesis/dissertation holdings.
SS0688,FM063,Pierre-Yves Artaud,皮耶-伊夫・阿爾托,library_of_congress,https://catalog.loc.gov/vwebv/search?searchArg=%22Pierre-Yves%20Artaud%22%20flute&searchCode=GKEY%5E*&searchType=0,Search Library of Congress catalogue.
SS0689,FM063,Pierre-Yves Artaud,皮耶-伊夫・阿爾托,jstor,https://www.jstor.org/action/doBasicSearch?Query=%22Pierre-Yves%20Artaud%22%20flute,Search JSTOR for journals and book chapters.
SS0690,FM063,Pierre-Yves Artaud,皮耶-伊夫・阿爾托,project_muse,https://muse.jhu.edu/search?action=search&query=%22Pierre-Yves%20Artaud%22%20flute,Search Project MUSE for humanities scholarship.
SS0691,FM063,Pierre-Yves Artaud,皮耶-伊夫・阿爾托,proquest,https://www.proquest.com/search?query=%22Pierre-Yves%20Artaud%22%20flute,Search ProQuest for dissertations and scholarly databases; access may require login.
SS0692,FM063,Pierre-Yves Artaud,皮耶-伊夫・阿爾托,rilm,https://www.rilm.org/,Use RILM Abstracts with the query text; RILM usually requires institutional access.
SS0693,FM063,Pierre-Yves Artaud,皮耶-伊夫・阿爾托,nfa_site,https://www.google.com/search?q=%22Pierre-Yves%20Artaud%22%20flute%20site%3Anfaonline.org,Search National Flute Association pages and publications.
SS0694,FM064,Patrick Gallois,帕特里克・加洛瓦,google_scholar,https://scholar.google.com/scholar?q=%22Patrick%20Gallois%22%20flute,"Search Google Scholar for papers, citations and books."
SS0695,FM064,Patrick Gallois,帕特里克・加洛瓦,crossref,https://search.crossref.org/?q=%22Patrick%20Gallois%22%20flute,Search Crossref for DOI-bearing publications.
SS0696,FM064,Patrick Gallois,帕特里克・加洛瓦,semantic_scholar,https://www.semanticscholar.org/search?q=%22Patrick%20Gallois%22%20flute&sort=relevance,Search Semantic Scholar for papers and citations.
SS0697,FM064,Patrick Gallois,帕特里克・加洛瓦,worldcat_books,https://search.worldcat.org/search?q=%22Patrick%20Gallois%22%20flute,"Search WorldCat for books, recordings, theses and library holdings."
SS0698,FM064,Patrick Gallois,帕特里克・加洛瓦,worldcat_dissertations,https://search.worldcat.org/search?q=%22Patrick%20Gallois%22%20flute%20dissertation%20OR%20thesis,Search WorldCat for thesis/dissertation holdings.
SS0699,FM064,Patrick Gallois,帕特里克・加洛瓦,library_of_congress,https://catalog.loc.gov/vwebv/search?searchArg=%22Patrick%20Gallois%22%20flute&searchCode=GKEY%5E*&searchType=0,Search Library of Congress catalogue.
SS0700,FM064,Patrick Gallois,帕特里克・加洛瓦,jstor,https://www.jstor.org/action/doBasicSearch?Query=%22Patrick%20Gallois%22%20flute,Search JSTOR for journals and book chapters.
SS0701,FM064,Patrick Gallois,帕特里克・加洛瓦,project_muse,https://muse.jhu.edu/search?action=search&query=%22Patrick%20Gallois%22%20flute,Search Project MUSE for humanities scholarship.
SS0702,FM064,Patrick Gallois,帕特里克・加洛瓦,proquest,https://www.proquest.com/search?query=%22Patrick%20Gallois%22%20flute,Search ProQuest for dissertations and scholarly databases; access may require login.
SS0703,FM064,Patrick Gallois,帕特里克・加洛瓦,rilm,https://www.rilm.org/,Use RILM Abstracts with the query text; RILM usually requires institutional access.
SS0704,FM064,Patrick Gallois,帕特里克・加洛瓦,nfa_site,https://www.google.com/search?q=%22Patrick%20Gallois%22%20flute%20site%3Anfaonline.org,Search National Flute Association pages and publications.
SS0705,FM065,Philippe Bernold,菲利普・貝爾諾,google_scholar,https://scholar.google.com/scholar?q=%22Philippe%20Bernold%22%20flute,"Search Google Scholar for papers, citations and books."
SS0706,FM065,Philippe Bernold,菲利普・貝爾諾,crossref,https://search.crossref.org/?q=%22Philippe%20Bernold%22%20flute,Search Crossref for DOI-bearing publications.
SS0707,FM065,Philippe Bernold,菲利普・貝爾諾,semantic_scholar,https://www.semanticscholar.org/search?q=%22Philippe%20Bernold%22%20flute&sort=relevance,Search Semantic Scholar for papers and citations.
SS0708,FM065,Philippe Bernold,菲利普・貝爾諾,worldcat_books,https://search.worldcat.org/search?q=%22Philippe%20Bernold%22%20flute,"Search WorldCat for books, recordings, theses and library holdings."
SS0709,FM065,Philippe Bernold,菲利普・貝爾諾,worldcat_dissertations,https://search.worldcat.org/search?q=%22Philippe%20Bernold%22%20flute%20dissertation%20OR%20thesis,Search WorldCat for thesis/dissertation holdings.
SS0710,FM065,Philippe Bernold,菲利普・貝爾諾,library_of_congress,https://catalog.loc.gov/vwebv/search?searchArg=%22Philippe%20Bernold%22%20flute&searchCode=GKEY%5E*&searchType=0,Search Library of Congress catalogue.
SS0711,FM065,Philippe Bernold,菲利普・貝爾諾,jstor,https://www.jstor.org/action/doBasicSearch?Query=%22Philippe%20Bernold%22%20flute,Search JSTOR for journals and book chapters.
SS0712,FM065,Philippe Bernold,菲利普・貝爾諾,project_muse,https://muse.jhu.edu/search?action=search&query=%22Philippe%20Bernold%22%20flute,Search Project MUSE for humanities scholarship.
SS0713,FM065,Philippe Bernold,菲利普・貝爾諾,proquest,https://www.proquest.com/search?query=%22Philippe%20Bernold%22%20flute,Search ProQuest for dissertations and scholarly databases; access may require login.
SS0714,FM065,Philippe Bernold,菲利普・貝爾諾,rilm,https://www.rilm.org/,Use RILM Abstracts with the query text; RILM usually requires institutional access.
SS0715,FM065,Philippe Bernold,菲利普・貝爾諾,nfa_site,https://www.google.com/search?q=%22Philippe%20Bernold%22%20flute%20site%3Anfaonline.org,Search National Flute Association pages and publications.
SS0716,FM066,Emmanuel Pahud,艾曼紐・帕胡德,google_scholar,https://scholar.google.com/scholar?q=%22Emmanuel%20Pahud%22%20flute,"Search Google Scholar for papers, citations and books."
SS0717,FM066,Emmanuel Pahud,艾曼紐・帕胡德,crossref,https://search.crossref.org/?q=%22Emmanuel%20Pahud%22%20flute,Search Crossref for DOI-bearing publications.
SS0718,FM066,Emmanuel Pahud,艾曼紐・帕胡德,semantic_scholar,https://www.semanticscholar.org/search?q=%22Emmanuel%20Pahud%22%20flute&sort=relevance,Search Semantic Scholar for papers and citations.
SS0719,FM066,Emmanuel Pahud,艾曼紐・帕胡德,worldcat_books,https://search.worldcat.org/search?q=%22Emmanuel%20Pahud%22%20flute,"Search WorldCat for books, recordings, theses and library holdings."
SS0720,FM066,Emmanuel Pahud,艾曼紐・帕胡德,worldcat_dissertations,https://search.worldcat.org/search?q=%22Emmanuel%20Pahud%22%20flute%20dissertation%20OR%20thesis,Search WorldCat for thesis/dissertation holdings.
SS0721,FM066,Emmanuel Pahud,艾曼紐・帕胡德,library_of_congress,https://catalog.loc.gov/vwebv/search?searchArg=%22Emmanuel%20Pahud%22%20flute&searchCode=GKEY%5E*&searchType=0,Search Library of Congress catalogue.
SS0722,FM066,Emmanuel Pahud,艾曼紐・帕胡德,jstor,https://www.jstor.org/action/doBasicSearch?Query=%22Emmanuel%20Pahud%22%20flute,Search JSTOR for journals and book chapters.
SS0723,FM066,Emmanuel Pahud,艾曼紐・帕胡德,project_muse,https://muse.jhu.edu/search?action=search&query=%22Emmanuel%20Pahud%22%20flute,Search Project MUSE for humanities scholarship.
SS0724,FM066,Emmanuel Pahud,艾曼紐・帕胡德,proquest,https://www.proquest.com/search?query=%22Emmanuel%20Pahud%22%20flute,Search ProQuest for dissertations and scholarly databases; access may require login.
SS0725,FM066,Emmanuel Pahud,艾曼紐・帕胡德,rilm,https://www.rilm.org/,Use RILM Abstracts with the query text; RILM usually requires institutional access.
SS0726,FM066,Emmanuel Pahud,艾曼紐・帕胡德,nfa_site,https://www.google.com/search?q=%22Emmanuel%20Pahud%22%20flute%20site%3Anfaonline.org,Search National Flute Association pages and publications.
SS0727,FM067,Jacques Zoon,雅克・宗,google_scholar,https://scholar.google.com/scholar?q=%22Jacques%20Zoon%22%20flute,"Search Google Scholar for papers, citations and books."
SS0728,FM067,Jacques Zoon,雅克・宗,crossref,https://search.crossref.org/?q=%22Jacques%20Zoon%22%20flute,Search Crossref for DOI-bearing publications.
SS0729,FM067,Jacques Zoon,雅克・宗,semantic_scholar,https://www.semanticscholar.org/search?q=%22Jacques%20Zoon%22%20flute&sort=relevance,Search Semantic Scholar for papers and citations.
SS0730,FM067,Jacques Zoon,雅克・宗,worldcat_books,https://search.worldcat.org/search?q=%22Jacques%20Zoon%22%20flute,"Search WorldCat for books, recordings, theses and library holdings."
SS0731,FM067,Jacques Zoon,雅克・宗,worldcat_dissertations,https://search.worldcat.org/search?q=%22Jacques%20Zoon%22%20flute%20dissertation%20OR%20thesis,Search WorldCat for thesis/dissertation holdings.
SS0732,FM067,Jacques Zoon,雅克・宗,library_of_congress,https://catalog.loc.gov/vwebv/search?searchArg=%22Jacques%20Zoon%22%20flute&searchCode=GKEY%5E*&searchType=0,Search Library of Congress catalogue.
SS0733,FM067,Jacques Zoon,雅克・宗,jstor,https://www.jstor.org/action/doBasicSearch?Query=%22Jacques%20Zoon%22%20flute,Search JSTOR for journals and book chapters.
SS0734,FM067,Jacques Zoon,雅克・宗,project_muse,https://muse.jhu.edu/search?action=search&query=%22Jacques%20Zoon%22%20flute,Search Project MUSE for humanities scholarship.
SS0735,FM067,Jacques Zoon,雅克・宗,proquest,https://www.proquest.com/search?query=%22Jacques%20Zoon%22%20flute,Search ProQuest for dissertations and scholarly databases; access may require login.
SS0736,FM067,Jacques Zoon,雅克・宗,rilm,https://www.rilm.org/,Use RILM Abstracts with the query text; RILM usually requires institutional access.
SS0737,FM067,Jacques Zoon,雅克・宗,nfa_site,https://www.google.com/search?q=%22Jacques%20Zoon%22%20flute%20site%3Anfaonline.org,Search National Flute Association pages and publications.
SS0738,FM068,Marina Piccinini,瑪麗娜・皮奇尼尼,google_scholar,https://scholar.google.com/scholar?q=%22Marina%20Piccinini%22%20flute,"Search Google Scholar for papers, citations and books."
SS0739,FM068,Marina Piccinini,瑪麗娜・皮奇尼尼,crossref,https://search.crossref.org/?q=%22Marina%20Piccinini%22%20flute,Search Crossref for DOI-bearing publications.
SS0740,FM068,Marina Piccinini,瑪麗娜・皮奇尼尼,semantic_scholar,https://www.semanticscholar.org/search?q=%22Marina%20Piccinini%22%20flute&sort=relevance,Search Semantic Scholar for papers and citations.
SS0741,FM068,Marina Piccinini,瑪麗娜・皮奇尼尼,worldcat_books,https://search.worldcat.org/search?q=%22Marina%20Piccinini%22%20flute,"Search WorldCat for books, recordings, theses and library holdings."
SS0742,FM068,Marina Piccinini,瑪麗娜・皮奇尼尼,worldcat_dissertations,https://search.worldcat.org/search?q=%22Marina%20Piccinini%22%20flute%20dissertation%20OR%20thesis,Search WorldCat for thesis/dissertation holdings.
SS0743,FM068,Marina Piccinini,瑪麗娜・皮奇尼尼,library_of_congress,https://catalog.loc.gov/vwebv/search?searchArg=%22Marina%20Piccinini%22%20flute&searchCode=GKEY%5E*&searchType=0,Search Library of Congress catalogue.
SS0744,FM068,Marina Piccinini,瑪麗娜・皮奇尼尼,jstor,https://www.jstor.org/action/doBasicSearch?Query=%22Marina%20Piccinini%22%20flute,Search JSTOR for journals and book chapters.
SS0745,FM068,Marina Piccinini,瑪麗娜・皮奇尼尼,project_muse,https://muse.jhu.edu/search?action=search&query=%22Marina%20Piccinini%22%20flute,Search Project MUSE for humanities scholarship.
SS0746,FM068,Marina Piccinini,瑪麗娜・皮奇尼尼,proquest,https://www.proquest.com/search?query=%22Marina%20Piccinini%22%20flute,Search ProQuest for dissertations and scholarly databases; access may require login.
SS0747,FM068,Marina Piccinini,瑪麗娜・皮奇尼尼,rilm,https://www.rilm.org/,Use RILM Abstracts with the query text; RILM usually requires institutional access.
SS0748,FM068,Marina Piccinini,瑪麗娜・皮奇尼尼,nfa_site,https://www.google.com/search?q=%22Marina%20Piccinini%22%20flute%20site%3Anfaonline.org,Search National Flute Association pages and publications.
SS0749,FM069,Sharon Bezaly,莎朗・貝扎利,google_scholar,https://scholar.google.com/scholar?q=%22Sharon%20Bezaly%22%20flute,"Search Google Scholar for papers, citations and books."
SS0750,FM069,Sharon Bezaly,莎朗・貝扎利,crossref,https://search.crossref.org/?q=%22Sharon%20Bezaly%22%20flute,Search Crossref for DOI-bearing publications.
SS0751,FM069,Sharon Bezaly,莎朗・貝扎利,semantic_scholar,https://www.semanticscholar.org/search?q=%22Sharon%20Bezaly%22%20flute&sort=relevance,Search Semantic Scholar for papers and citations.
SS0752,FM069,Sharon Bezaly,莎朗・貝扎利,worldcat_books,https://search.worldcat.org/search?q=%22Sharon%20Bezaly%22%20flute,"Search WorldCat for books, recordings, theses and library holdings."
SS0753,FM069,Sharon Bezaly,莎朗・貝扎利,worldcat_dissertations,https://search.worldcat.org/search?q=%22Sharon%20Bezaly%22%20flute%20dissertation%20OR%20thesis,Search WorldCat for thesis/dissertation holdings.
SS0754,FM069,Sharon Bezaly,莎朗・貝扎利,library_of_congress,https://catalog.loc.gov/vwebv/search?searchArg=%22Sharon%20Bezaly%22%20flute&searchCode=GKEY%5E*&searchType=0,Search Library of Congress catalogue.
SS0755,FM069,Sharon Bezaly,莎朗・貝扎利,jstor,https://www.jstor.org/action/doBasicSearch?Query=%22Sharon%20Bezaly%22%20flute,Search JSTOR for journals and book chapters.
SS0756,FM069,Sharon Bezaly,莎朗・貝扎利,project_muse,https://muse.jhu.edu/search?action=search&query=%22Sharon%20Bezaly%22%20flute,Search Project MUSE for humanities scholarship.
SS0757,FM069,Sharon Bezaly,莎朗・貝扎利,proquest,https://www.proquest.com/search?query=%22Sharon%20Bezaly%22%20flute,Search ProQuest for dissertations and scholarly databases; access may require login.
SS0758,FM069,Sharon Bezaly,莎朗・貝扎利,rilm,https://www.rilm.org/,Use RILM Abstracts with the query text; RILM usually requires institutional access.
SS0759,FM069,Sharon Bezaly,莎朗・貝扎利,nfa_site,https://www.google.com/search?q=%22Sharon%20Bezaly%22%20flute%20site%3Anfaonline.org,Search National Flute Association pages and publications.
SS0760,FM070,Denis Bouriakov,丹尼斯・布里亞科夫,google_scholar,https://scholar.google.com/scholar?q=%22Denis%20Bouriakov%22%20flute,"Search Google Scholar for papers, citations and books."
SS0761,FM070,Denis Bouriakov,丹尼斯・布里亞科夫,crossref,https://search.crossref.org/?q=%22Denis%20Bouriakov%22%20flute,Search Crossref for DOI-bearing publications.
SS0762,FM070,Denis Bouriakov,丹尼斯・布里亞科夫,semantic_scholar,https://www.semanticscholar.org/search?q=%22Denis%20Bouriakov%22%20flute&sort=relevance,Search Semantic Scholar for papers and citations.
SS0763,FM070,Denis Bouriakov,丹尼斯・布里亞科夫,worldcat_books,https://search.worldcat.org/search?q=%22Denis%20Bouriakov%22%20flute,"Search WorldCat for books, recordings, theses and library holdings."
SS0764,FM070,Denis Bouriakov,丹尼斯・布里亞科夫,worldcat_dissertations,https://search.worldcat.org/search?q=%22Denis%20Bouriakov%22%20flute%20dissertation%20OR%20thesis,Search WorldCat for thesis/dissertation holdings.
SS0765,FM070,Denis Bouriakov,丹尼斯・布里亞科夫,library_of_congress,https://catalog.loc.gov/vwebv/search?searchArg=%22Denis%20Bouriakov%22%20flute&searchCode=GKEY%5E*&searchType=0,Search Library of Congress catalogue.
SS0766,FM070,Denis Bouriakov,丹尼斯・布里亞科夫,jstor,https://www.jstor.org/action/doBasicSearch?Query=%22Denis%20Bouriakov%22%20flute,Search JSTOR for journals and book chapters.
SS0767,FM070,Denis Bouriakov,丹尼斯・布里亞科夫,project_muse,https://muse.jhu.edu/search?action=search&query=%22Denis%20Bouriakov%22%20flute,Search Project MUSE for humanities scholarship.
SS0768,FM070,Denis Bouriakov,丹尼斯・布里亞科夫,proquest,https://www.proquest.com/search?query=%22Denis%20Bouriakov%22%20flute,Search ProQuest for dissertations and scholarly databases; access may require login.
SS0769,FM070,Denis Bouriakov,丹尼斯・布里亞科夫,rilm,https://www.rilm.org/,Use RILM Abstracts with the query text; RILM usually requires institutional access.
SS0770,FM070,Denis Bouriakov,丹尼斯・布里亞科夫,nfa_site,https://www.google.com/search?q=%22Denis%20Bouriakov%22%20flute%20site%3Anfaonline.org,Search National Flute Association pages and publications.
SS0771,FM071,Andrea Lieberknecht,安德烈亞・利伯克內希特,google_scholar,https://scholar.google.com/scholar?q=%22Andrea%20Lieberknecht%22%20flute,"Search Google Scholar for papers, citations and books."
SS0772,FM071,Andrea Lieberknecht,安德烈亞・利伯克內希特,crossref,https://search.crossref.org/?q=%22Andrea%20Lieberknecht%22%20flute,Search Crossref for DOI-bearing publications.
SS0773,FM071,Andrea Lieberknecht,安德烈亞・利伯克內希特,semantic_scholar,https://www.semanticscholar.org/search?q=%22Andrea%20Lieberknecht%22%20flute&sort=relevance,Search Semantic Scholar for papers and citations.
SS0774,FM071,Andrea Lieberknecht,安德烈亞・利伯克內希特,worldcat_books,https://search.worldcat.org/search?q=%22Andrea%20Lieberknecht%22%20flute,"Search WorldCat for books, recordings, theses and library holdings."
SS0775,FM071,Andrea Lieberknecht,安德烈亞・利伯克內希特,worldcat_dissertations,https://search.worldcat.org/search?q=%22Andrea%20Lieberknecht%22%20flute%20dissertation%20OR%20thesis,Search WorldCat for thesis/dissertation holdings.
SS0776,FM071,Andrea Lieberknecht,安德烈亞・利伯克內希特,library_of_congress,https://catalog.loc.gov/vwebv/search?searchArg=%22Andrea%20Lieberknecht%22%20flute&searchCode=GKEY%5E*&searchType=0,Search Library of Congress catalogue.
SS0777,FM071,Andrea Lieberknecht,安德烈亞・利伯克內希特,jstor,https://www.jstor.org/action/doBasicSearch?Query=%22Andrea%20Lieberknecht%22%20flute,Search JSTOR for journals and book chapters.
SS0778,FM071,Andrea Lieberknecht,安德烈亞・利伯克內希特,project_muse,https://muse.jhu.edu/search?action=search&query=%22Andrea%20Lieberknecht%22%20flute,Search Project MUSE for humanities scholarship.
SS0779,FM071,Andrea Lieberknecht,安德烈亞・利伯克內希特,proquest,https://www.proquest.com/search?query=%22Andrea%20Lieberknecht%22%20flute,Search ProQuest for dissertations and scholarly databases; access may require login.
SS0780,FM071,Andrea Lieberknecht,安德烈亞・利伯克內希特,rilm,https://www.rilm.org/,Use RILM Abstracts with the query text; RILM usually requires institutional access.
SS0781,FM071,Andrea Lieberknecht,安德烈亞・利伯克內希特,nfa_site,https://www.google.com/search?q=%22Andrea%20Lieberknecht%22%20flute%20site%3Anfaonline.org,Search National Flute Association pages and publications.
SS0782,FM072,Felix Renggli,菲利克斯・倫格利,google_scholar,https://scholar.google.com/scholar?q=%22Felix%20Renggli%22%20flute,"Search Google Scholar for papers, citations and books."
SS0783,FM072,Felix Renggli,菲利克斯・倫格利,crossref,https://search.crossref.org/?q=%22Felix%20Renggli%22%20flute,Search Crossref for DOI-bearing publications.
SS0784,FM072,Felix Renggli,菲利克斯・倫格利,semantic_scholar,https://www.semanticscholar.org/search?q=%22Felix%20Renggli%22%20flute&sort=relevance,Search Semantic Scholar for papers and citations.
SS0785,FM072,Felix Renggli,菲利克斯・倫格利,worldcat_books,https://search.worldcat.org/search?q=%22Felix%20Renggli%22%20flute,"Search WorldCat for books, recordings, theses and library holdings."
SS0786,FM072,Felix Renggli,菲利克斯・倫格利,worldcat_dissertations,https://search.worldcat.org/search?q=%22Felix%20Renggli%22%20flute%20dissertation%20OR%20thesis,Search WorldCat for thesis/dissertation holdings.
SS0787,FM072,Felix Renggli,菲利克斯・倫格利,library_of_congress,https://catalog.loc.gov/vwebv/search?searchArg=%22Felix%20Renggli%22%20flute&searchCode=GKEY%5E*&searchType=0,Search Library of Congress catalogue.
SS0788,FM072,Felix Renggli,菲利克斯・倫格利,jstor,https://www.jstor.org/action/doBasicSearch?Query=%22Felix%20Renggli%22%20flute,Search JSTOR for journals and book chapters.
SS0789,FM072,Felix Renggli,菲利克斯・倫格利,project_muse,https://muse.jhu.edu/search?action=search&query=%22Felix%20Renggli%22%20flute,Search Project MUSE for humanities scholarship.
SS0790,FM072,Felix Renggli,菲利克斯・倫格利,proquest,https://www.proquest.com/search?query=%22Felix%20Renggli%22%20flute,Search ProQuest for dissertations and scholarly databases; access may require login.
SS0791,FM072,Felix Renggli,菲利克斯・倫格利,rilm,https://www.rilm.org/,Use RILM Abstracts with the query text; RILM usually requires institutional access.
SS0792,FM072,Felix Renggli,菲利克斯・倫格利,nfa_site,https://www.google.com/search?q=%22Felix%20Renggli%22%20flute%20site%3Anfaonline.org,Search National Flute Association pages and publications.
SS0793,FM073,Emily Beynon,艾蜜莉・貝農,google_scholar,https://scholar.google.com/scholar?q=%22Emily%20Beynon%22%20flute,"Search Google Scholar for papers, citations and books."
SS0794,FM073,Emily Beynon,艾蜜莉・貝農,crossref,https://search.crossref.org/?q=%22Emily%20Beynon%22%20flute,Search Crossref for DOI-bearing publications.
SS0795,FM073,Emily Beynon,艾蜜莉・貝農,semantic_scholar,https://www.semanticscholar.org/search?q=%22Emily%20Beynon%22%20flute&sort=relevance,Search Semantic Scholar for papers and citations.
SS0796,FM073,Emily Beynon,艾蜜莉・貝農,worldcat_books,https://search.worldcat.org/search?q=%22Emily%20Beynon%22%20flute,"Search WorldCat for books, recordings, theses and library holdings."
SS0797,FM073,Emily Beynon,艾蜜莉・貝農,worldcat_dissertations,https://search.worldcat.org/search?q=%22Emily%20Beynon%22%20flute%20dissertation%20OR%20thesis,Search WorldCat for thesis/dissertation holdings.
SS0798,FM073,Emily Beynon,艾蜜莉・貝農,library_of_congress,https://catalog.loc.gov/vwebv/search?searchArg=%22Emily%20Beynon%22%20flute&searchCode=GKEY%5E*&searchType=0,Search Library of Congress catalogue.
SS0799,FM073,Emily Beynon,艾蜜莉・貝農,jstor,https://www.jstor.org/action/doBasicSearch?Query=%22Emily%20Beynon%22%20flute,Search JSTOR for journals and book chapters.
SS0800,FM073,Emily Beynon,艾蜜莉・貝農,project_muse,https://muse.jhu.edu/search?action=search&query=%22Emily%20Beynon%22%20flute,Search Project MUSE for humanities scholarship.
SS0801,FM073,Emily Beynon,艾蜜莉・貝農,proquest,https://www.proquest.com/search?query=%22Emily%20Beynon%22%20flute,Search ProQuest for dissertations and scholarly databases; access may require login.
SS0802,FM073,Emily Beynon,艾蜜莉・貝農,rilm,https://www.rilm.org/,Use RILM Abstracts with the query text; RILM usually requires institutional access.
SS0803,FM073,Emily Beynon,艾蜜莉・貝農,nfa_site,https://www.google.com/search?q=%22Emily%20Beynon%22%20flute%20site%3Anfaonline.org,Search National Flute Association pages and publications.
SS0804,FM074,Susan Milan,蘇珊・米蘭,google_scholar,https://scholar.google.com/scholar?q=%22Susan%20Milan%22%20flute,"Search Google Scholar for papers, citations and books."
SS0805,FM074,Susan Milan,蘇珊・米蘭,crossref,https://search.crossref.org/?q=%22Susan%20Milan%22%20flute,Search Crossref for DOI-bearing publications.
SS0806,FM074,Susan Milan,蘇珊・米蘭,semantic_scholar,https://www.semanticscholar.org/search?q=%22Susan%20Milan%22%20flute&sort=relevance,Search Semantic Scholar for papers and citations.
SS0807,FM074,Susan Milan,蘇珊・米蘭,worldcat_books,https://search.worldcat.org/search?q=%22Susan%20Milan%22%20flute,"Search WorldCat for books, recordings, theses and library holdings."
SS0808,FM074,Susan Milan,蘇珊・米蘭,worldcat_dissertations,https://search.worldcat.org/search?q=%22Susan%20Milan%22%20flute%20dissertation%20OR%20thesis,Search WorldCat for thesis/dissertation holdings.
SS0809,FM074,Susan Milan,蘇珊・米蘭,library_of_congress,https://catalog.loc.gov/vwebv/search?searchArg=%22Susan%20Milan%22%20flute&searchCode=GKEY%5E*&searchType=0,Search Library of Congress catalogue.
SS0810,FM074,Susan Milan,蘇珊・米蘭,jstor,https://www.jstor.org/action/doBasicSearch?Query=%22Susan%20Milan%22%20flute,Search JSTOR for journals and book chapters.
SS0811,FM074,Susan Milan,蘇珊・米蘭,project_muse,https://muse.jhu.edu/search?action=search&query=%22Susan%20Milan%22%20flute,Search Project MUSE for humanities scholarship.
SS0812,FM074,Susan Milan,蘇珊・米蘭,proquest,https://www.proquest.com/search?query=%22Susan%20Milan%22%20flute,Search ProQuest for dissertations and scholarly databases; access may require login.
SS0813,FM074,Susan Milan,蘇珊・米蘭,rilm,https://www.rilm.org/,Use RILM Abstracts with the query text; RILM usually requires institutional access.
SS0814,FM074,Susan Milan,蘇珊・米蘭,nfa_site,https://www.google.com/search?q=%22Susan%20Milan%22%20flute%20site%3Anfaonline.org,Search National Flute Association pages and publications.
SS0815,FM075,Wissam Boustany,威薩姆・布斯塔尼,google_scholar,https://scholar.google.com/scholar?q=%22Wissam%20Boustany%22%20flute,"Search Google Scholar for papers, citations and books."
SS0816,FM075,Wissam Boustany,威薩姆・布斯塔尼,crossref,https://search.crossref.org/?q=%22Wissam%20Boustany%22%20flute,Search Crossref for DOI-bearing publications.
SS0817,FM075,Wissam Boustany,威薩姆・布斯塔尼,semantic_scholar,https://www.semanticscholar.org/search?q=%22Wissam%20Boustany%22%20flute&sort=relevance,Search Semantic Scholar for papers and citations.
SS0818,FM075,Wissam Boustany,威薩姆・布斯塔尼,worldcat_books,https://search.worldcat.org/search?q=%22Wissam%20Boustany%22%20flute,"Search WorldCat for books, recordings, theses and library holdings."
SS0819,FM075,Wissam Boustany,威薩姆・布斯塔尼,worldcat_dissertations,https://search.worldcat.org/search?q=%22Wissam%20Boustany%22%20flute%20dissertation%20OR%20thesis,Search WorldCat for thesis/dissertation holdings.
SS0820,FM075,Wissam Boustany,威薩姆・布斯塔尼,library_of_congress,https://catalog.loc.gov/vwebv/search?searchArg=%22Wissam%20Boustany%22%20flute&searchCode=GKEY%5E*&searchType=0,Search Library of Congress catalogue.
SS0821,FM075,Wissam Boustany,威薩姆・布斯塔尼,jstor,https://www.jstor.org/action/doBasicSearch?Query=%22Wissam%20Boustany%22%20flute,Search JSTOR for journals and book chapters.
SS0822,FM075,Wissam Boustany,威薩姆・布斯塔尼,project_muse,https://muse.jhu.edu/search?action=search&query=%22Wissam%20Boustany%22%20flute,Search Project MUSE for humanities scholarship.
SS0823,FM075,Wissam Boustany,威薩姆・布斯塔尼,proquest,https://www.proquest.com/search?query=%22Wissam%20Boustany%22%20flute,Search ProQuest for dissertations and scholarly databases; access may require login.
SS0824,FM075,Wissam Boustany,威薩姆・布斯塔尼,rilm,https://www.rilm.org/,Use RILM Abstracts with the query text; RILM usually requires institutional access.
SS0825,FM075,Wissam Boustany,威薩姆・布斯塔尼,nfa_site,https://www.google.com/search?q=%22Wissam%20Boustany%22%20flute%20site%3Anfaonline.org,Search National Flute Association pages and publications.
SS0826,FM076,Gareth Davies,加雷斯・戴維斯,google_scholar,https://scholar.google.com/scholar?q=%22Gareth%20Davies%22%20flute,"Search Google Scholar for papers, citations and books."
SS0827,FM076,Gareth Davies,加雷斯・戴維斯,crossref,https://search.crossref.org/?q=%22Gareth%20Davies%22%20flute,Search Crossref for DOI-bearing publications.
SS0828,FM076,Gareth Davies,加雷斯・戴維斯,semantic_scholar,https://www.semanticscholar.org/search?q=%22Gareth%20Davies%22%20flute&sort=relevance,Search Semantic Scholar for papers and citations.
SS0829,FM076,Gareth Davies,加雷斯・戴維斯,worldcat_books,https://search.worldcat.org/search?q=%22Gareth%20Davies%22%20flute,"Search WorldCat for books, recordings, theses and library holdings."
SS0830,FM076,Gareth Davies,加雷斯・戴維斯,worldcat_dissertations,https://search.worldcat.org/search?q=%22Gareth%20Davies%22%20flute%20dissertation%20OR%20thesis,Search WorldCat for thesis/dissertation holdings.
SS0831,FM076,Gareth Davies,加雷斯・戴維斯,library_of_congress,https://catalog.loc.gov/vwebv/search?searchArg=%22Gareth%20Davies%22%20flute&searchCode=GKEY%5E*&searchType=0,Search Library of Congress catalogue.
SS0832,FM076,Gareth Davies,加雷斯・戴維斯,jstor,https://www.jstor.org/action/doBasicSearch?Query=%22Gareth%20Davies%22%20flute,Search JSTOR for journals and book chapters.
SS0833,FM076,Gareth Davies,加雷斯・戴維斯,project_muse,https://muse.jhu.edu/search?action=search&query=%22Gareth%20Davies%22%20flute,Search Project MUSE for humanities scholarship.
SS0834,FM076,Gareth Davies,加雷斯・戴維斯,proquest,https://www.proquest.com/search?query=%22Gareth%20Davies%22%20flute,Search ProQuest for dissertations and scholarly databases; access may require login.
SS0835,FM076,Gareth Davies,加雷斯・戴維斯,rilm,https://www.rilm.org/,Use RILM Abstracts with the query text; RILM usually requires institutional access.
SS0836,FM076,Gareth Davies,加雷斯・戴維斯,nfa_site,https://www.google.com/search?q=%22Gareth%20Davies%22%20flute%20site%3Anfaonline.org,Search National Flute Association pages and publications.
SS0837,FM077,Adam Walker,亞當・沃克,google_scholar,https://scholar.google.com/scholar?q=%22Adam%20Walker%22%20flute,"Search Google Scholar for papers, citations and books."
SS0838,FM077,Adam Walker,亞當・沃克,crossref,https://search.crossref.org/?q=%22Adam%20Walker%22%20flute,Search Crossref for DOI-bearing publications.
SS0839,FM077,Adam Walker,亞當・沃克,semantic_scholar,https://www.semanticscholar.org/search?q=%22Adam%20Walker%22%20flute&sort=relevance,Search Semantic Scholar for papers and citations.
SS0840,FM077,Adam Walker,亞當・沃克,worldcat_books,https://search.worldcat.org/search?q=%22Adam%20Walker%22%20flute,"Search WorldCat for books, recordings, theses and library holdings."
SS0841,FM077,Adam Walker,亞當・沃克,worldcat_dissertations,https://search.worldcat.org/search?q=%22Adam%20Walker%22%20flute%20dissertation%20OR%20thesis,Search WorldCat for thesis/dissertation holdings.
SS0842,FM077,Adam Walker,亞當・沃克,library_of_congress,https://catalog.loc.gov/vwebv/search?searchArg=%22Adam%20Walker%22%20flute&searchCode=GKEY%5E*&searchType=0,Search Library of Congress catalogue.
SS0843,FM077,Adam Walker,亞當・沃克,jstor,https://www.jstor.org/action/doBasicSearch?Query=%22Adam%20Walker%22%20flute,Search JSTOR for journals and book chapters.
SS0844,FM077,Adam Walker,亞當・沃克,project_muse,https://muse.jhu.edu/search?action=search&query=%22Adam%20Walker%22%20flute,Search Project MUSE for humanities scholarship.
SS0845,FM077,Adam Walker,亞當・沃克,proquest,https://www.proquest.com/search?query=%22Adam%20Walker%22%20flute,Search ProQuest for dissertations and scholarly databases; access may require login.
SS0846,FM077,Adam Walker,亞當・沃克,rilm,https://www.rilm.org/,Use RILM Abstracts with the query text; RILM usually requires institutional access.
SS0847,FM077,Adam Walker,亞當・沃克,nfa_site,https://www.google.com/search?q=%22Adam%20Walker%22%20flute%20site%3Anfaonline.org,Search National Flute Association pages and publications.
SS0848,FM078,Lorna McGhee,洛娜・麥吉,google_scholar,https://scholar.google.com/scholar?q=%22Lorna%20McGhee%22%20flute,"Search Google Scholar for papers, citations and books."
SS0849,FM078,Lorna McGhee,洛娜・麥吉,crossref,https://search.crossref.org/?q=%22Lorna%20McGhee%22%20flute,Search Crossref for DOI-bearing publications.
SS0850,FM078,Lorna McGhee,洛娜・麥吉,semantic_scholar,https://www.semanticscholar.org/search?q=%22Lorna%20McGhee%22%20flute&sort=relevance,Search Semantic Scholar for papers and citations.
SS0851,FM078,Lorna McGhee,洛娜・麥吉,worldcat_books,https://search.worldcat.org/search?q=%22Lorna%20McGhee%22%20flute,"Search WorldCat for books, recordings, theses and library holdings."
SS0852,FM078,Lorna McGhee,洛娜・麥吉,worldcat_dissertations,https://search.worldcat.org/search?q=%22Lorna%20McGhee%22%20flute%20dissertation%20OR%20thesis,Search WorldCat for thesis/dissertation holdings.
SS0853,FM078,Lorna McGhee,洛娜・麥吉,library_of_congress,https://catalog.loc.gov/vwebv/search?searchArg=%22Lorna%20McGhee%22%20flute&searchCode=GKEY%5E*&searchType=0,Search Library of Congress catalogue.
SS0854,FM078,Lorna McGhee,洛娜・麥吉,jstor,https://www.jstor.org/action/doBasicSearch?Query=%22Lorna%20McGhee%22%20flute,Search JSTOR for journals and book chapters.
SS0855,FM078,Lorna McGhee,洛娜・麥吉,project_muse,https://muse.jhu.edu/search?action=search&query=%22Lorna%20McGhee%22%20flute,Search Project MUSE for humanities scholarship.
SS0856,FM078,Lorna McGhee,洛娜・麥吉,proquest,https://www.proquest.com/search?query=%22Lorna%20McGhee%22%20flute,Search ProQuest for dissertations and scholarly databases; access may require login.
SS0857,FM078,Lorna McGhee,洛娜・麥吉,rilm,https://www.rilm.org/,Use RILM Abstracts with the query text; RILM usually requires institutional access.
SS0858,FM078,Lorna McGhee,洛娜・麥吉,nfa_site,https://www.google.com/search?q=%22Lorna%20McGhee%22%20flute%20site%3Anfaonline.org,Search National Flute Association pages and publications.
SS0859,FM079,Paul Edmund-Davies,保羅・艾德蒙-戴維斯,google_scholar,https://scholar.google.com/scholar?q=%22Paul%20Edmund-Davies%22%20flute,"Search Google Scholar for papers, citations and books."
SS0860,FM079,Paul Edmund-Davies,保羅・艾德蒙-戴維斯,crossref,https://search.crossref.org/?q=%22Paul%20Edmund-Davies%22%20flute,Search Crossref for DOI-bearing publications.
SS0861,FM079,Paul Edmund-Davies,保羅・艾德蒙-戴維斯,semantic_scholar,https://www.semanticscholar.org/search?q=%22Paul%20Edmund-Davies%22%20flute&sort=relevance,Search Semantic Scholar for papers and citations.
SS0862,FM079,Paul Edmund-Davies,保羅・艾德蒙-戴維斯,worldcat_books,https://search.worldcat.org/search?q=%22Paul%20Edmund-Davies%22%20flute,"Search WorldCat for books, recordings, theses and library holdings."
SS0863,FM079,Paul Edmund-Davies,保羅・艾德蒙-戴維斯,worldcat_dissertations,https://search.worldcat.org/search?q=%22Paul%20Edmund-Davies%22%20flute%20dissertation%20OR%20thesis,Search WorldCat for thesis/dissertation holdings.
SS0864,FM079,Paul Edmund-Davies,保羅・艾德蒙-戴維斯,library_of_congress,https://catalog.loc.gov/vwebv/search?searchArg=%22Paul%20Edmund-Davies%22%20flute&searchCode=GKEY%5E*&searchType=0,Search Library of Congress catalogue.
SS0865,FM079,Paul Edmund-Davies,保羅・艾德蒙-戴維斯,jstor,https://www.jstor.org/action/doBasicSearch?Query=%22Paul%20Edmund-Davies%22%20flute,Search JSTOR for journals and book chapters.
SS0866,FM079,Paul Edmund-Davies,保羅・艾德蒙-戴維斯,project_muse,https://muse.jhu.edu/search?action=search&query=%22Paul%20Edmund-Davies%22%20flute,Search Project MUSE for humanities scholarship.
SS0867,FM079,Paul Edmund-Davies,保羅・艾德蒙-戴維斯,proquest,https://www.proquest.com/search?query=%22Paul%20Edmund-Davies%22%20flute,Search ProQuest for dissertations and scholarly databases; access may require login.
SS0868,FM079,Paul Edmund-Davies,保羅・艾德蒙-戴維斯,rilm,https://www.rilm.org/,Use RILM Abstracts with the query text; RILM usually requires institutional access.
SS0869,FM079,Paul Edmund-Davies,保羅・艾德蒙-戴維斯,nfa_site,https://www.google.com/search?q=%22Paul%20Edmund-Davies%22%20flute%20site%3Anfaonline.org,Search National Flute Association pages and publications.
SS0870,FM080,Jeffrey Khaner,傑弗里・卡納,google_scholar,https://scholar.google.com/scholar?q=%22Jeffrey%20Khaner%22%20flute,"Search Google Scholar for papers, citations and books."
SS0871,FM080,Jeffrey Khaner,傑弗里・卡納,crossref,https://search.crossref.org/?q=%22Jeffrey%20Khaner%22%20flute,Search Crossref for DOI-bearing publications.
SS0872,FM080,Jeffrey Khaner,傑弗里・卡納,semantic_scholar,https://www.semanticscholar.org/search?q=%22Jeffrey%20Khaner%22%20flute&sort=relevance,Search Semantic Scholar for papers and citations.
SS0873,FM080,Jeffrey Khaner,傑弗里・卡納,worldcat_books,https://search.worldcat.org/search?q=%22Jeffrey%20Khaner%22%20flute,"Search WorldCat for books, recordings, theses and library holdings."
SS0874,FM080,Jeffrey Khaner,傑弗里・卡納,worldcat_dissertations,https://search.worldcat.org/search?q=%22Jeffrey%20Khaner%22%20flute%20dissertation%20OR%20thesis,Search WorldCat for thesis/dissertation holdings.
SS0875,FM080,Jeffrey Khaner,傑弗里・卡納,library_of_congress,https://catalog.loc.gov/vwebv/search?searchArg=%22Jeffrey%20Khaner%22%20flute&searchCode=GKEY%5E*&searchType=0,Search Library of Congress catalogue.
SS0876,FM080,Jeffrey Khaner,傑弗里・卡納,jstor,https://www.jstor.org/action/doBasicSearch?Query=%22Jeffrey%20Khaner%22%20flute,Search JSTOR for journals and book chapters.
SS0877,FM080,Jeffrey Khaner,傑弗里・卡納,project_muse,https://muse.jhu.edu/search?action=search&query=%22Jeffrey%20Khaner%22%20flute,Search Project MUSE for humanities scholarship.
SS0878,FM080,Jeffrey Khaner,傑弗里・卡納,proquest,https://www.proquest.com/search?query=%22Jeffrey%20Khaner%22%20flute,Search ProQuest for dissertations and scholarly databases; access may require login.
SS0879,FM080,Jeffrey Khaner,傑弗里・卡納,rilm,https://www.rilm.org/,Use RILM Abstracts with the query text; RILM usually requires institutional access.
SS0880,FM080,Jeffrey Khaner,傑弗里・卡納,nfa_site,https://www.google.com/search?q=%22Jeffrey%20Khaner%22%20flute%20site%3Anfaonline.org,Search National Flute Association pages and publications.
SS0881,FM081,Mark Sparks,馬克・斯帕克斯,google_scholar,https://scholar.google.com/scholar?q=%22Mark%20Sparks%22%20flute,"Search Google Scholar for papers, citations and books."
SS0882,FM081,Mark Sparks,馬克・斯帕克斯,crossref,https://search.crossref.org/?q=%22Mark%20Sparks%22%20flute,Search Crossref for DOI-bearing publications.
SS0883,FM081,Mark Sparks,馬克・斯帕克斯,semantic_scholar,https://www.semanticscholar.org/search?q=%22Mark%20Sparks%22%20flute&sort=relevance,Search Semantic Scholar for papers and citations.
SS0884,FM081,Mark Sparks,馬克・斯帕克斯,worldcat_books,https://search.worldcat.org/search?q=%22Mark%20Sparks%22%20flute,"Search WorldCat for books, recordings, theses and library holdings."
SS0885,FM081,Mark Sparks,馬克・斯帕克斯,worldcat_dissertations,https://search.worldcat.org/search?q=%22Mark%20Sparks%22%20flute%20dissertation%20OR%20thesis,Search WorldCat for thesis/dissertation holdings.
SS0886,FM081,Mark Sparks,馬克・斯帕克斯,library_of_congress,https://catalog.loc.gov/vwebv/search?searchArg=%22Mark%20Sparks%22%20flute&searchCode=GKEY%5E*&searchType=0,Search Library of Congress catalogue.
SS0887,FM081,Mark Sparks,馬克・斯帕克斯,jstor,https://www.jstor.org/action/doBasicSearch?Query=%22Mark%20Sparks%22%20flute,Search JSTOR for journals and book chapters.
SS0888,FM081,Mark Sparks,馬克・斯帕克斯,project_muse,https://muse.jhu.edu/search?action=search&query=%22Mark%20Sparks%22%20flute,Search Project MUSE for humanities scholarship.
SS0889,FM081,Mark Sparks,馬克・斯帕克斯,proquest,https://www.proquest.com/search?query=%22Mark%20Sparks%22%20flute,Search ProQuest for dissertations and scholarly databases; access may require login.
SS0890,FM081,Mark Sparks,馬克・斯帕克斯,rilm,https://www.rilm.org/,Use RILM Abstracts with the query text; RILM usually requires institutional access.
SS0891,FM081,Mark Sparks,馬克・斯帕克斯,nfa_site,https://www.google.com/search?q=%22Mark%20Sparks%22%20flute%20site%3Anfaonline.org,Search National Flute Association pages and publications.
SS0892,FM082,Joshua Smith,約書亞・史密斯,google_scholar,https://scholar.google.com/scholar?q=%22Joshua%20Smith%22%20flute,"Search Google Scholar for papers, citations and books."
SS0893,FM082,Joshua Smith,約書亞・史密斯,crossref,https://search.crossref.org/?q=%22Joshua%20Smith%22%20flute,Search Crossref for DOI-bearing publications.
SS0894,FM082,Joshua Smith,約書亞・史密斯,semantic_scholar,https://www.semanticscholar.org/search?q=%22Joshua%20Smith%22%20flute&sort=relevance,Search Semantic Scholar for papers and citations.
SS0895,FM082,Joshua Smith,約書亞・史密斯,worldcat_books,https://search.worldcat.org/search?q=%22Joshua%20Smith%22%20flute,"Search WorldCat for books, recordings, theses and library holdings."
SS0896,FM082,Joshua Smith,約書亞・史密斯,worldcat_dissertations,https://search.worldcat.org/search?q=%22Joshua%20Smith%22%20flute%20dissertation%20OR%20thesis,Search WorldCat for thesis/dissertation holdings.
SS0897,FM082,Joshua Smith,約書亞・史密斯,library_of_congress,https://catalog.loc.gov/vwebv/search?searchArg=%22Joshua%20Smith%22%20flute&searchCode=GKEY%5E*&searchType=0,Search Library of Congress catalogue.
SS0898,FM082,Joshua Smith,約書亞・史密斯,jstor,https://www.jstor.org/action/doBasicSearch?Query=%22Joshua%20Smith%22%20flute,Search JSTOR for journals and book chapters.
SS0899,FM082,Joshua Smith,約書亞・史密斯,project_muse,https://muse.jhu.edu/search?action=search&query=%22Joshua%20Smith%22%20flute,Search Project MUSE for humanities scholarship.
SS0900,FM082,Joshua Smith,約書亞・史密斯,proquest,https://www.proquest.com/search?query=%22Joshua%20Smith%22%20flute,Search ProQuest for dissertations and scholarly databases; access may require login.
SS0901,FM082,Joshua Smith,約書亞・史密斯,rilm,https://www.rilm.org/,Use RILM Abstracts with the query text; RILM usually requires institutional access.
SS0902,FM082,Joshua Smith,約書亞・史密斯,nfa_site,https://www.google.com/search?q=%22Joshua%20Smith%22%20flute%20site%3Anfaonline.org,Search National Flute Association pages and publications.
SS0903,FM083,Amy Porter,艾米・波特,google_scholar,https://scholar.google.com/scholar?q=%22Amy%20Porter%22%20flute,"Search Google Scholar for papers, citations and books."
SS0904,FM083,Amy Porter,艾米・波特,crossref,https://search.crossref.org/?q=%22Amy%20Porter%22%20flute,Search Crossref for DOI-bearing publications.
SS0905,FM083,Amy Porter,艾米・波特,semantic_scholar,https://www.semanticscholar.org/search?q=%22Amy%20Porter%22%20flute&sort=relevance,Search Semantic Scholar for papers and citations.
SS0906,FM083,Amy Porter,艾米・波特,worldcat_books,https://search.worldcat.org/search?q=%22Amy%20Porter%22%20flute,"Search WorldCat for books, recordings, theses and library holdings."
SS0907,FM083,Amy Porter,艾米・波特,worldcat_dissertations,https://search.worldcat.org/search?q=%22Amy%20Porter%22%20flute%20dissertation%20OR%20thesis,Search WorldCat for thesis/dissertation holdings.
SS0908,FM083,Amy Porter,艾米・波特,library_of_congress,https://catalog.loc.gov/vwebv/search?searchArg=%22Amy%20Porter%22%20flute&searchCode=GKEY%5E*&searchType=0,Search Library of Congress catalogue.
SS0909,FM083,Amy Porter,艾米・波特,jstor,https://www.jstor.org/action/doBasicSearch?Query=%22Amy%20Porter%22%20flute,Search JSTOR for journals and book chapters.
SS0910,FM083,Amy Porter,艾米・波特,project_muse,https://muse.jhu.edu/search?action=search&query=%22Amy%20Porter%22%20flute,Search Project MUSE for humanities scholarship.
SS0911,FM083,Amy Porter,艾米・波特,proquest,https://www.proquest.com/search?query=%22Amy%20Porter%22%20flute,Search ProQuest for dissertations and scholarly databases; access may require login.
SS0912,FM083,Amy Porter,艾米・波特,rilm,https://www.rilm.org/,Use RILM Abstracts with the query text; RILM usually requires institutional access.
SS0913,FM083,Amy Porter,艾米・波特,nfa_site,https://www.google.com/search?q=%22Amy%20Porter%22%20flute%20site%3Anfaonline.org,Search National Flute Association pages and publications.
SS0914,FM084,Alexa Still,亞歷克莎・史蒂爾,google_scholar,https://scholar.google.com/scholar?q=%22Alexa%20Still%22%20flute,"Search Google Scholar for papers, citations and books."
SS0915,FM084,Alexa Still,亞歷克莎・史蒂爾,crossref,https://search.crossref.org/?q=%22Alexa%20Still%22%20flute,Search Crossref for DOI-bearing publications.
SS0916,FM084,Alexa Still,亞歷克莎・史蒂爾,semantic_scholar,https://www.semanticscholar.org/search?q=%22Alexa%20Still%22%20flute&sort=relevance,Search Semantic Scholar for papers and citations.
SS0917,FM084,Alexa Still,亞歷克莎・史蒂爾,worldcat_books,https://search.worldcat.org/search?q=%22Alexa%20Still%22%20flute,"Search WorldCat for books, recordings, theses and library holdings."
SS0918,FM084,Alexa Still,亞歷克莎・史蒂爾,worldcat_dissertations,https://search.worldcat.org/search?q=%22Alexa%20Still%22%20flute%20dissertation%20OR%20thesis,Search WorldCat for thesis/dissertation holdings.
SS0919,FM084,Alexa Still,亞歷克莎・史蒂爾,library_of_congress,https://catalog.loc.gov/vwebv/search?searchArg=%22Alexa%20Still%22%20flute&searchCode=GKEY%5E*&searchType=0,Search Library of Congress catalogue.
SS0920,FM084,Alexa Still,亞歷克莎・史蒂爾,jstor,https://www.jstor.org/action/doBasicSearch?Query=%22Alexa%20Still%22%20flute,Search JSTOR for journals and book chapters.
SS0921,FM084,Alexa Still,亞歷克莎・史蒂爾,project_muse,https://muse.jhu.edu/search?action=search&query=%22Alexa%20Still%22%20flute,Search Project MUSE for humanities scholarship.
SS0922,FM084,Alexa Still,亞歷克莎・史蒂爾,proquest,https://www.proquest.com/search?query=%22Alexa%20Still%22%20flute,Search ProQuest for dissertations and scholarly databases; access may require login.
SS0923,FM084,Alexa Still,亞歷克莎・史蒂爾,rilm,https://www.rilm.org/,Use RILM Abstracts with the query text; RILM usually requires institutional access.
SS0924,FM084,Alexa Still,亞歷克莎・史蒂爾,nfa_site,https://www.google.com/search?q=%22Alexa%20Still%22%20flute%20site%3Anfaonline.org,Search National Flute Association pages and publications.
SS0925,FM085,Mary Karen Clardy,瑪麗・凱倫・克拉迪,google_scholar,https://scholar.google.com/scholar?q=%22Mary%20Karen%20Clardy%22%20flute,"Search Google Scholar for papers, citations and books."
SS0926,FM085,Mary Karen Clardy,瑪麗・凱倫・克拉迪,crossref,https://search.crossref.org/?q=%22Mary%20Karen%20Clardy%22%20flute,Search Crossref for DOI-bearing publications.
SS0927,FM085,Mary Karen Clardy,瑪麗・凱倫・克拉迪,semantic_scholar,https://www.semanticscholar.org/search?q=%22Mary%20Karen%20Clardy%22%20flute&sort=relevance,Search Semantic Scholar for papers and citations.
SS0928,FM085,Mary Karen Clardy,瑪麗・凱倫・克拉迪,worldcat_books,https://search.worldcat.org/search?q=%22Mary%20Karen%20Clardy%22%20flute,"Search WorldCat for books, recordings, theses and library holdings."
SS0929,FM085,Mary Karen Clardy,瑪麗・凱倫・克拉迪,worldcat_dissertations,https://search.worldcat.org/search?q=%22Mary%20Karen%20Clardy%22%20flute%20dissertation%20OR%20thesis,Search WorldCat for thesis/dissertation holdings.
SS0930,FM085,Mary Karen Clardy,瑪麗・凱倫・克拉迪,library_of_congress,https://catalog.loc.gov/vwebv/search?searchArg=%22Mary%20Karen%20Clardy%22%20flute&searchCode=GKEY%5E*&searchType=0,Search Library of Congress catalogue.
SS0931,FM085,Mary Karen Clardy,瑪麗・凱倫・克拉迪,jstor,https://www.jstor.org/action/doBasicSearch?Query=%22Mary%20Karen%20Clardy%22%20flute,Search JSTOR for journals and book chapters.
SS0932,FM085,Mary Karen Clardy,瑪麗・凱倫・克拉迪,project_muse,https://muse.jhu.edu/search?action=search&query=%22Mary%20Karen%20Clardy%22%20flute,Search Project MUSE for humanities scholarship.
SS0933,FM085,Mary Karen Clardy,瑪麗・凱倫・克拉迪,proquest,https://www.proquest.com/search?query=%22Mary%20Karen%20Clardy%22%20flute,Search ProQuest for dissertations and scholarly databases; access may require login.
SS0934,FM085,Mary Karen Clardy,瑪麗・凱倫・克拉迪,rilm,https://www.rilm.org/,Use RILM Abstracts with the query text; RILM usually requires institutional access.
SS0935,FM085,Mary Karen Clardy,瑪麗・凱倫・克拉迪,nfa_site,https://www.google.com/search?q=%22Mary%20Karen%20Clardy%22%20flute%20site%3Anfaonline.org,Search National Flute Association pages and publications.
SS0936,FM086,Patricia George,派翠西亞・喬治,google_scholar,https://scholar.google.com/scholar?q=%22Patricia%20George%22%20flute,"Search Google Scholar for papers, citations and books."
SS0937,FM086,Patricia George,派翠西亞・喬治,crossref,https://search.crossref.org/?q=%22Patricia%20George%22%20flute,Search Crossref for DOI-bearing publications.
SS0938,FM086,Patricia George,派翠西亞・喬治,semantic_scholar,https://www.semanticscholar.org/search?q=%22Patricia%20George%22%20flute&sort=relevance,Search Semantic Scholar for papers and citations.
SS0939,FM086,Patricia George,派翠西亞・喬治,worldcat_books,https://search.worldcat.org/search?q=%22Patricia%20George%22%20flute,"Search WorldCat for books, recordings, theses and library holdings."
SS0940,FM086,Patricia George,派翠西亞・喬治,worldcat_dissertations,https://search.worldcat.org/search?q=%22Patricia%20George%22%20flute%20dissertation%20OR%20thesis,Search WorldCat for thesis/dissertation holdings.
SS0941,FM086,Patricia George,派翠西亞・喬治,library_of_congress,https://catalog.loc.gov/vwebv/search?searchArg=%22Patricia%20George%22%20flute&searchCode=GKEY%5E*&searchType=0,Search Library of Congress catalogue.
SS0942,FM086,Patricia George,派翠西亞・喬治,jstor,https://www.jstor.org/action/doBasicSearch?Query=%22Patricia%20George%22%20flute,Search JSTOR for journals and book chapters.
SS0943,FM086,Patricia George,派翠西亞・喬治,project_muse,https://muse.jhu.edu/search?action=search&query=%22Patricia%20George%22%20flute,Search Project MUSE for humanities scholarship.
SS0944,FM086,Patricia George,派翠西亞・喬治,proquest,https://www.proquest.com/search?query=%22Patricia%20George%22%20flute,Search ProQuest for dissertations and scholarly databases; access may require login.
SS0945,FM086,Patricia George,派翠西亞・喬治,rilm,https://www.rilm.org/,Use RILM Abstracts with the query text; RILM usually requires institutional access.
SS0946,FM086,Patricia George,派翠西亞・喬治,nfa_site,https://www.google.com/search?q=%22Patricia%20George%22%20flute%20site%3Anfaonline.org,Search National Flute Association pages and publications.
SS0947,FM087,Linda Chesis,琳達・切西斯,google_scholar,https://scholar.google.com/scholar?q=%22Linda%20Chesis%22%20flute,"Search Google Scholar for papers, citations and books."
SS0948,FM087,Linda Chesis,琳達・切西斯,crossref,https://search.crossref.org/?q=%22Linda%20Chesis%22%20flute,Search Crossref for DOI-bearing publications.
SS0949,FM087,Linda Chesis,琳達・切西斯,semantic_scholar,https://www.semanticscholar.org/search?q=%22Linda%20Chesis%22%20flute&sort=relevance,Search Semantic Scholar for papers and citations.
SS0950,FM087,Linda Chesis,琳達・切西斯,worldcat_books,https://search.worldcat.org/search?q=%22Linda%20Chesis%22%20flute,"Search WorldCat for books, recordings, theses and library holdings."
SS0951,FM087,Linda Chesis,琳達・切西斯,worldcat_dissertations,https://search.worldcat.org/search?q=%22Linda%20Chesis%22%20flute%20dissertation%20OR%20thesis,Search WorldCat for thesis/dissertation holdings.
SS0952,FM087,Linda Chesis,琳達・切西斯,library_of_congress,https://catalog.loc.gov/vwebv/search?searchArg=%22Linda%20Chesis%22%20flute&searchCode=GKEY%5E*&searchType=0,Search Library of Congress catalogue.
SS0953,FM087,Linda Chesis,琳達・切西斯,jstor,https://www.jstor.org/action/doBasicSearch?Query=%22Linda%20Chesis%22%20flute,Search JSTOR for journals and book chapters.
SS0954,FM087,Linda Chesis,琳達・切西斯,project_muse,https://muse.jhu.edu/search?action=search&query=%22Linda%20Chesis%22%20flute,Search Project MUSE for humanities scholarship.
SS0955,FM087,Linda Chesis,琳達・切西斯,proquest,https://www.proquest.com/search?query=%22Linda%20Chesis%22%20flute,Search ProQuest for dissertations and scholarly databases; access may require login.
SS0956,FM087,Linda Chesis,琳達・切西斯,rilm,https://www.rilm.org/,Use RILM Abstracts with the query text; RILM usually requires institutional access.
SS0957,FM087,Linda Chesis,琳達・切西斯,nfa_site,https://www.google.com/search?q=%22Linda%20Chesis%22%20flute%20site%3Anfaonline.org,Search National Flute Association pages and publications.
SS0958,FM088,Tara Helen O'Connor,塔拉・海倫・奧康納,google_scholar,https://scholar.google.com/scholar?q=%22Tara%20Helen%20O%27Connor%22%20flute,"Search Google Scholar for papers, citations and books."
SS0959,FM088,Tara Helen O'Connor,塔拉・海倫・奧康納,crossref,https://search.crossref.org/?q=%22Tara%20Helen%20O%27Connor%22%20flute,Search Crossref for DOI-bearing publications.
SS0960,FM088,Tara Helen O'Connor,塔拉・海倫・奧康納,semantic_scholar,https://www.semanticscholar.org/search?q=%22Tara%20Helen%20O%27Connor%22%20flute&sort=relevance,Search Semantic Scholar for papers and citations.
SS0961,FM088,Tara Helen O'Connor,塔拉・海倫・奧康納,worldcat_books,https://search.worldcat.org/search?q=%22Tara%20Helen%20O%27Connor%22%20flute,"Search WorldCat for books, recordings, theses and library holdings."
SS0962,FM088,Tara Helen O'Connor,塔拉・海倫・奧康納,worldcat_dissertations,https://search.worldcat.org/search?q=%22Tara%20Helen%20O%27Connor%22%20flute%20dissertation%20OR%20thesis,Search WorldCat for thesis/dissertation holdings.
SS0963,FM088,Tara Helen O'Connor,塔拉・海倫・奧康納,library_of_congress,https://catalog.loc.gov/vwebv/search?searchArg=%22Tara%20Helen%20O%27Connor%22%20flute&searchCode=GKEY%5E*&searchType=0,Search Library of Congress catalogue.
SS0964,FM088,Tara Helen O'Connor,塔拉・海倫・奧康納,jstor,https://www.jstor.org/action/doBasicSearch?Query=%22Tara%20Helen%20O%27Connor%22%20flute,Search JSTOR for journals and book chapters.
SS0965,FM088,Tara Helen O'Connor,塔拉・海倫・奧康納,project_muse,https://muse.jhu.edu/search?action=search&query=%22Tara%20Helen%20O%27Connor%22%20flute,Search Project MUSE for humanities scholarship.
SS0966,FM088,Tara Helen O'Connor,塔拉・海倫・奧康納,proquest,https://www.proquest.com/search?query=%22Tara%20Helen%20O%27Connor%22%20flute,Search ProQuest for dissertations and scholarly databases; access may require login.
SS0967,FM088,Tara Helen O'Connor,塔拉・海倫・奧康納,rilm,https://www.rilm.org/,Use RILM Abstracts with the query text; RILM usually requires institutional access.
SS0968,FM088,Tara Helen O'Connor,塔拉・海倫・奧康納,nfa_site,https://www.google.com/search?q=%22Tara%20Helen%20O%27Connor%22%20flute%20site%3Anfaonline.org,Search National Flute Association pages and publications.
SS0969,FM089,Molly Alicia Barth,莫莉・艾莉西亞・巴斯,google_scholar,https://scholar.google.com/scholar?q=%22Molly%20Alicia%20Barth%22%20flute,"Search Google Scholar for papers, citations and books."
SS0970,FM089,Molly Alicia Barth,莫莉・艾莉西亞・巴斯,crossref,https://search.crossref.org/?q=%22Molly%20Alicia%20Barth%22%20flute,Search Crossref for DOI-bearing publications.
SS0971,FM089,Molly Alicia Barth,莫莉・艾莉西亞・巴斯,semantic_scholar,https://www.semanticscholar.org/search?q=%22Molly%20Alicia%20Barth%22%20flute&sort=relevance,Search Semantic Scholar for papers and citations.
SS0972,FM089,Molly Alicia Barth,莫莉・艾莉西亞・巴斯,worldcat_books,https://search.worldcat.org/search?q=%22Molly%20Alicia%20Barth%22%20flute,"Search WorldCat for books, recordings, theses and library holdings."
SS0973,FM089,Molly Alicia Barth,莫莉・艾莉西亞・巴斯,worldcat_dissertations,https://search.worldcat.org/search?q=%22Molly%20Alicia%20Barth%22%20flute%20dissertation%20OR%20thesis,Search WorldCat for thesis/dissertation holdings.
SS0974,FM089,Molly Alicia Barth,莫莉・艾莉西亞・巴斯,library_of_congress,https://catalog.loc.gov/vwebv/search?searchArg=%22Molly%20Alicia%20Barth%22%20flute&searchCode=GKEY%5E*&searchType=0,Search Library of Congress catalogue.
SS0975,FM089,Molly Alicia Barth,莫莉・艾莉西亞・巴斯,jstor,https://www.jstor.org/action/doBasicSearch?Query=%22Molly%20Alicia%20Barth%22%20flute,Search JSTOR for journals and book chapters.
SS0976,FM089,Molly Alicia Barth,莫莉・艾莉西亞・巴斯,project_muse,https://muse.jhu.edu/search?action=search&query=%22Molly%20Alicia%20Barth%22%20flute,Search Project MUSE for humanities scholarship.
SS0977,FM089,Molly Alicia Barth,莫莉・艾莉西亞・巴斯,proquest,https://www.proquest.com/search?query=%22Molly%20Alicia%20Barth%22%20flute,Search ProQuest for dissertations and scholarly databases; access may require login.
SS0978,FM089,Molly Alicia Barth,莫莉・艾莉西亞・巴斯,rilm,https://www.rilm.org/,Use RILM Abstracts with the query text; RILM usually requires institutional access.
SS0979,FM089,Molly Alicia Barth,莫莉・艾莉西亞・巴斯,nfa_site,https://www.google.com/search?q=%22Molly%20Alicia%20Barth%22%20flute%20site%3Anfaonline.org,Search National Flute Association pages and publications.
SS0980,FM090,Alberto Almarza,阿爾貝托・阿爾馬薩,google_scholar,https://scholar.google.com/scholar?q=%22Alberto%20Almarza%22%20flute,"Search Google Scholar for papers, citations and books."
SS0981,FM090,Alberto Almarza,阿爾貝托・阿爾馬薩,crossref,https://search.crossref.org/?q=%22Alberto%20Almarza%22%20flute,Search Crossref for DOI-bearing publications.
SS0982,FM090,Alberto Almarza,阿爾貝托・阿爾馬薩,semantic_scholar,https://www.semanticscholar.org/search?q=%22Alberto%20Almarza%22%20flute&sort=relevance,Search Semantic Scholar for papers and citations.
SS0983,FM090,Alberto Almarza,阿爾貝托・阿爾馬薩,worldcat_books,https://search.worldcat.org/search?q=%22Alberto%20Almarza%22%20flute,"Search WorldCat for books, recordings, theses and library holdings."
SS0984,FM090,Alberto Almarza,阿爾貝托・阿爾馬薩,worldcat_dissertations,https://search.worldcat.org/search?q=%22Alberto%20Almarza%22%20flute%20dissertation%20OR%20thesis,Search WorldCat for thesis/dissertation holdings.
SS0985,FM090,Alberto Almarza,阿爾貝托・阿爾馬薩,library_of_congress,https://catalog.loc.gov/vwebv/search?searchArg=%22Alberto%20Almarza%22%20flute&searchCode=GKEY%5E*&searchType=0,Search Library of Congress catalogue.
SS0986,FM090,Alberto Almarza,阿爾貝托・阿爾馬薩,jstor,https://www.jstor.org/action/doBasicSearch?Query=%22Alberto%20Almarza%22%20flute,Search JSTOR for journals and book chapters.
SS0987,FM090,Alberto Almarza,阿爾貝托・阿爾馬薩,project_muse,https://muse.jhu.edu/search?action=search&query=%22Alberto%20Almarza%22%20flute,Search Project MUSE for humanities scholarship.
SS0988,FM090,Alberto Almarza,阿爾貝托・阿爾馬薩,proquest,https://www.proquest.com/search?query=%22Alberto%20Almarza%22%20flute,Search ProQuest for dissertations and scholarly databases; access may require login.
SS0989,FM090,Alberto Almarza,阿爾貝托・阿爾馬薩,rilm,https://www.rilm.org/,Use RILM Abstracts with the query text; RILM usually requires institutional access.
SS0990,FM090,Alberto Almarza,阿爾貝托・阿爾馬薩,nfa_site,https://www.google.com/search?q=%22Alberto%20Almarza%22%20flute%20site%3Anfaonline.org,Search National Flute Association pages and publications.
SS0991,FM091,Jasmine Choi,崔娜卿,google_scholar,https://scholar.google.com/scholar?q=%22Jasmine%20Choi%22%20flute,"Search Google Scholar for papers, citations and books."
SS0992,FM091,Jasmine Choi,崔娜卿,crossref,https://search.crossref.org/?q=%22Jasmine%20Choi%22%20flute,Search Crossref for DOI-bearing publications.
SS0993,FM091,Jasmine Choi,崔娜卿,semantic_scholar,https://www.semanticscholar.org/search?q=%22Jasmine%20Choi%22%20flute&sort=relevance,Search Semantic Scholar for papers and citations.
SS0994,FM091,Jasmine Choi,崔娜卿,worldcat_books,https://search.worldcat.org/search?q=%22Jasmine%20Choi%22%20flute,"Search WorldCat for books, recordings, theses and library holdings."
SS0995,FM091,Jasmine Choi,崔娜卿,worldcat_dissertations,https://search.worldcat.org/search?q=%22Jasmine%20Choi%22%20flute%20dissertation%20OR%20thesis,Search WorldCat for thesis/dissertation holdings.
SS0996,FM091,Jasmine Choi,崔娜卿,library_of_congress,https://catalog.loc.gov/vwebv/search?searchArg=%22Jasmine%20Choi%22%20flute&searchCode=GKEY%5E*&searchType=0,Search Library of Congress catalogue.
SS0997,FM091,Jasmine Choi,崔娜卿,jstor,https://www.jstor.org/action/doBasicSearch?Query=%22Jasmine%20Choi%22%20flute,Search JSTOR for journals and book chapters.
SS0998,FM091,Jasmine Choi,崔娜卿,project_muse,https://muse.jhu.edu/search?action=search&query=%22Jasmine%20Choi%22%20flute,Search Project MUSE for humanities scholarship.
SS0999,FM091,Jasmine Choi,崔娜卿,proquest,https://www.proquest.com/search?query=%22Jasmine%20Choi%22%20flute,Search ProQuest for dissertations and scholarly databases; access may require login.
SS1000,FM091,Jasmine Choi,崔娜卿,rilm,https://www.rilm.org/,Use RILM Abstracts with the query text; RILM usually requires institutional access.
SS1001,FM091,Jasmine Choi,崔娜卿,nfa_site,https://www.google.com/search?q=%22Jasmine%20Choi%22%20flute%20site%3Anfaonline.org,Search National Flute Association pages and publications.
SS1002,FM092,Shigenori Kudo,工藤重典,google_scholar,https://scholar.google.com/scholar?q=%22Shigenori%20Kudo%22%20flute,"Search Google Scholar for papers, citations and books."
SS1003,FM092,Shigenori Kudo,工藤重典,crossref,https://search.crossref.org/?q=%22Shigenori%20Kudo%22%20flute,Search Crossref for DOI-bearing publications.
SS1004,FM092,Shigenori Kudo,工藤重典,semantic_scholar,https://www.semanticscholar.org/search?q=%22Shigenori%20Kudo%22%20flute&sort=relevance,Search Semantic Scholar for papers and citations.
SS1005,FM092,Shigenori Kudo,工藤重典,worldcat_books,https://search.worldcat.org/search?q=%22Shigenori%20Kudo%22%20flute,"Search WorldCat for books, recordings, theses and library holdings."
SS1006,FM092,Shigenori Kudo,工藤重典,worldcat_dissertations,https://search.worldcat.org/search?q=%22Shigenori%20Kudo%22%20flute%20dissertation%20OR%20thesis,Search WorldCat for thesis/dissertation holdings.
SS1007,FM092,Shigenori Kudo,工藤重典,library_of_congress,https://catalog.loc.gov/vwebv/search?searchArg=%22Shigenori%20Kudo%22%20flute&searchCode=GKEY%5E*&searchType=0,Search Library of Congress catalogue.
SS1008,FM092,Shigenori Kudo,工藤重典,jstor,https://www.jstor.org/action/doBasicSearch?Query=%22Shigenori%20Kudo%22%20flute,Search JSTOR for journals and book chapters.
SS1009,FM092,Shigenori Kudo,工藤重典,project_muse,https://muse.jhu.edu/search?action=search&query=%22Shigenori%20Kudo%22%20flute,Search Project MUSE for humanities scholarship.
SS1010,FM092,Shigenori Kudo,工藤重典,proquest,https://www.proquest.com/search?query=%22Shigenori%20Kudo%22%20flute,Search ProQuest for dissertations and scholarly databases; access may require login.
SS1011,FM092,Shigenori Kudo,工藤重典,rilm,https://www.rilm.org/,Use RILM Abstracts with the query text; RILM usually requires institutional access.
SS1012,FM092,Shigenori Kudo,工藤重典,nfa_site,https://www.google.com/search?q=%22Shigenori%20Kudo%22%20flute%20site%3Anfaonline.org,Search National Flute Association pages and publications.
SS1013,FM093,Kazunori Seo,瀨尾和紀,google_scholar,https://scholar.google.com/scholar?q=%22Kazunori%20Seo%22%20flute,"Search Google Scholar for papers, citations and books."
SS1014,FM093,Kazunori Seo,瀨尾和紀,crossref,https://search.crossref.org/?q=%22Kazunori%20Seo%22%20flute,Search Crossref for DOI-bearing publications.
SS1015,FM093,Kazunori Seo,瀨尾和紀,semantic_scholar,https://www.semanticscholar.org/search?q=%22Kazunori%20Seo%22%20flute&sort=relevance,Search Semantic Scholar for papers and citations.
SS1016,FM093,Kazunori Seo,瀨尾和紀,worldcat_books,https://search.worldcat.org/search?q=%22Kazunori%20Seo%22%20flute,"Search WorldCat for books, recordings, theses and library holdings."
SS1017,FM093,Kazunori Seo,瀨尾和紀,worldcat_dissertations,https://search.worldcat.org/search?q=%22Kazunori%20Seo%22%20flute%20dissertation%20OR%20thesis,Search WorldCat for thesis/dissertation holdings.
SS1018,FM093,Kazunori Seo,瀨尾和紀,library_of_congress,https://catalog.loc.gov/vwebv/search?searchArg=%22Kazunori%20Seo%22%20flute&searchCode=GKEY%5E*&searchType=0,Search Library of Congress catalogue.
SS1019,FM093,Kazunori Seo,瀨尾和紀,jstor,https://www.jstor.org/action/doBasicSearch?Query=%22Kazunori%20Seo%22%20flute,Search JSTOR for journals and book chapters.
SS1020,FM093,Kazunori Seo,瀨尾和紀,project_muse,https://muse.jhu.edu/search?action=search&query=%22Kazunori%20Seo%22%20flute,Search Project MUSE for humanities scholarship.
SS1021,FM093,Kazunori Seo,瀨尾和紀,proquest,https://www.proquest.com/search?query=%22Kazunori%20Seo%22%20flute,Search ProQuest for dissertations and scholarly databases; access may require login.
SS1022,FM093,Kazunori Seo,瀨尾和紀,rilm,https://www.rilm.org/,Use RILM Abstracts with the query text; RILM usually requires institutional access.
SS1023,FM093,Kazunori Seo,瀨尾和紀,nfa_site,https://www.google.com/search?q=%22Kazunori%20Seo%22%20flute%20site%3Anfaonline.org,Search National Flute Association pages and publications.
SS1024,FM094,Seiya Ueno,上野星矢,google_scholar,https://scholar.google.com/scholar?q=%22Seiya%20Ueno%22%20flute,"Search Google Scholar for papers, citations and books."
SS1025,FM094,Seiya Ueno,上野星矢,crossref,https://search.crossref.org/?q=%22Seiya%20Ueno%22%20flute,Search Crossref for DOI-bearing publications.
SS1026,FM094,Seiya Ueno,上野星矢,semantic_scholar,https://www.semanticscholar.org/search?q=%22Seiya%20Ueno%22%20flute&sort=relevance,Search Semantic Scholar for papers and citations.
SS1027,FM094,Seiya Ueno,上野星矢,worldcat_books,https://search.worldcat.org/search?q=%22Seiya%20Ueno%22%20flute,"Search WorldCat for books, recordings, theses and library holdings."
SS1028,FM094,Seiya Ueno,上野星矢,worldcat_dissertations,https://search.worldcat.org/search?q=%22Seiya%20Ueno%22%20flute%20dissertation%20OR%20thesis,Search WorldCat for thesis/dissertation holdings.
SS1029,FM094,Seiya Ueno,上野星矢,library_of_congress,https://catalog.loc.gov/vwebv/search?searchArg=%22Seiya%20Ueno%22%20flute&searchCode=GKEY%5E*&searchType=0,Search Library of Congress catalogue.
SS1030,FM094,Seiya Ueno,上野星矢,jstor,https://www.jstor.org/action/doBasicSearch?Query=%22Seiya%20Ueno%22%20flute,Search JSTOR for journals and book chapters.
SS1031,FM094,Seiya Ueno,上野星矢,project_muse,https://muse.jhu.edu/search?action=search&query=%22Seiya%20Ueno%22%20flute,Search Project MUSE for humanities scholarship.
SS1032,FM094,Seiya Ueno,上野星矢,proquest,https://www.proquest.com/search?query=%22Seiya%20Ueno%22%20flute,Search ProQuest for dissertations and scholarly databases; access may require login.
SS1033,FM094,Seiya Ueno,上野星矢,rilm,https://www.rilm.org/,Use RILM Abstracts with the query text; RILM usually requires institutional access.
SS1034,FM094,Seiya Ueno,上野星矢,nfa_site,https://www.google.com/search?q=%22Seiya%20Ueno%22%20flute%20site%3Anfaonline.org,Search National Flute Association pages and publications.
SS1035,FM095,Yuki Koyama,小山裕幾,google_scholar,https://scholar.google.com/scholar?q=%22Yuki%20Koyama%22%20flute,"Search Google Scholar for papers, citations and books."
SS1036,FM095,Yuki Koyama,小山裕幾,crossref,https://search.crossref.org/?q=%22Yuki%20Koyama%22%20flute,Search Crossref for DOI-bearing publications.
SS1037,FM095,Yuki Koyama,小山裕幾,semantic_scholar,https://www.semanticscholar.org/search?q=%22Yuki%20Koyama%22%20flute&sort=relevance,Search Semantic Scholar for papers and citations.
SS1038,FM095,Yuki Koyama,小山裕幾,worldcat_books,https://search.worldcat.org/search?q=%22Yuki%20Koyama%22%20flute,"Search WorldCat for books, recordings, theses and library holdings."
SS1039,FM095,Yuki Koyama,小山裕幾,worldcat_dissertations,https://search.worldcat.org/search?q=%22Yuki%20Koyama%22%20flute%20dissertation%20OR%20thesis,Search WorldCat for thesis/dissertation holdings.
SS1040,FM095,Yuki Koyama,小山裕幾,library_of_congress,https://catalog.loc.gov/vwebv/search?searchArg=%22Yuki%20Koyama%22%20flute&searchCode=GKEY%5E*&searchType=0,Search Library of Congress catalogue.
SS1041,FM095,Yuki Koyama,小山裕幾,jstor,https://www.jstor.org/action/doBasicSearch?Query=%22Yuki%20Koyama%22%20flute,Search JSTOR for journals and book chapters.
SS1042,FM095,Yuki Koyama,小山裕幾,project_muse,https://muse.jhu.edu/search?action=search&query=%22Yuki%20Koyama%22%20flute,Search Project MUSE for humanities scholarship.
SS1043,FM095,Yuki Koyama,小山裕幾,proquest,https://www.proquest.com/search?query=%22Yuki%20Koyama%22%20flute,Search ProQuest for dissertations and scholarly databases; access may require login.
SS1044,FM095,Yuki Koyama,小山裕幾,rilm,https://www.rilm.org/,Use RILM Abstracts with the query text; RILM usually requires institutional access.
SS1045,FM095,Yuki Koyama,小山裕幾,nfa_site,https://www.google.com/search?q=%22Yuki%20Koyama%22%20flute%20site%3Anfaonline.org,Search National Flute Association pages and publications.
SS1046,FM096,Juliette Hurel,朱麗葉・于雷爾,google_scholar,https://scholar.google.com/scholar?q=%22Juliette%20Hurel%22%20flute,"Search Google Scholar for papers, citations and books."
SS1047,FM096,Juliette Hurel,朱麗葉・于雷爾,crossref,https://search.crossref.org/?q=%22Juliette%20Hurel%22%20flute,Search Crossref for DOI-bearing publications.
SS1048,FM096,Juliette Hurel,朱麗葉・于雷爾,semantic_scholar,https://www.semanticscholar.org/search?q=%22Juliette%20Hurel%22%20flute&sort=relevance,Search Semantic Scholar for papers and citations.
SS1049,FM096,Juliette Hurel,朱麗葉・于雷爾,worldcat_books,https://search.worldcat.org/search?q=%22Juliette%20Hurel%22%20flute,"Search WorldCat for books, recordings, theses and library holdings."
SS1050,FM096,Juliette Hurel,朱麗葉・于雷爾,worldcat_dissertations,https://search.worldcat.org/search?q=%22Juliette%20Hurel%22%20flute%20dissertation%20OR%20thesis,Search WorldCat for thesis/dissertation holdings.
SS1051,FM096,Juliette Hurel,朱麗葉・于雷爾,library_of_congress,https://catalog.loc.gov/vwebv/search?searchArg=%22Juliette%20Hurel%22%20flute&searchCode=GKEY%5E*&searchType=0,Search Library of Congress catalogue.
SS1052,FM096,Juliette Hurel,朱麗葉・于雷爾,jstor,https://www.jstor.org/action/doBasicSearch?Query=%22Juliette%20Hurel%22%20flute,Search JSTOR for journals and book chapters.
SS1053,FM096,Juliette Hurel,朱麗葉・于雷爾,project_muse,https://muse.jhu.edu/search?action=search&query=%22Juliette%20Hurel%22%20flute,Search Project MUSE for humanities scholarship.
SS1054,FM096,Juliette Hurel,朱麗葉・于雷爾,proquest,https://www.proquest.com/search?query=%22Juliette%20Hurel%22%20flute,Search ProQuest for dissertations and scholarly databases; access may require login.
SS1055,FM096,Juliette Hurel,朱麗葉・于雷爾,rilm,https://www.rilm.org/,Use RILM Abstracts with the query text; RILM usually requires institutional access.
SS1056,FM096,Juliette Hurel,朱麗葉・于雷爾,nfa_site,https://www.google.com/search?q=%22Juliette%20Hurel%22%20flute%20site%3Anfaonline.org,Search National Flute Association pages and publications.
SS1057,FM097,Vincent Lucas,文森・盧卡,google_scholar,https://scholar.google.com/scholar?q=%22Vincent%20Lucas%22%20flute,"Search Google Scholar for papers, citations and books."
SS1058,FM097,Vincent Lucas,文森・盧卡,crossref,https://search.crossref.org/?q=%22Vincent%20Lucas%22%20flute,Search Crossref for DOI-bearing publications.
SS1059,FM097,Vincent Lucas,文森・盧卡,semantic_scholar,https://www.semanticscholar.org/search?q=%22Vincent%20Lucas%22%20flute&sort=relevance,Search Semantic Scholar for papers and citations.
SS1060,FM097,Vincent Lucas,文森・盧卡,worldcat_books,https://search.worldcat.org/search?q=%22Vincent%20Lucas%22%20flute,"Search WorldCat for books, recordings, theses and library holdings."
SS1061,FM097,Vincent Lucas,文森・盧卡,worldcat_dissertations,https://search.worldcat.org/search?q=%22Vincent%20Lucas%22%20flute%20dissertation%20OR%20thesis,Search WorldCat for thesis/dissertation holdings.
SS1062,FM097,Vincent Lucas,文森・盧卡,library_of_congress,https://catalog.loc.gov/vwebv/search?searchArg=%22Vincent%20Lucas%22%20flute&searchCode=GKEY%5E*&searchType=0,Search Library of Congress catalogue.
SS1063,FM097,Vincent Lucas,文森・盧卡,jstor,https://www.jstor.org/action/doBasicSearch?Query=%22Vincent%20Lucas%22%20flute,Search JSTOR for journals and book chapters.
SS1064,FM097,Vincent Lucas,文森・盧卡,project_muse,https://muse.jhu.edu/search?action=search&query=%22Vincent%20Lucas%22%20flute,Search Project MUSE for humanities scholarship.
SS1065,FM097,Vincent Lucas,文森・盧卡,proquest,https://www.proquest.com/search?query=%22Vincent%20Lucas%22%20flute,Search ProQuest for dissertations and scholarly databases; access may require login.
SS1066,FM097,Vincent Lucas,文森・盧卡,rilm,https://www.rilm.org/,Use RILM Abstracts with the query text; RILM usually requires institutional access.
SS1067,FM097,Vincent Lucas,文森・盧卡,nfa_site,https://www.google.com/search?q=%22Vincent%20Lucas%22%20flute%20site%3Anfaonline.org,Search National Flute Association pages and publications.
SS1068,FM098,Davide Formisano,達維德・福爾米薩諾,google_scholar,https://scholar.google.com/scholar?q=%22Davide%20Formisano%22%20flute,"Search Google Scholar for papers, citations and books."
SS1069,FM098,Davide Formisano,達維德・福爾米薩諾,crossref,https://search.crossref.org/?q=%22Davide%20Formisano%22%20flute,Search Crossref for DOI-bearing publications.
SS1070,FM098,Davide Formisano,達維德・福爾米薩諾,semantic_scholar,https://www.semanticscholar.org/search?q=%22Davide%20Formisano%22%20flute&sort=relevance,Search Semantic Scholar for papers and citations.
SS1071,FM098,Davide Formisano,達維德・福爾米薩諾,worldcat_books,https://search.worldcat.org/search?q=%22Davide%20Formisano%22%20flute,"Search WorldCat for books, recordings, theses and library holdings."
SS1072,FM098,Davide Formisano,達維德・福爾米薩諾,worldcat_dissertations,https://search.worldcat.org/search?q=%22Davide%20Formisano%22%20flute%20dissertation%20OR%20thesis,Search WorldCat for thesis/dissertation holdings.
SS1073,FM098,Davide Formisano,達維德・福爾米薩諾,library_of_congress,https://catalog.loc.gov/vwebv/search?searchArg=%22Davide%20Formisano%22%20flute&searchCode=GKEY%5E*&searchType=0,Search Library of Congress catalogue.
SS1074,FM098,Davide Formisano,達維德・福爾米薩諾,jstor,https://www.jstor.org/action/doBasicSearch?Query=%22Davide%20Formisano%22%20flute,Search JSTOR for journals and book chapters.
SS1075,FM098,Davide Formisano,達維德・福爾米薩諾,project_muse,https://muse.jhu.edu/search?action=search&query=%22Davide%20Formisano%22%20flute,Search Project MUSE for humanities scholarship.
SS1076,FM098,Davide Formisano,達維德・福爾米薩諾,proquest,https://www.proquest.com/search?query=%22Davide%20Formisano%22%20flute,Search ProQuest for dissertations and scholarly databases; access may require login.
SS1077,FM098,Davide Formisano,達維德・福爾米薩諾,rilm,https://www.rilm.org/,Use RILM Abstracts with the query text; RILM usually requires institutional access.
SS1078,FM098,Davide Formisano,達維德・福爾米薩諾,nfa_site,https://www.google.com/search?q=%22Davide%20Formisano%22%20flute%20site%3Anfaonline.org,Search National Flute Association pages and publications.
SS1079,FM099,Sébastian Jacot,塞巴斯蒂安・雅科,google_scholar,https://scholar.google.com/scholar?q=%22S%C3%A9bastian%20Jacot%22%20flute,"Search Google Scholar for papers, citations and books."
SS1080,FM099,Sébastian Jacot,塞巴斯蒂安・雅科,crossref,https://search.crossref.org/?q=%22S%C3%A9bastian%20Jacot%22%20flute,Search Crossref for DOI-bearing publications.
SS1081,FM099,Sébastian Jacot,塞巴斯蒂安・雅科,semantic_scholar,https://www.semanticscholar.org/search?q=%22S%C3%A9bastian%20Jacot%22%20flute&sort=relevance,Search Semantic Scholar for papers and citations.
SS1082,FM099,Sébastian Jacot,塞巴斯蒂安・雅科,worldcat_books,https://search.worldcat.org/search?q=%22S%C3%A9bastian%20Jacot%22%20flute,"Search WorldCat for books, recordings, theses and library holdings."
SS1083,FM099,Sébastian Jacot,塞巴斯蒂安・雅科,worldcat_dissertations,https://search.worldcat.org/search?q=%22S%C3%A9bastian%20Jacot%22%20flute%20dissertation%20OR%20thesis,Search WorldCat for thesis/dissertation holdings.
SS1084,FM099,Sébastian Jacot,塞巴斯蒂安・雅科,library_of_congress,https://catalog.loc.gov/vwebv/search?searchArg=%22S%C3%A9bastian%20Jacot%22%20flute&searchCode=GKEY%5E*&searchType=0,Search Library of Congress catalogue.
SS1085,FM099,Sébastian Jacot,塞巴斯蒂安・雅科,jstor,https://www.jstor.org/action/doBasicSearch?Query=%22S%C3%A9bastian%20Jacot%22%20flute,Search JSTOR for journals and book chapters.
SS1086,FM099,Sébastian Jacot,塞巴斯蒂安・雅科,project_muse,https://muse.jhu.edu/search?action=search&query=%22S%C3%A9bastian%20Jacot%22%20flute,Search Project MUSE for humanities scholarship.
SS1087,FM099,Sébastian Jacot,塞巴斯蒂安・雅科,proquest,https://www.proquest.com/search?query=%22S%C3%A9bastian%20Jacot%22%20flute,Search ProQuest for dissertations and scholarly databases; access may require login.
SS1088,FM099,Sébastian Jacot,塞巴斯蒂安・雅科,rilm,https://www.rilm.org/,Use RILM Abstracts with the query text; RILM usually requires institutional access.
SS1089,FM099,Sébastian Jacot,塞巴斯蒂安・雅科,nfa_site,https://www.google.com/search?q=%22S%C3%A9bastian%20Jacot%22%20flute%20site%3Anfaonline.org,Search National Flute Association pages and publications.
SS1090,FM100,Demarre McGill,德馬爾・麥吉爾,google_scholar,https://scholar.google.com/scholar?q=%22Demarre%20McGill%22%20flute,"Search Google Scholar for papers, citations and books."
SS1091,FM100,Demarre McGill,德馬爾・麥吉爾,crossref,https://search.crossref.org/?q=%22Demarre%20McGill%22%20flute,Search Crossref for DOI-bearing publications.
SS1092,FM100,Demarre McGill,德馬爾・麥吉爾,semantic_scholar,https://www.semanticscholar.org/search?q=%22Demarre%20McGill%22%20flute&sort=relevance,Search Semantic Scholar for papers and citations.
SS1093,FM100,Demarre McGill,德馬爾・麥吉爾,worldcat_books,https://search.worldcat.org/search?q=%22Demarre%20McGill%22%20flute,"Search WorldCat for books, recordings, theses and library holdings."
SS1094,FM100,Demarre McGill,德馬爾・麥吉爾,worldcat_dissertations,https://search.worldcat.org/search?q=%22Demarre%20McGill%22%20flute%20dissertation%20OR%20thesis,Search WorldCat for thesis/dissertation holdings.
SS1095,FM100,Demarre McGill,德馬爾・麥吉爾,library_of_congress,https://catalog.loc.gov/vwebv/search?searchArg=%22Demarre%20McGill%22%20flute&searchCode=GKEY%5E*&searchType=0,Search Library of Congress catalogue.
SS1096,FM100,Demarre McGill,德馬爾・麥吉爾,jstor,https://www.jstor.org/action/doBasicSearch?Query=%22Demarre%20McGill%22%20flute,Search JSTOR for journals and book chapters.
SS1097,FM100,Demarre McGill,德馬爾・麥吉爾,project_muse,https://muse.jhu.edu/search?action=search&query=%22Demarre%20McGill%22%20flute,Search Project MUSE for humanities scholarship.
SS1098,FM100,Demarre McGill,德馬爾・麥吉爾,proquest,https://www.proquest.com/search?query=%22Demarre%20McGill%22%20flute,Search ProQuest for dissertations and scholarly databases; access may require login.
SS1099,FM100,Demarre McGill,德馬爾・麥吉爾,rilm,https://www.rilm.org/,Use RILM Abstracts with the query text; RILM usually requires institutional access.
SS1100,FM100,Demarre McGill,德馬爾・麥吉爾,nfa_site,https://www.google.com/search?q=%22Demarre%20McGill%22%20flute%20site%3Anfaonline.org,Search National Flute Association pages and publications.
